ISO-10303-21;
HEADER;
/* Generated by software containing ST-Developer
 * from STEP Tools, Inc. (www.steptools.com) 
 */

FILE_DESCRIPTION(
/* description */ (''),
/* implementation_level */ '2;1');

FILE_NAME(
/* name */ 'nobs_autopilot_frontpanel.step',
/* time_stamp */ '2026-06-13T18:52:12+02:00',
/* author */ (''),
/* organization */ (''),
/* preprocessor_version */ 'ST-DEVELOPER v20.1',
/* originating_system */ 'Autodesk Translation Framework v15.8.0.0',
/* authorisation */ '');

FILE_SCHEMA (('AUTOMOTIVE_DESIGN { 1 0 10303 214 3 1 1 }'));
ENDSEC;

DATA;
#10=MECHANICAL_DESIGN_GEOMETRIC_PRESENTATION_REPRESENTATION('',(#13),#6198);
#11=SHAPE_REPRESENTATION_RELATIONSHIP('SRR','None',#6205,#12);
#12=ADVANCED_BREP_SHAPE_REPRESENTATION('',(#14),#6197);
#13=STYLED_ITEM('',(#6215),#14);
#14=MANIFOLD_SOLID_BREP('Body1',#3644);
#15=CYLINDRICAL_SURFACE('',#3742,1.7);
#16=CYLINDRICAL_SURFACE('',#3746,1.7);
#17=CYLINDRICAL_SURFACE('',#3750,1.7);
#18=CYLINDRICAL_SURFACE('',#3754,1.7);
#19=CYLINDRICAL_SURFACE('',#3758,1.7);
#20=CYLINDRICAL_SURFACE('',#3762,1.7);
#21=CYLINDRICAL_SURFACE('',#3766,1.7);
#22=CYLINDRICAL_SURFACE('',#3770,1.7);
#23=CYLINDRICAL_SURFACE('',#3774,1.7);
#24=CYLINDRICAL_SURFACE('',#3794,3.75);
#25=CYLINDRICAL_SURFACE('',#3798,3.75);
#26=CYLINDRICAL_SURFACE('',#3802,8.);
#27=CYLINDRICAL_SURFACE('',#3805,8.);
#28=CYLINDRICAL_SURFACE('',#3809,8.);
#29=CYLINDRICAL_SURFACE('',#3812,8.);
#30=CYLINDRICAL_SURFACE('',#3815,8.);
#31=CYLINDRICAL_SURFACE('',#3818,8.);
#32=CYLINDRICAL_SURFACE('',#3821,8.);
#33=CYLINDRICAL_SURFACE('',#3824,8.);
#34=CYLINDRICAL_SURFACE('',#3827,8.);
#35=CYLINDRICAL_SURFACE('',#3830,8.);
#36=CYLINDRICAL_SURFACE('',#3833,8.);
#37=CYLINDRICAL_SURFACE('',#3836,8.);
#38=CYLINDRICAL_SURFACE('',#3839,8.);
#39=CYLINDRICAL_SURFACE('',#3842,8.);
#40=CYLINDRICAL_SURFACE('',#3845,8.);
#41=CYLINDRICAL_SURFACE('',#3848,8.);
#42=CYLINDRICAL_SURFACE('',#3851,8.);
#43=CYLINDRICAL_SURFACE('',#3854,8.);
#44=CYLINDRICAL_SURFACE('',#3858,8.);
#45=CYLINDRICAL_SURFACE('',#3861,8.);
#46=CYLINDRICAL_SURFACE('',#3865,8.);
#47=CYLINDRICAL_SURFACE('',#3868,8.);
#48=CYLINDRICAL_SURFACE('',#3871,8.);
#49=CYLINDRICAL_SURFACE('',#3874,8.);
#50=CYLINDRICAL_SURFACE('',#3877,8.);
#51=CYLINDRICAL_SURFACE('',#3880,8.);
#52=CYLINDRICAL_SURFACE('',#3883,8.);
#53=CYLINDRICAL_SURFACE('',#3886,8.);
#54=CYLINDRICAL_SURFACE('',#3889,8.);
#55=CYLINDRICAL_SURFACE('',#3892,8.);
#56=CYLINDRICAL_SURFACE('',#3895,8.);
#57=CYLINDRICAL_SURFACE('',#3898,8.);
#58=CYLINDRICAL_SURFACE('',#3901,8.);
#59=CYLINDRICAL_SURFACE('',#3904,8.);
#60=CYLINDRICAL_SURFACE('',#3907,8.);
#61=CYLINDRICAL_SURFACE('',#3910,8.);
#62=CYLINDRICAL_SURFACE('',#3938,6.);
#63=CYLINDRICAL_SURFACE('',#3941,6.);
#64=CYLINDRICAL_SURFACE('',#3944,6.);
#65=CYLINDRICAL_SURFACE('',#3947,6.);
#66=CYLINDRICAL_SURFACE('',#3995,0.499999999999998);
#67=CYLINDRICAL_SURFACE('',#3996,0.499999999999998);
#68=CYLINDRICAL_SURFACE('',#3997,0.499999999999999);
#69=CYLINDRICAL_SURFACE('',#3998,0.499999999999997);
#70=CYLINDRICAL_SURFACE('',#4000,0.499999999999998);
#71=CYLINDRICAL_SURFACE('',#4001,0.499999999999998);
#72=CYLINDRICAL_SURFACE('',#4002,0.499999999999999);
#73=CYLINDRICAL_SURFACE('',#4003,0.499999999999998);
#74=CYLINDRICAL_SURFACE('',#4004,3.7);
#75=CYLINDRICAL_SURFACE('',#4005,3.7);
#76=CYLINDRICAL_SURFACE('',#4007,0.499999999999998);
#77=CYLINDRICAL_SURFACE('',#4008,0.499999999999998);
#78=CYLINDRICAL_SURFACE('',#4009,0.499999999999999);
#79=CYLINDRICAL_SURFACE('',#4010,0.499999999999998);
#80=CYLINDRICAL_SURFACE('',#4012,0.499999999999998);
#81=CYLINDRICAL_SURFACE('',#4013,0.499999999999998);
#82=CYLINDRICAL_SURFACE('',#4014,0.499999999999999);
#83=CYLINDRICAL_SURFACE('',#4015,0.499999999999998);
#84=CYLINDRICAL_SURFACE('',#4016,0.499999999999998);
#85=CYLINDRICAL_SURFACE('',#4017,0.499999999999989);
#86=CYLINDRICAL_SURFACE('',#4018,0.499999999999992);
#87=CYLINDRICAL_SURFACE('',#4019,0.499999999999989);
#88=CYLINDRICAL_SURFACE('',#4021,3.7);
#89=CYLINDRICAL_SURFACE('',#4023,0.499999999999998);
#90=CYLINDRICAL_SURFACE('',#4024,0.499999999999996);
#91=CYLINDRICAL_SURFACE('',#4025,0.499999999999999);
#92=CYLINDRICAL_SURFACE('',#4026,0.499999999999998);
#93=CYLINDRICAL_SURFACE('',#4027,3.7);
#94=CYLINDRICAL_SURFACE('',#4029,0.499999999999998);
#95=CYLINDRICAL_SURFACE('',#4030,0.499999999999998);
#96=CYLINDRICAL_SURFACE('',#4031,0.499999999999999);
#97=CYLINDRICAL_SURFACE('',#4032,0.499999999999998);
#98=CYLINDRICAL_SURFACE('',#4033,0.500000000000016);
#99=CYLINDRICAL_SURFACE('',#4035,0.5);
#100=CYLINDRICAL_SURFACE('',#4036,0.499999999999995);
#101=CYLINDRICAL_SURFACE('',#4037,0.499999999999996);
#102=FACE_BOUND('',#425,.T.);
#103=FACE_BOUND('',#426,.T.);
#104=FACE_BOUND('',#427,.T.);
#105=FACE_BOUND('',#428,.T.);
#106=FACE_BOUND('',#429,.T.);
#107=FACE_BOUND('',#430,.T.);
#108=FACE_BOUND('',#431,.T.);
#109=FACE_BOUND('',#432,.T.);
#110=FACE_BOUND('',#433,.T.);
#111=FACE_BOUND('',#434,.T.);
#112=FACE_BOUND('',#435,.T.);
#113=FACE_BOUND('',#436,.T.);
#114=FACE_BOUND('',#437,.T.);
#115=FACE_BOUND('',#438,.T.);
#116=FACE_BOUND('',#439,.T.);
#117=FACE_BOUND('',#440,.T.);
#118=FACE_BOUND('',#441,.T.);
#119=FACE_BOUND('',#442,.T.);
#120=FACE_BOUND('',#443,.T.);
#121=FACE_BOUND('',#444,.T.);
#122=FACE_BOUND('',#445,.T.);
#123=FACE_BOUND('',#480,.T.);
#124=FACE_BOUND('',#513,.T.);
#125=FACE_BOUND('',#518,.T.);
#126=FACE_BOUND('',#551,.T.);
#127=FACE_BOUND('',#592,.T.);
#128=FACE_BOUND('',#593,.T.);
#129=FACE_BOUND('',#594,.T.);
#130=FACE_BOUND('',#595,.T.);
#131=FACE_BOUND('',#596,.T.);
#132=FACE_BOUND('',#597,.T.);
#133=FACE_BOUND('',#598,.T.);
#134=FACE_BOUND('',#599,.T.);
#135=FACE_BOUND('',#600,.T.);
#136=FACE_BOUND('',#601,.T.);
#137=FACE_BOUND('',#602,.T.);
#138=FACE_BOUND('',#603,.T.);
#139=FACE_BOUND('',#604,.T.);
#140=FACE_BOUND('',#605,.T.);
#141=FACE_BOUND('',#606,.T.);
#142=FACE_BOUND('',#607,.T.);
#143=FACE_BOUND('',#608,.T.);
#144=FACE_BOUND('',#609,.T.);
#145=FACE_BOUND('',#610,.T.);
#146=FACE_BOUND('',#611,.T.);
#147=FACE_BOUND('',#612,.T.);
#148=FACE_BOUND('',#613,.T.);
#149=FACE_BOUND('',#614,.T.);
#150=PLANE('',#3661);
#151=PLANE('',#3797);
#152=PLANE('',#3801);
#153=PLANE('',#3804);
#154=PLANE('',#3807);
#155=PLANE('',#3811);
#156=PLANE('',#3814);
#157=PLANE('',#3817);
#158=PLANE('',#3820);
#159=PLANE('',#3823);
#160=PLANE('',#3826);
#161=PLANE('',#3829);
#162=PLANE('',#3832);
#163=PLANE('',#3835);
#164=PLANE('',#3838);
#165=PLANE('',#3841);
#166=PLANE('',#3844);
#167=PLANE('',#3847);
#168=PLANE('',#3850);
#169=PLANE('',#3853);
#170=PLANE('',#3856);
#171=PLANE('',#3860);
#172=PLANE('',#3863);
#173=PLANE('',#3867);
#174=PLANE('',#3870);
#175=PLANE('',#3873);
#176=PLANE('',#3876);
#177=PLANE('',#3879);
#178=PLANE('',#3882);
#179=PLANE('',#3885);
#180=PLANE('',#3888);
#181=PLANE('',#3891);
#182=PLANE('',#3894);
#183=PLANE('',#3897);
#184=PLANE('',#3900);
#185=PLANE('',#3903);
#186=PLANE('',#3906);
#187=PLANE('',#3909);
#188=PLANE('',#3912);
#189=PLANE('',#3914);
#190=PLANE('',#3915);
#191=PLANE('',#3916);
#192=PLANE('',#3917);
#193=PLANE('',#3918);
#194=PLANE('',#3919);
#195=PLANE('',#3920);
#196=PLANE('',#3921);
#197=PLANE('',#3922);
#198=PLANE('',#3923);
#199=PLANE('',#3924);
#200=PLANE('',#3925);
#201=PLANE('',#3926);
#202=PLANE('',#3927);
#203=PLANE('',#3928);
#204=PLANE('',#3929);
#205=PLANE('',#3930);
#206=PLANE('',#3931);
#207=PLANE('',#3932);
#208=PLANE('',#3933);
#209=PLANE('',#3934);
#210=PLANE('',#3935);
#211=PLANE('',#3936);
#212=PLANE('',#3937);
#213=PLANE('',#3940);
#214=PLANE('',#3943);
#215=PLANE('',#3946);
#216=PLANE('',#3949);
#217=PLANE('',#3950);
#218=PLANE('',#3951);
#219=PLANE('',#3952);
#220=PLANE('',#3953);
#221=PLANE('',#3954);
#222=PLANE('',#3955);
#223=PLANE('',#3956);
#224=PLANE('',#3957);
#225=PLANE('',#3994);
#226=PLANE('',#3999);
#227=PLANE('',#4006);
#228=PLANE('',#4011);
#229=PLANE('',#4020);
#230=PLANE('',#4022);
#231=PLANE('',#4028);
#232=PLANE('',#4034);
#233=PLANE('',#4038);
#234=FACE_OUTER_BOUND('',#423,.T.);
#235=FACE_OUTER_BOUND('',#424,.T.);
#236=FACE_OUTER_BOUND('',#446,.T.);
#237=FACE_OUTER_BOUND('',#447,.T.);
#238=FACE_OUTER_BOUND('',#448,.T.);
#239=FACE_OUTER_BOUND('',#449,.T.);
#240=FACE_OUTER_BOUND('',#450,.T.);
#241=FACE_OUTER_BOUND('',#451,.T.);
#242=FACE_OUTER_BOUND('',#452,.T.);
#243=FACE_OUTER_BOUND('',#453,.T.);
#244=FACE_OUTER_BOUND('',#454,.T.);
#245=FACE_OUTER_BOUND('',#455,.T.);
#246=FACE_OUTER_BOUND('',#456,.T.);
#247=FACE_OUTER_BOUND('',#457,.T.);
#248=FACE_OUTER_BOUND('',#458,.T.);
#249=FACE_OUTER_BOUND('',#459,.T.);
#250=FACE_OUTER_BOUND('',#460,.T.);
#251=FACE_OUTER_BOUND('',#461,.T.);
#252=FACE_OUTER_BOUND('',#462,.T.);
#253=FACE_OUTER_BOUND('',#463,.T.);
#254=FACE_OUTER_BOUND('',#464,.T.);
#255=FACE_OUTER_BOUND('',#465,.T.);
#256=FACE_OUTER_BOUND('',#466,.T.);
#257=FACE_OUTER_BOUND('',#467,.T.);
#258=FACE_OUTER_BOUND('',#468,.T.);
#259=FACE_OUTER_BOUND('',#469,.T.);
#260=FACE_OUTER_BOUND('',#470,.T.);
#261=FACE_OUTER_BOUND('',#471,.T.);
#262=FACE_OUTER_BOUND('',#472,.T.);
#263=FACE_OUTER_BOUND('',#473,.T.);
#264=FACE_OUTER_BOUND('',#474,.T.);
#265=FACE_OUTER_BOUND('',#475,.T.);
#266=FACE_OUTER_BOUND('',#476,.T.);
#267=FACE_OUTER_BOUND('',#477,.T.);
#268=FACE_OUTER_BOUND('',#478,.T.);
#269=FACE_OUTER_BOUND('',#479,.T.);
#270=FACE_OUTER_BOUND('',#481,.T.);
#271=FACE_OUTER_BOUND('',#482,.T.);
#272=FACE_OUTER_BOUND('',#483,.T.);
#273=FACE_OUTER_BOUND('',#484,.T.);
#274=FACE_OUTER_BOUND('',#485,.T.);
#275=FACE_OUTER_BOUND('',#486,.T.);
#276=FACE_OUTER_BOUND('',#487,.T.);
#277=FACE_OUTER_BOUND('',#488,.T.);
#278=FACE_OUTER_BOUND('',#489,.T.);
#279=FACE_OUTER_BOUND('',#490,.T.);
#280=FACE_OUTER_BOUND('',#491,.T.);
#281=FACE_OUTER_BOUND('',#492,.T.);
#282=FACE_OUTER_BOUND('',#493,.T.);
#283=FACE_OUTER_BOUND('',#494,.T.);
#284=FACE_OUTER_BOUND('',#495,.T.);
#285=FACE_OUTER_BOUND('',#496,.T.);
#286=FACE_OUTER_BOUND('',#497,.T.);
#287=FACE_OUTER_BOUND('',#498,.T.);
#288=FACE_OUTER_BOUND('',#499,.T.);
#289=FACE_OUTER_BOUND('',#500,.T.);
#290=FACE_OUTER_BOUND('',#501,.T.);
#291=FACE_OUTER_BOUND('',#502,.T.);
#292=FACE_OUTER_BOUND('',#503,.T.);
#293=FACE_OUTER_BOUND('',#504,.T.);
#294=FACE_OUTER_BOUND('',#505,.T.);
#295=FACE_OUTER_BOUND('',#506,.T.);
#296=FACE_OUTER_BOUND('',#507,.T.);
#297=FACE_OUTER_BOUND('',#508,.T.);
#298=FACE_OUTER_BOUND('',#509,.T.);
#299=FACE_OUTER_BOUND('',#510,.T.);
#300=FACE_OUTER_BOUND('',#511,.T.);
#301=FACE_OUTER_BOUND('',#512,.T.);
#302=FACE_OUTER_BOUND('',#514,.T.);
#303=FACE_OUTER_BOUND('',#515,.T.);
#304=FACE_OUTER_BOUND('',#516,.T.);
#305=FACE_OUTER_BOUND('',#517,.T.);
#306=FACE_OUTER_BOUND('',#519,.T.);
#307=FACE_OUTER_BOUND('',#520,.T.);
#308=FACE_OUTER_BOUND('',#521,.T.);
#309=FACE_OUTER_BOUND('',#522,.T.);
#310=FACE_OUTER_BOUND('',#523,.T.);
#311=FACE_OUTER_BOUND('',#524,.T.);
#312=FACE_OUTER_BOUND('',#525,.T.);
#313=FACE_OUTER_BOUND('',#526,.T.);
#314=FACE_OUTER_BOUND('',#527,.T.);
#315=FACE_OUTER_BOUND('',#528,.T.);
#316=FACE_OUTER_BOUND('',#529,.T.);
#317=FACE_OUTER_BOUND('',#530,.T.);
#318=FACE_OUTER_BOUND('',#531,.T.);
#319=FACE_OUTER_BOUND('',#532,.T.);
#320=FACE_OUTER_BOUND('',#533,.T.);
#321=FACE_OUTER_BOUND('',#534,.T.);
#322=FACE_OUTER_BOUND('',#535,.T.);
#323=FACE_OUTER_BOUND('',#536,.T.);
#324=FACE_OUTER_BOUND('',#537,.T.);
#325=FACE_OUTER_BOUND('',#538,.T.);
#326=FACE_OUTER_BOUND('',#539,.T.);
#327=FACE_OUTER_BOUND('',#540,.T.);
#328=FACE_OUTER_BOUND('',#541,.T.);
#329=FACE_OUTER_BOUND('',#542,.T.);
#330=FACE_OUTER_BOUND('',#543,.T.);
#331=FACE_OUTER_BOUND('',#544,.T.);
#332=FACE_OUTER_BOUND('',#545,.T.);
#333=FACE_OUTER_BOUND('',#546,.T.);
#334=FACE_OUTER_BOUND('',#547,.T.);
#335=FACE_OUTER_BOUND('',#548,.T.);
#336=FACE_OUTER_BOUND('',#549,.T.);
#337=FACE_OUTER_BOUND('',#550,.T.);
#338=FACE_OUTER_BOUND('',#552,.T.);
#339=FACE_OUTER_BOUND('',#553,.T.);
#340=FACE_OUTER_BOUND('',#554,.T.);
#341=FACE_OUTER_BOUND('',#555,.T.);
#342=FACE_OUTER_BOUND('',#556,.T.);
#343=FACE_OUTER_BOUND('',#557,.T.);
#344=FACE_OUTER_BOUND('',#558,.T.);
#345=FACE_OUTER_BOUND('',#559,.T.);
#346=FACE_OUTER_BOUND('',#560,.T.);
#347=FACE_OUTER_BOUND('',#561,.T.);
#348=FACE_OUTER_BOUND('',#562,.T.);
#349=FACE_OUTER_BOUND('',#563,.T.);
#350=FACE_OUTER_BOUND('',#564,.T.);
#351=FACE_OUTER_BOUND('',#565,.T.);
#352=FACE_OUTER_BOUND('',#566,.T.);
#353=FACE_OUTER_BOUND('',#567,.T.);
#354=FACE_OUTER_BOUND('',#568,.T.);
#355=FACE_OUTER_BOUND('',#569,.T.);
#356=FACE_OUTER_BOUND('',#570,.T.);
#357=FACE_OUTER_BOUND('',#571,.T.);
#358=FACE_OUTER_BOUND('',#572,.T.);
#359=FACE_OUTER_BOUND('',#573,.T.);
#360=FACE_OUTER_BOUND('',#574,.T.);
#361=FACE_OUTER_BOUND('',#575,.T.);
#362=FACE_OUTER_BOUND('',#576,.T.);
#363=FACE_OUTER_BOUND('',#577,.T.);
#364=FACE_OUTER_BOUND('',#578,.T.);
#365=FACE_OUTER_BOUND('',#579,.T.);
#366=FACE_OUTER_BOUND('',#580,.T.);
#367=FACE_OUTER_BOUND('',#581,.T.);
#368=FACE_OUTER_BOUND('',#582,.T.);
#369=FACE_OUTER_BOUND('',#583,.T.);
#370=FACE_OUTER_BOUND('',#584,.T.);
#371=FACE_OUTER_BOUND('',#585,.T.);
#372=FACE_OUTER_BOUND('',#586,.T.);
#373=FACE_OUTER_BOUND('',#587,.T.);
#374=FACE_OUTER_BOUND('',#588,.T.);
#375=FACE_OUTER_BOUND('',#589,.T.);
#376=FACE_OUTER_BOUND('',#590,.T.);
#377=FACE_OUTER_BOUND('',#591,.T.);
#378=FACE_OUTER_BOUND('',#615,.T.);
#379=FACE_OUTER_BOUND('',#616,.T.);
#380=FACE_OUTER_BOUND('',#617,.T.);
#381=FACE_OUTER_BOUND('',#618,.T.);
#382=FACE_OUTER_BOUND('',#619,.T.);
#383=FACE_OUTER_BOUND('',#620,.T.);
#384=FACE_OUTER_BOUND('',#621,.T.);
#385=FACE_OUTER_BOUND('',#622,.T.);
#386=FACE_OUTER_BOUND('',#623,.T.);
#387=FACE_OUTER_BOUND('',#624,.T.);
#388=FACE_OUTER_BOUND('',#625,.T.);
#389=FACE_OUTER_BOUND('',#626,.T.);
#390=FACE_OUTER_BOUND('',#627,.T.);
#391=FACE_OUTER_BOUND('',#628,.T.);
#392=FACE_OUTER_BOUND('',#629,.T.);
#393=FACE_OUTER_BOUND('',#630,.T.);
#394=FACE_OUTER_BOUND('',#631,.T.);
#395=FACE_OUTER_BOUND('',#632,.T.);
#396=FACE_OUTER_BOUND('',#633,.T.);
#397=FACE_OUTER_BOUND('',#634,.T.);
#398=FACE_OUTER_BOUND('',#635,.T.);
#399=FACE_OUTER_BOUND('',#636,.T.);
#400=FACE_OUTER_BOUND('',#637,.T.);
#401=FACE_OUTER_BOUND('',#638,.T.);
#402=FACE_OUTER_BOUND('',#639,.T.);
#403=FACE_OUTER_BOUND('',#640,.T.);
#404=FACE_OUTER_BOUND('',#641,.T.);
#405=FACE_OUTER_BOUND('',#642,.T.);
#406=FACE_OUTER_BOUND('',#643,.T.);
#407=FACE_OUTER_BOUND('',#644,.T.);
#408=FACE_OUTER_BOUND('',#645,.T.);
#409=FACE_OUTER_BOUND('',#646,.T.);
#410=FACE_OUTER_BOUND('',#647,.T.);
#411=FACE_OUTER_BOUND('',#648,.T.);
#412=FACE_OUTER_BOUND('',#649,.T.);
#413=FACE_OUTER_BOUND('',#650,.T.);
#414=FACE_OUTER_BOUND('',#651,.T.);
#415=FACE_OUTER_BOUND('',#652,.T.);
#416=FACE_OUTER_BOUND('',#653,.T.);
#417=FACE_OUTER_BOUND('',#654,.T.);
#418=FACE_OUTER_BOUND('',#655,.T.);
#419=FACE_OUTER_BOUND('',#656,.T.);
#420=FACE_OUTER_BOUND('',#657,.T.);
#421=FACE_OUTER_BOUND('',#658,.T.);
#422=FACE_OUTER_BOUND('',#659,.T.);
#423=EDGE_LOOP('',(#2387,#2388,#2389,#2390));
#424=EDGE_LOOP('',(#2391,#2392,#2393,#2394,#2395,#2396,#2397,#2398,#2399,
#2400,#2401,#2402,#2403,#2404,#2405,#2406));
#425=EDGE_LOOP('',(#2407));
#426=EDGE_LOOP('',(#2408));
#427=EDGE_LOOP('',(#2409));
#428=EDGE_LOOP('',(#2410));
#429=EDGE_LOOP('',(#2411));
#430=EDGE_LOOP('',(#2412));
#431=EDGE_LOOP('',(#2413));
#432=EDGE_LOOP('',(#2414));
#433=EDGE_LOOP('',(#2415,#2416,#2417,#2418,#2419,#2420,#2421,#2422,#2423,
#2424,#2425,#2426,#2427,#2428,#2429,#2430));
#434=EDGE_LOOP('',(#2431,#2432,#2433,#2434,#2435,#2436,#2437,#2438,#2439,
#2440,#2441,#2442,#2443,#2444,#2445,#2446));
#435=EDGE_LOOP('',(#2447,#2448,#2449,#2450,#2451,#2452,#2453,#2454,#2455,
#2456,#2457,#2458,#2459,#2460,#2461,#2462));
#436=EDGE_LOOP('',(#2463,#2464,#2465,#2466,#2467,#2468,#2469,#2470,#2471,
#2472,#2473,#2474,#2475,#2476,#2477,#2478));
#437=EDGE_LOOP('',(#2479,#2480,#2481,#2482,#2483,#2484,#2485,#2486,#2487,
#2488,#2489,#2490,#2491,#2492,#2493,#2494));
#438=EDGE_LOOP('',(#2495,#2496,#2497,#2498,#2499,#2500,#2501,#2502,#2503,
#2504,#2505,#2506,#2507,#2508,#2509,#2510));
#439=EDGE_LOOP('',(#2511,#2512,#2513,#2514,#2515,#2516,#2517,#2518,#2519,
#2520,#2521,#2522,#2523,#2524,#2525,#2526));
#440=EDGE_LOOP('',(#2527,#2528,#2529,#2530,#2531,#2532,#2533,#2534,#2535,
#2536,#2537,#2538,#2539,#2540,#2541,#2542));
#441=EDGE_LOOP('',(#2543));
#442=EDGE_LOOP('',(#2544));
#443=EDGE_LOOP('',(#2545));
#444=EDGE_LOOP('',(#2546));
#445=EDGE_LOOP('',(#2547));
#446=EDGE_LOOP('',(#2548,#2549,#2550,#2551));
#447=EDGE_LOOP('',(#2552,#2553,#2554,#2555));
#448=EDGE_LOOP('',(#2556,#2557,#2558,#2559));
#449=EDGE_LOOP('',(#2560,#2561,#2562,#2563));
#450=EDGE_LOOP('',(#2564,#2565,#2566,#2567));
#451=EDGE_LOOP('',(#2568,#2569,#2570,#2571));
#452=EDGE_LOOP('',(#2572,#2573,#2574,#2575));
#453=EDGE_LOOP('',(#2576,#2577,#2578,#2579));
#454=EDGE_LOOP('',(#2580,#2581,#2582,#2583));
#455=EDGE_LOOP('',(#2584,#2585,#2586,#2587));
#456=EDGE_LOOP('',(#2588,#2589,#2590,#2591));
#457=EDGE_LOOP('',(#2592,#2593,#2594,#2595));
#458=EDGE_LOOP('',(#2596,#2597,#2598,#2599));
#459=EDGE_LOOP('',(#2600,#2601,#2602,#2603));
#460=EDGE_LOOP('',(#2604,#2605,#2606,#2607));
#461=EDGE_LOOP('',(#2608,#2609,#2610,#2611));
#462=EDGE_LOOP('',(#2612,#2613,#2614,#2615));
#463=EDGE_LOOP('',(#2616,#2617,#2618,#2619));
#464=EDGE_LOOP('',(#2620,#2621,#2622,#2623));
#465=EDGE_LOOP('',(#2624,#2625,#2626,#2627));
#466=EDGE_LOOP('',(#2628,#2629,#2630,#2631));
#467=EDGE_LOOP('',(#2632,#2633,#2634,#2635));
#468=EDGE_LOOP('',(#2636,#2637,#2638,#2639));
#469=EDGE_LOOP('',(#2640,#2641,#2642,#2643));
#470=EDGE_LOOP('',(#2644,#2645,#2646,#2647));
#471=EDGE_LOOP('',(#2648,#2649,#2650,#2651));
#472=EDGE_LOOP('',(#2652,#2653,#2654,#2655));
#473=EDGE_LOOP('',(#2656));
#474=EDGE_LOOP('',(#2657,#2658,#2659,#2660));
#475=EDGE_LOOP('',(#2661));
#476=EDGE_LOOP('',(#2662,#2663,#2664,#2665));
#477=EDGE_LOOP('',(#2666,#2667));
#478=EDGE_LOOP('',(#2668,#2669,#2670,#2671));
#479=EDGE_LOOP('',(#2672));
#480=EDGE_LOOP('',(#2673));
#481=EDGE_LOOP('',(#2674,#2675,#2676,#2677));
#482=EDGE_LOOP('',(#2678,#2679));
#483=EDGE_LOOP('',(#2680,#2681,#2682,#2683));
#484=EDGE_LOOP('',(#2684,#2685));
#485=EDGE_LOOP('',(#2686,#2687,#2688,#2689));
#486=EDGE_LOOP('',(#2690,#2691));
#487=EDGE_LOOP('',(#2692,#2693,#2694,#2695));
#488=EDGE_LOOP('',(#2696,#2697));
#489=EDGE_LOOP('',(#2698,#2699,#2700,#2701));
#490=EDGE_LOOP('',(#2702,#2703));
#491=EDGE_LOOP('',(#2704,#2705,#2706,#2707));
#492=EDGE_LOOP('',(#2708,#2709));
#493=EDGE_LOOP('',(#2710,#2711,#2712,#2713));
#494=EDGE_LOOP('',(#2714,#2715));
#495=EDGE_LOOP('',(#2716,#2717,#2718,#2719));
#496=EDGE_LOOP('',(#2720,#2721));
#497=EDGE_LOOP('',(#2722,#2723,#2724,#2725));
#498=EDGE_LOOP('',(#2726,#2727));
#499=EDGE_LOOP('',(#2728,#2729,#2730,#2731));
#500=EDGE_LOOP('',(#2732,#2733));
#501=EDGE_LOOP('',(#2734,#2735,#2736,#2737));
#502=EDGE_LOOP('',(#2738,#2739));
#503=EDGE_LOOP('',(#2740,#2741,#2742,#2743));
#504=EDGE_LOOP('',(#2744,#2745));
#505=EDGE_LOOP('',(#2746,#2747,#2748,#2749));
#506=EDGE_LOOP('',(#2750,#2751));
#507=EDGE_LOOP('',(#2752,#2753,#2754,#2755));
#508=EDGE_LOOP('',(#2756,#2757));
#509=EDGE_LOOP('',(#2758,#2759,#2760,#2761));
#510=EDGE_LOOP('',(#2762,#2763));
#511=EDGE_LOOP('',(#2764,#2765,#2766,#2767));
#512=EDGE_LOOP('',(#2768));
#513=EDGE_LOOP('',(#2769));
#514=EDGE_LOOP('',(#2770,#2771,#2772,#2773));
#515=EDGE_LOOP('',(#2774,#2775));
#516=EDGE_LOOP('',(#2776,#2777,#2778,#2779));
#517=EDGE_LOOP('',(#2780));
#518=EDGE_LOOP('',(#2781));
#519=EDGE_LOOP('',(#2782,#2783,#2784,#2785));
#520=EDGE_LOOP('',(#2786,#2787));
#521=EDGE_LOOP('',(#2788,#2789,#2790,#2791));
#522=EDGE_LOOP('',(#2792,#2793));
#523=EDGE_LOOP('',(#2794,#2795,#2796,#2797));
#524=EDGE_LOOP('',(#2798,#2799));
#525=EDGE_LOOP('',(#2800,#2801,#2802,#2803));
#526=EDGE_LOOP('',(#2804,#2805));
#527=EDGE_LOOP('',(#2806,#2807,#2808,#2809));
#528=EDGE_LOOP('',(#2810,#2811));
#529=EDGE_LOOP('',(#2812,#2813,#2814,#2815));
#530=EDGE_LOOP('',(#2816,#2817));
#531=EDGE_LOOP('',(#2818,#2819,#2820,#2821));
#532=EDGE_LOOP('',(#2822,#2823));
#533=EDGE_LOOP('',(#2824,#2825,#2826,#2827));
#534=EDGE_LOOP('',(#2828,#2829));
#535=EDGE_LOOP('',(#2830,#2831,#2832,#2833));
#536=EDGE_LOOP('',(#2834,#2835));
#537=EDGE_LOOP('',(#2836,#2837,#2838,#2839));
#538=EDGE_LOOP('',(#2840,#2841));
#539=EDGE_LOOP('',(#2842,#2843,#2844,#2845));
#540=EDGE_LOOP('',(#2846,#2847));
#541=EDGE_LOOP('',(#2848,#2849,#2850,#2851));
#542=EDGE_LOOP('',(#2852,#2853));
#543=EDGE_LOOP('',(#2854,#2855,#2856,#2857));
#544=EDGE_LOOP('',(#2858,#2859));
#545=EDGE_LOOP('',(#2860,#2861,#2862,#2863));
#546=EDGE_LOOP('',(#2864,#2865));
#547=EDGE_LOOP('',(#2866,#2867,#2868,#2869));
#548=EDGE_LOOP('',(#2870,#2871));
#549=EDGE_LOOP('',(#2872,#2873,#2874,#2875));
#550=EDGE_LOOP('',(#2876));
#551=EDGE_LOOP('',(#2877));
#552=EDGE_LOOP('',(#2878,#2879,#2880,#2881,#2882,#2883,#2884,#2885));
#553=EDGE_LOOP('',(#2886,#2887,#2888,#2889,#2890,#2891,#2892,#2893));
#554=EDGE_LOOP('',(#2894,#2895,#2896,#2897,#2898,#2899,#2900,#2901));
#555=EDGE_LOOP('',(#2902,#2903,#2904,#2905,#2906,#2907,#2908,#2909));
#556=EDGE_LOOP('',(#2910,#2911,#2912,#2913,#2914,#2915,#2916,#2917));
#557=EDGE_LOOP('',(#2918,#2919,#2920,#2921,#2922,#2923,#2924,#2925));
#558=EDGE_LOOP('',(#2926,#2927,#2928,#2929,#2930,#2931,#2932,#2933));
#559=EDGE_LOOP('',(#2934,#2935,#2936,#2937,#2938,#2939,#2940,#2941));
#560=EDGE_LOOP('',(#2942,#2943,#2944,#2945,#2946,#2947,#2948,#2949));
#561=EDGE_LOOP('',(#2950,#2951,#2952,#2953,#2954,#2955,#2956,#2957));
#562=EDGE_LOOP('',(#2958,#2959,#2960,#2961,#2962,#2963,#2964,#2965));
#563=EDGE_LOOP('',(#2966,#2967,#2968,#2969,#2970,#2971,#2972,#2973));
#564=EDGE_LOOP('',(#2974,#2975,#2976,#2977,#2978,#2979,#2980,#2981));
#565=EDGE_LOOP('',(#2982,#2983,#2984,#2985,#2986,#2987,#2988,#2989));
#566=EDGE_LOOP('',(#2990,#2991,#2992,#2993,#2994,#2995,#2996,#2997));
#567=EDGE_LOOP('',(#2998,#2999,#3000,#3001,#3002,#3003,#3004,#3005));
#568=EDGE_LOOP('',(#3006,#3007,#3008,#3009,#3010,#3011,#3012,#3013));
#569=EDGE_LOOP('',(#3014,#3015,#3016,#3017,#3018,#3019,#3020,#3021));
#570=EDGE_LOOP('',(#3022,#3023,#3024,#3025,#3026,#3027,#3028,#3029));
#571=EDGE_LOOP('',(#3030,#3031,#3032,#3033,#3034,#3035,#3036,#3037));
#572=EDGE_LOOP('',(#3038,#3039,#3040,#3041,#3042,#3043,#3044,#3045));
#573=EDGE_LOOP('',(#3046,#3047,#3048,#3049,#3050,#3051,#3052,#3053));
#574=EDGE_LOOP('',(#3054,#3055,#3056,#3057,#3058,#3059,#3060,#3061));
#575=EDGE_LOOP('',(#3062,#3063,#3064,#3065,#3066,#3067,#3068,#3069));
#576=EDGE_LOOP('',(#3070,#3071,#3072,#3073));
#577=EDGE_LOOP('',(#3074,#3075,#3076,#3077));
#578=EDGE_LOOP('',(#3078,#3079,#3080,#3081));
#579=EDGE_LOOP('',(#3082,#3083,#3084,#3085));
#580=EDGE_LOOP('',(#3086,#3087,#3088,#3089));
#581=EDGE_LOOP('',(#3090,#3091,#3092,#3093));
#582=EDGE_LOOP('',(#3094,#3095,#3096,#3097));
#583=EDGE_LOOP('',(#3098,#3099,#3100,#3101));
#584=EDGE_LOOP('',(#3102,#3103,#3104,#3105));
#585=EDGE_LOOP('',(#3106,#3107,#3108,#3109));
#586=EDGE_LOOP('',(#3110,#3111,#3112,#3113));
#587=EDGE_LOOP('',(#3114,#3115,#3116,#3117));
#588=EDGE_LOOP('',(#3118,#3119,#3120,#3121));
#589=EDGE_LOOP('',(#3122,#3123,#3124,#3125));
#590=EDGE_LOOP('',(#3126,#3127,#3128,#3129));
#591=EDGE_LOOP('',(#3130,#3131,#3132,#3133,#3134,#3135,#3136,#3137,#3138,
#3139,#3140,#3141,#3142,#3143,#3144,#3145));
#592=EDGE_LOOP('',(#3146));
#593=EDGE_LOOP('',(#3147));
#594=EDGE_LOOP('',(#3148,#3149,#3150,#3151,#3152,#3153,#3154,#3155));
#595=EDGE_LOOP('',(#3156,#3157,#3158,#3159,#3160,#3161,#3162,#3163));
#596=EDGE_LOOP('',(#3164));
#597=EDGE_LOOP('',(#3165));
#598=EDGE_LOOP('',(#3166,#3167,#3168,#3169,#3170,#3171,#3172,#3173));
#599=EDGE_LOOP('',(#3174,#3175,#3176,#3177,#3178,#3179,#3180,#3181));
#600=EDGE_LOOP('',(#3182,#3183,#3184,#3185,#3186,#3187,#3188,#3189));
#601=EDGE_LOOP('',(#3190));
#602=EDGE_LOOP('',(#3191,#3192,#3193,#3194,#3195,#3196,#3197,#3198));
#603=EDGE_LOOP('',(#3199));
#604=EDGE_LOOP('',(#3200,#3201,#3202,#3203,#3204,#3205,#3206,#3207));
#605=EDGE_LOOP('',(#3208,#3209,#3210,#3211,#3212,#3213,#3214,#3215));
#606=EDGE_LOOP('',(#3216));
#607=EDGE_LOOP('',(#3217));
#608=EDGE_LOOP('',(#3218));
#609=EDGE_LOOP('',(#3219));
#610=EDGE_LOOP('',(#3220));
#611=EDGE_LOOP('',(#3221));
#612=EDGE_LOOP('',(#3222));
#613=EDGE_LOOP('',(#3223));
#614=EDGE_LOOP('',(#3224));
#615=EDGE_LOOP('',(#3225,#3226,#3227,#3228,#3229,#3230,#3231,#3232));
#616=EDGE_LOOP('',(#3233,#3234,#3235,#3236));
#617=EDGE_LOOP('',(#3237,#3238,#3239,#3240));
#618=EDGE_LOOP('',(#3241,#3242,#3243,#3244));
#619=EDGE_LOOP('',(#3245,#3246,#3247,#3248));
#620=EDGE_LOOP('',(#3249,#3250,#3251,#3252,#3253,#3254,#3255,#3256));
#621=EDGE_LOOP('',(#3257,#3258,#3259,#3260));
#622=EDGE_LOOP('',(#3261,#3262,#3263,#3264));
#623=EDGE_LOOP('',(#3265,#3266,#3267,#3268));
#624=EDGE_LOOP('',(#3269,#3270,#3271,#3272));
#625=EDGE_LOOP('',(#3273,#3274,#3275,#3276));
#626=EDGE_LOOP('',(#3277,#3278,#3279,#3280));
#627=EDGE_LOOP('',(#3281,#3282,#3283,#3284,#3285,#3286,#3287,#3288));
#628=EDGE_LOOP('',(#3289,#3290,#3291,#3292));
#629=EDGE_LOOP('',(#3293,#3294,#3295,#3296));
#630=EDGE_LOOP('',(#3297,#3298,#3299,#3300));
#631=EDGE_LOOP('',(#3301,#3302,#3303,#3304));
#632=EDGE_LOOP('',(#3305,#3306,#3307,#3308,#3309,#3310,#3311,#3312));
#633=EDGE_LOOP('',(#3313,#3314,#3315,#3316));
#634=EDGE_LOOP('',(#3317,#3318,#3319,#3320));
#635=EDGE_LOOP('',(#3321,#3322,#3323,#3324));
#636=EDGE_LOOP('',(#3325,#3326,#3327,#3328));
#637=EDGE_LOOP('',(#3329,#3330,#3331,#3332));
#638=EDGE_LOOP('',(#3333,#3334,#3335,#3336));
#639=EDGE_LOOP('',(#3337,#3338,#3339,#3340));
#640=EDGE_LOOP('',(#3341,#3342,#3343,#3344));
#641=EDGE_LOOP('',(#3345,#3346,#3347,#3348,#3349,#3350,#3351,#3352));
#642=EDGE_LOOP('',(#3353,#3354,#3355,#3356));
#643=EDGE_LOOP('',(#3357,#3358,#3359,#3360,#3361,#3362,#3363,#3364));
#644=EDGE_LOOP('',(#3365,#3366,#3367,#3368));
#645=EDGE_LOOP('',(#3369,#3370,#3371,#3372));
#646=EDGE_LOOP('',(#3373,#3374,#3375,#3376));
#647=EDGE_LOOP('',(#3377,#3378,#3379,#3380));
#648=EDGE_LOOP('',(#3381,#3382,#3383,#3384));
#649=EDGE_LOOP('',(#3385,#3386,#3387,#3388,#3389,#3390,#3391,#3392));
#650=EDGE_LOOP('',(#3393,#3394,#3395,#3396));
#651=EDGE_LOOP('',(#3397,#3398,#3399,#3400));
#652=EDGE_LOOP('',(#3401,#3402,#3403,#3404));
#653=EDGE_LOOP('',(#3405,#3406,#3407,#3408));
#654=EDGE_LOOP('',(#3409,#3410,#3411,#3412));
#655=EDGE_LOOP('',(#3413,#3414,#3415,#3416,#3417,#3418,#3419,#3420));
#656=EDGE_LOOP('',(#3421,#3422,#3423,#3424));
#657=EDGE_LOOP('',(#3425,#3426,#3427,#3428));
#658=EDGE_LOOP('',(#3429,#3430,#3431,#3432));
#659=EDGE_LOOP('',(#3433,#3434,#3435,#3436));
#660=LINE('',#5141,#993);
#661=LINE('',#5146,#994);
#662=LINE('',#5150,#995);
#663=LINE('',#5152,#996);
#664=LINE('',#5154,#997);
#665=LINE('',#5158,#998);
#666=LINE('',#5160,#999);
#667=LINE('',#5162,#1000);
#668=LINE('',#5166,#1001);
#669=LINE('',#5168,#1002);
#670=LINE('',#5170,#1003);
#671=LINE('',#5174,#1004);
#672=LINE('',#5175,#1005);
#673=LINE('',#5196,#1006);
#674=LINE('',#5200,#1007);
#675=LINE('',#5204,#1008);
#676=LINE('',#5208,#1009);
#677=LINE('',#5212,#1010);
#678=LINE('',#5216,#1011);
#679=LINE('',#5220,#1012);
#680=LINE('',#5223,#1013);
#681=LINE('',#5228,#1014);
#682=LINE('',#5232,#1015);
#683=LINE('',#5236,#1016);
#684=LINE('',#5240,#1017);
#685=LINE('',#5244,#1018);
#686=LINE('',#5248,#1019);
#687=LINE('',#5252,#1020);
#688=LINE('',#5255,#1021);
#689=LINE('',#5260,#1022);
#690=LINE('',#5264,#1023);
#691=LINE('',#5268,#1024);
#692=LINE('',#5272,#1025);
#693=LINE('',#5276,#1026);
#694=LINE('',#5280,#1027);
#695=LINE('',#5284,#1028);
#696=LINE('',#5287,#1029);
#697=LINE('',#5292,#1030);
#698=LINE('',#5296,#1031);
#699=LINE('',#5300,#1032);
#700=LINE('',#5304,#1033);
#701=LINE('',#5308,#1034);
#702=LINE('',#5312,#1035);
#703=LINE('',#5316,#1036);
#704=LINE('',#5319,#1037);
#705=LINE('',#5324,#1038);
#706=LINE('',#5328,#1039);
#707=LINE('',#5332,#1040);
#708=LINE('',#5336,#1041);
#709=LINE('',#5340,#1042);
#710=LINE('',#5344,#1043);
#711=LINE('',#5348,#1044);
#712=LINE('',#5351,#1045);
#713=LINE('',#5356,#1046);
#714=LINE('',#5360,#1047);
#715=LINE('',#5364,#1048);
#716=LINE('',#5368,#1049);
#717=LINE('',#5372,#1050);
#718=LINE('',#5376,#1051);
#719=LINE('',#5380,#1052);
#720=LINE('',#5383,#1053);
#721=LINE('',#5388,#1054);
#722=LINE('',#5392,#1055);
#723=LINE('',#5396,#1056);
#724=LINE('',#5400,#1057);
#725=LINE('',#5404,#1058);
#726=LINE('',#5408,#1059);
#727=LINE('',#5412,#1060);
#728=LINE('',#5415,#1061);
#729=LINE('',#5420,#1062);
#730=LINE('',#5424,#1063);
#731=LINE('',#5428,#1064);
#732=LINE('',#5432,#1065);
#733=LINE('',#5436,#1066);
#734=LINE('',#5440,#1067);
#735=LINE('',#5444,#1068);
#736=LINE('',#5447,#1069);
#737=LINE('',#5459,#1070);
#738=LINE('',#5462,#1071);
#739=LINE('',#5467,#1072);
#740=LINE('',#5470,#1073);
#741=LINE('',#5475,#1074);
#742=LINE('',#5478,#1075);
#743=LINE('',#5483,#1076);
#744=LINE('',#5486,#1077);
#745=LINE('',#5491,#1078);
#746=LINE('',#5494,#1079);
#747=LINE('',#5499,#1080);
#748=LINE('',#5502,#1081);
#749=LINE('',#5507,#1082);
#750=LINE('',#5510,#1083);
#751=LINE('',#5515,#1084);
#752=LINE('',#5518,#1085);
#753=LINE('',#5523,#1086);
#754=LINE('',#5527,#1087);
#755=LINE('',#5531,#1088);
#756=LINE('',#5535,#1089);
#757=LINE('',#5539,#1090);
#758=LINE('',#5543,#1091);
#759=LINE('',#5547,#1092);
#760=LINE('',#5551,#1093);
#761=LINE('',#5555,#1094);
#762=LINE('',#5559,#1095);
#763=LINE('',#5564,#1096);
#764=LINE('',#5571,#1097);
#765=LINE('',#5576,#1098);
#766=LINE('',#5579,#1099);
#767=LINE('',#5581,#1100);
#768=LINE('',#5584,#1101);
#769=LINE('',#5591,#1102);
#770=LINE('',#5594,#1103);
#771=LINE('',#5596,#1104);
#772=LINE('',#5599,#1105);
#773=LINE('',#5602,#1106);
#774=LINE('',#5604,#1107);
#775=LINE('',#5607,#1108);
#776=LINE('',#5610,#1109);
#777=LINE('',#5612,#1110);
#778=LINE('',#5615,#1111);
#779=LINE('',#5618,#1112);
#780=LINE('',#5620,#1113);
#781=LINE('',#5623,#1114);
#782=LINE('',#5626,#1115);
#783=LINE('',#5628,#1116);
#784=LINE('',#5631,#1117);
#785=LINE('',#5634,#1118);
#786=LINE('',#5636,#1119);
#787=LINE('',#5639,#1120);
#788=LINE('',#5642,#1121);
#789=LINE('',#5644,#1122);
#790=LINE('',#5647,#1123);
#791=LINE('',#5650,#1124);
#792=LINE('',#5652,#1125);
#793=LINE('',#5655,#1126);
#794=LINE('',#5658,#1127);
#795=LINE('',#5660,#1128);
#796=LINE('',#5663,#1129);
#797=LINE('',#5666,#1130);
#798=LINE('',#5668,#1131);
#799=LINE('',#5671,#1132);
#800=LINE('',#5674,#1133);
#801=LINE('',#5676,#1134);
#802=LINE('',#5679,#1135);
#803=LINE('',#5682,#1136);
#804=LINE('',#5684,#1137);
#805=LINE('',#5687,#1138);
#806=LINE('',#5690,#1139);
#807=LINE('',#5692,#1140);
#808=LINE('',#5695,#1141);
#809=LINE('',#5698,#1142);
#810=LINE('',#5700,#1143);
#811=LINE('',#5703,#1144);
#812=LINE('',#5706,#1145);
#813=LINE('',#5708,#1146);
#814=LINE('',#5711,#1147);
#815=LINE('',#5718,#1148);
#816=LINE('',#5721,#1149);
#817=LINE('',#5723,#1150);
#818=LINE('',#5726,#1151);
#819=LINE('',#5733,#1152);
#820=LINE('',#5736,#1153);
#821=LINE('',#5738,#1154);
#822=LINE('',#5741,#1155);
#823=LINE('',#5744,#1156);
#824=LINE('',#5746,#1157);
#825=LINE('',#5749,#1158);
#826=LINE('',#5752,#1159);
#827=LINE('',#5754,#1160);
#828=LINE('',#5757,#1161);
#829=LINE('',#5760,#1162);
#830=LINE('',#5762,#1163);
#831=LINE('',#5765,#1164);
#832=LINE('',#5768,#1165);
#833=LINE('',#5770,#1166);
#834=LINE('',#5773,#1167);
#835=LINE('',#5776,#1168);
#836=LINE('',#5778,#1169);
#837=LINE('',#5781,#1170);
#838=LINE('',#5784,#1171);
#839=LINE('',#5786,#1172);
#840=LINE('',#5789,#1173);
#841=LINE('',#5792,#1174);
#842=LINE('',#5794,#1175);
#843=LINE('',#5797,#1176);
#844=LINE('',#5800,#1177);
#845=LINE('',#5802,#1178);
#846=LINE('',#5805,#1179);
#847=LINE('',#5808,#1180);
#848=LINE('',#5810,#1181);
#849=LINE('',#5813,#1182);
#850=LINE('',#5816,#1183);
#851=LINE('',#5818,#1184);
#852=LINE('',#5821,#1185);
#853=LINE('',#5824,#1186);
#854=LINE('',#5826,#1187);
#855=LINE('',#5829,#1188);
#856=LINE('',#5832,#1189);
#857=LINE('',#5834,#1190);
#858=LINE('',#5837,#1191);
#859=LINE('',#5840,#1192);
#860=LINE('',#5842,#1193);
#861=LINE('',#5845,#1194);
#862=LINE('',#5848,#1195);
#863=LINE('',#5850,#1196);
#864=LINE('',#5853,#1197);
#865=LINE('',#5860,#1198);
#866=LINE('',#5862,#1199);
#867=LINE('',#5863,#1200);
#868=LINE('',#5866,#1201);
#869=LINE('',#5868,#1202);
#870=LINE('',#5869,#1203);
#871=LINE('',#5872,#1204);
#872=LINE('',#5874,#1205);
#873=LINE('',#5875,#1206);
#874=LINE('',#5878,#1207);
#875=LINE('',#5880,#1208);
#876=LINE('',#5881,#1209);
#877=LINE('',#5884,#1210);
#878=LINE('',#5886,#1211);
#879=LINE('',#5887,#1212);
#880=LINE('',#5890,#1213);
#881=LINE('',#5892,#1214);
#882=LINE('',#5893,#1215);
#883=LINE('',#5896,#1216);
#884=LINE('',#5898,#1217);
#885=LINE('',#5899,#1218);
#886=LINE('',#5902,#1219);
#887=LINE('',#5904,#1220);
#888=LINE('',#5905,#1221);
#889=LINE('',#5908,#1222);
#890=LINE('',#5910,#1223);
#891=LINE('',#5911,#1224);
#892=LINE('',#5914,#1225);
#893=LINE('',#5916,#1226);
#894=LINE('',#5917,#1227);
#895=LINE('',#5920,#1228);
#896=LINE('',#5922,#1229);
#897=LINE('',#5923,#1230);
#898=LINE('',#5926,#1231);
#899=LINE('',#5928,#1232);
#900=LINE('',#5929,#1233);
#901=LINE('',#5932,#1234);
#902=LINE('',#5934,#1235);
#903=LINE('',#5935,#1236);
#904=LINE('',#5938,#1237);
#905=LINE('',#5940,#1238);
#906=LINE('',#5941,#1239);
#907=LINE('',#5944,#1240);
#908=LINE('',#5946,#1241);
#909=LINE('',#5947,#1242);
#910=LINE('',#5950,#1243);
#911=LINE('',#5952,#1244);
#912=LINE('',#5953,#1245);
#913=LINE('',#5956,#1246);
#914=LINE('',#5958,#1247);
#915=LINE('',#5959,#1248);
#916=LINE('',#5962,#1249);
#917=LINE('',#5964,#1250);
#918=LINE('',#5965,#1251);
#919=LINE('',#5968,#1252);
#920=LINE('',#5970,#1253);
#921=LINE('',#5971,#1254);
#922=LINE('',#5974,#1255);
#923=LINE('',#5976,#1256);
#924=LINE('',#5977,#1257);
#925=LINE('',#5980,#1258);
#926=LINE('',#5982,#1259);
#927=LINE('',#5983,#1260);
#928=LINE('',#5986,#1261);
#929=LINE('',#5988,#1262);
#930=LINE('',#5989,#1263);
#931=LINE('',#5992,#1264);
#932=LINE('',#5994,#1265);
#933=LINE('',#5995,#1266);
#934=LINE('',#5998,#1267);
#935=LINE('',#6000,#1268);
#936=LINE('',#6001,#1269);
#937=LINE('',#6006,#1270);
#938=LINE('',#6007,#1271);
#939=LINE('',#6010,#1272);
#940=LINE('',#6011,#1273);
#941=LINE('',#6016,#1274);
#942=LINE('',#6017,#1275);
#943=LINE('',#6020,#1276);
#944=LINE('',#6021,#1277);
#945=LINE('',#6026,#1278);
#946=LINE('',#6027,#1279);
#947=LINE('',#6030,#1280);
#948=LINE('',#6031,#1281);
#949=LINE('',#6036,#1282);
#950=LINE('',#6037,#1283);
#951=LINE('',#6040,#1284);
#952=LINE('',#6041,#1285);
#953=LINE('',#6044,#1286);
#954=LINE('',#6045,#1287);
#955=LINE('',#6048,#1288);
#956=LINE('',#6049,#1289);
#957=LINE('',#6052,#1290);
#958=LINE('',#6053,#1291);
#959=LINE('',#6056,#1292);
#960=LINE('',#6057,#1293);
#961=LINE('',#6059,#1294);
#962=LINE('',#6061,#1295);
#963=LINE('',#6063,#1296);
#964=LINE('',#6065,#1297);
#965=LINE('',#6069,#1298);
#966=LINE('',#6076,#1299);
#967=LINE('',#6087,#1300);
#968=LINE('',#6094,#1301);
#969=LINE('',#6100,#1302);
#970=LINE('',#6110,#1303);
#971=LINE('',#6119,#1304);
#972=LINE('',#6127,#1305);
#973=LINE('',#6131,#1306);
#974=LINE('',#6132,#1307);
#975=LINE('',#6138,#1308);
#976=LINE('',#6139,#1309);
#977=LINE('',#6145,#1310);
#978=LINE('',#6147,#1311);
#979=LINE('',#6149,#1312);
#980=LINE('',#6150,#1313);
#981=LINE('',#6156,#1314);
#982=LINE('',#6157,#1315);
#983=LINE('',#6163,#1316);
#984=LINE('',#6167,#1317);
#985=LINE('',#6170,#1318);
#986=LINE('',#6172,#1319);
#987=LINE('',#6173,#1320);
#988=LINE('',#6179,#1321);
#989=LINE('',#6181,#1322);
#990=LINE('',#6182,#1323);
#991=LINE('',#6188,#1324);
#992=LINE('',#6190,#1325);
#993=VECTOR('',#4045,2.05);
#994=VECTOR('',#4050,10.);
#995=VECTOR('',#4053,10.);
#996=VECTOR('',#4054,10.);
#997=VECTOR('',#4055,10.);
#998=VECTOR('',#4058,10.);
#999=VECTOR('',#4059,10.);
#1000=VECTOR('',#4060,10.);
#1001=VECTOR('',#4063,10.);
#1002=VECTOR('',#4064,10.);
#1003=VECTOR('',#4065,10.);
#1004=VECTOR('',#4068,10.);
#1005=VECTOR('',#4069,10.);
#1006=VECTOR('',#4088,10.);
#1007=VECTOR('',#4091,10.);
#1008=VECTOR('',#4094,10.);
#1009=VECTOR('',#4097,10.);
#1010=VECTOR('',#4100,10.);
#1011=VECTOR('',#4103,10.);
#1012=VECTOR('',#4106,10.);
#1013=VECTOR('',#4109,10.);
#1014=VECTOR('',#4112,10.);
#1015=VECTOR('',#4115,10.);
#1016=VECTOR('',#4118,10.);
#1017=VECTOR('',#4121,10.);
#1018=VECTOR('',#4124,10.);
#1019=VECTOR('',#4127,10.);
#1020=VECTOR('',#4130,10.);
#1021=VECTOR('',#4133,10.);
#1022=VECTOR('',#4136,10.);
#1023=VECTOR('',#4139,10.);
#1024=VECTOR('',#4142,10.);
#1025=VECTOR('',#4145,10.);
#1026=VECTOR('',#4148,10.);
#1027=VECTOR('',#4151,10.);
#1028=VECTOR('',#4154,10.);
#1029=VECTOR('',#4157,10.);
#1030=VECTOR('',#4160,10.);
#1031=VECTOR('',#4163,10.);
#1032=VECTOR('',#4166,10.);
#1033=VECTOR('',#4169,10.);
#1034=VECTOR('',#4172,10.);
#1035=VECTOR('',#4175,10.);
#1036=VECTOR('',#4178,10.);
#1037=VECTOR('',#4181,10.);
#1038=VECTOR('',#4184,10.);
#1039=VECTOR('',#4187,10.);
#1040=VECTOR('',#4190,10.);
#1041=VECTOR('',#4193,10.);
#1042=VECTOR('',#4196,10.);
#1043=VECTOR('',#4199,10.);
#1044=VECTOR('',#4202,10.);
#1045=VECTOR('',#4205,10.);
#1046=VECTOR('',#4208,10.);
#1047=VECTOR('',#4211,10.);
#1048=VECTOR('',#4214,10.);
#1049=VECTOR('',#4217,10.);
#1050=VECTOR('',#4220,10.);
#1051=VECTOR('',#4223,10.);
#1052=VECTOR('',#4226,10.);
#1053=VECTOR('',#4229,10.);
#1054=VECTOR('',#4232,10.);
#1055=VECTOR('',#4235,10.);
#1056=VECTOR('',#4238,10.);
#1057=VECTOR('',#4241,10.);
#1058=VECTOR('',#4244,10.);
#1059=VECTOR('',#4247,10.);
#1060=VECTOR('',#4250,10.);
#1061=VECTOR('',#4253,10.);
#1062=VECTOR('',#4256,10.);
#1063=VECTOR('',#4259,10.);
#1064=VECTOR('',#4262,10.);
#1065=VECTOR('',#4265,10.);
#1066=VECTOR('',#4268,10.);
#1067=VECTOR('',#4271,10.);
#1068=VECTOR('',#4274,10.);
#1069=VECTOR('',#4277,10.);
#1070=VECTOR('',#4290,1.7);
#1071=VECTOR('',#4293,2.05);
#1072=VECTOR('',#4300,1.7);
#1073=VECTOR('',#4303,2.05);
#1074=VECTOR('',#4310,1.7);
#1075=VECTOR('',#4313,2.05);
#1076=VECTOR('',#4320,1.7);
#1077=VECTOR('',#4323,2.05);
#1078=VECTOR('',#4330,1.7);
#1079=VECTOR('',#4333,2.05);
#1080=VECTOR('',#4340,1.7);
#1081=VECTOR('',#4343,2.05);
#1082=VECTOR('',#4350,1.7);
#1083=VECTOR('',#4353,2.05);
#1084=VECTOR('',#4360,1.7);
#1085=VECTOR('',#4363,2.05);
#1086=VECTOR('',#4370,1.7);
#1087=VECTOR('',#4375,2.425);
#1088=VECTOR('',#4380,2.425);
#1089=VECTOR('',#4385,2.425);
#1090=VECTOR('',#4390,2.425);
#1091=VECTOR('',#4395,2.425);
#1092=VECTOR('',#4400,2.425);
#1093=VECTOR('',#4405,2.425);
#1094=VECTOR('',#4410,2.425);
#1095=VECTOR('',#4415,2.425);
#1096=VECTOR('',#4420,3.75);
#1097=VECTOR('',#4429,3.75);
#1098=VECTOR('',#4436,10.);
#1099=VECTOR('',#4439,10.);
#1100=VECTOR('',#4442,10.);
#1101=VECTOR('',#4445,8.);
#1102=VECTOR('',#4454,10.);
#1103=VECTOR('',#4457,10.);
#1104=VECTOR('',#4460,10.);
#1105=VECTOR('',#4463,10.);
#1106=VECTOR('',#4466,10.);
#1107=VECTOR('',#4469,10.);
#1108=VECTOR('',#4472,10.);
#1109=VECTOR('',#4475,10.);
#1110=VECTOR('',#4478,10.);
#1111=VECTOR('',#4481,10.);
#1112=VECTOR('',#4484,10.);
#1113=VECTOR('',#4487,10.);
#1114=VECTOR('',#4490,10.);
#1115=VECTOR('',#4493,10.);
#1116=VECTOR('',#4496,10.);
#1117=VECTOR('',#4499,10.);
#1118=VECTOR('',#4502,10.);
#1119=VECTOR('',#4505,10.);
#1120=VECTOR('',#4508,10.);
#1121=VECTOR('',#4511,10.);
#1122=VECTOR('',#4514,10.);
#1123=VECTOR('',#4517,10.);
#1124=VECTOR('',#4520,10.);
#1125=VECTOR('',#4523,10.);
#1126=VECTOR('',#4526,10.);
#1127=VECTOR('',#4529,10.);
#1128=VECTOR('',#4532,10.);
#1129=VECTOR('',#4535,10.);
#1130=VECTOR('',#4538,10.);
#1131=VECTOR('',#4541,10.);
#1132=VECTOR('',#4544,10.);
#1133=VECTOR('',#4547,10.);
#1134=VECTOR('',#4550,10.);
#1135=VECTOR('',#4553,10.);
#1136=VECTOR('',#4556,10.);
#1137=VECTOR('',#4559,10.);
#1138=VECTOR('',#4562,10.);
#1139=VECTOR('',#4565,10.);
#1140=VECTOR('',#4568,10.);
#1141=VECTOR('',#4571,10.);
#1142=VECTOR('',#4574,10.);
#1143=VECTOR('',#4577,10.);
#1144=VECTOR('',#4580,10.);
#1145=VECTOR('',#4583,10.);
#1146=VECTOR('',#4586,10.);
#1147=VECTOR('',#4589,8.);
#1148=VECTOR('',#4598,10.);
#1149=VECTOR('',#4601,10.);
#1150=VECTOR('',#4604,10.);
#1151=VECTOR('',#4607,8.);
#1152=VECTOR('',#4616,10.);
#1153=VECTOR('',#4619,10.);
#1154=VECTOR('',#4622,10.);
#1155=VECTOR('',#4625,10.);
#1156=VECTOR('',#4628,10.);
#1157=VECTOR('',#4631,10.);
#1158=VECTOR('',#4634,10.);
#1159=VECTOR('',#4637,10.);
#1160=VECTOR('',#4640,10.);
#1161=VECTOR('',#4643,10.);
#1162=VECTOR('',#4646,10.);
#1163=VECTOR('',#4649,10.);
#1164=VECTOR('',#4652,10.);
#1165=VECTOR('',#4655,10.);
#1166=VECTOR('',#4658,10.);
#1167=VECTOR('',#4661,10.);
#1168=VECTOR('',#4664,10.);
#1169=VECTOR('',#4667,10.);
#1170=VECTOR('',#4670,10.);
#1171=VECTOR('',#4673,10.);
#1172=VECTOR('',#4676,10.);
#1173=VECTOR('',#4679,10.);
#1174=VECTOR('',#4682,10.);
#1175=VECTOR('',#4685,10.);
#1176=VECTOR('',#4688,10.);
#1177=VECTOR('',#4691,10.);
#1178=VECTOR('',#4694,10.);
#1179=VECTOR('',#4697,10.);
#1180=VECTOR('',#4700,10.);
#1181=VECTOR('',#4703,10.);
#1182=VECTOR('',#4706,10.);
#1183=VECTOR('',#4709,10.);
#1184=VECTOR('',#4712,10.);
#1185=VECTOR('',#4715,10.);
#1186=VECTOR('',#4718,10.);
#1187=VECTOR('',#4721,10.);
#1188=VECTOR('',#4724,10.);
#1189=VECTOR('',#4727,10.);
#1190=VECTOR('',#4730,10.);
#1191=VECTOR('',#4733,10.);
#1192=VECTOR('',#4736,10.);
#1193=VECTOR('',#4739,10.);
#1194=VECTOR('',#4742,10.);
#1195=VECTOR('',#4745,10.);
#1196=VECTOR('',#4748,10.);
#1197=VECTOR('',#4751,8.);
#1198=VECTOR('',#4760,10.);
#1199=VECTOR('',#4761,10.);
#1200=VECTOR('',#4762,10.);
#1201=VECTOR('',#4765,10.);
#1202=VECTOR('',#4766,10.);
#1203=VECTOR('',#4767,10.);
#1204=VECTOR('',#4770,10.);
#1205=VECTOR('',#4771,10.);
#1206=VECTOR('',#4772,10.);
#1207=VECTOR('',#4775,10.);
#1208=VECTOR('',#4776,10.);
#1209=VECTOR('',#4777,10.);
#1210=VECTOR('',#4780,10.);
#1211=VECTOR('',#4781,10.);
#1212=VECTOR('',#4782,10.);
#1213=VECTOR('',#4785,10.);
#1214=VECTOR('',#4786,10.);
#1215=VECTOR('',#4787,10.);
#1216=VECTOR('',#4790,10.);
#1217=VECTOR('',#4791,10.);
#1218=VECTOR('',#4792,10.);
#1219=VECTOR('',#4795,10.);
#1220=VECTOR('',#4796,10.);
#1221=VECTOR('',#4797,10.);
#1222=VECTOR('',#4800,10.);
#1223=VECTOR('',#4801,10.);
#1224=VECTOR('',#4802,10.);
#1225=VECTOR('',#4805,10.);
#1226=VECTOR('',#4806,10.);
#1227=VECTOR('',#4807,10.);
#1228=VECTOR('',#4810,10.);
#1229=VECTOR('',#4811,10.);
#1230=VECTOR('',#4812,10.);
#1231=VECTOR('',#4815,10.);
#1232=VECTOR('',#4816,10.);
#1233=VECTOR('',#4817,10.);
#1234=VECTOR('',#4820,10.);
#1235=VECTOR('',#4821,10.);
#1236=VECTOR('',#4822,10.);
#1237=VECTOR('',#4825,10.);
#1238=VECTOR('',#4826,10.);
#1239=VECTOR('',#4827,10.);
#1240=VECTOR('',#4830,10.);
#1241=VECTOR('',#4831,10.);
#1242=VECTOR('',#4832,10.);
#1243=VECTOR('',#4835,10.);
#1244=VECTOR('',#4836,10.);
#1245=VECTOR('',#4837,10.);
#1246=VECTOR('',#4840,10.);
#1247=VECTOR('',#4841,10.);
#1248=VECTOR('',#4842,10.);
#1249=VECTOR('',#4845,10.);
#1250=VECTOR('',#4846,10.);
#1251=VECTOR('',#4847,10.);
#1252=VECTOR('',#4850,10.);
#1253=VECTOR('',#4851,10.);
#1254=VECTOR('',#4852,10.);
#1255=VECTOR('',#4855,10.);
#1256=VECTOR('',#4856,10.);
#1257=VECTOR('',#4857,10.);
#1258=VECTOR('',#4860,10.);
#1259=VECTOR('',#4861,10.);
#1260=VECTOR('',#4862,10.);
#1261=VECTOR('',#4865,10.);
#1262=VECTOR('',#4866,10.);
#1263=VECTOR('',#4867,10.);
#1264=VECTOR('',#4870,10.);
#1265=VECTOR('',#4871,10.);
#1266=VECTOR('',#4872,10.);
#1267=VECTOR('',#4875,10.);
#1268=VECTOR('',#4876,10.);
#1269=VECTOR('',#4877,10.);
#1270=VECTOR('',#4882,10.);
#1271=VECTOR('',#4883,10.);
#1272=VECTOR('',#4886,10.);
#1273=VECTOR('',#4887,10.);
#1274=VECTOR('',#4892,10.);
#1275=VECTOR('',#4893,10.);
#1276=VECTOR('',#4896,10.);
#1277=VECTOR('',#4897,10.);
#1278=VECTOR('',#4902,10.);
#1279=VECTOR('',#4903,10.);
#1280=VECTOR('',#4906,10.);
#1281=VECTOR('',#4907,10.);
#1282=VECTOR('',#4912,10.);
#1283=VECTOR('',#4913,10.);
#1284=VECTOR('',#4916,10.);
#1285=VECTOR('',#4917,10.);
#1286=VECTOR('',#4920,10.);
#1287=VECTOR('',#4921,10.);
#1288=VECTOR('',#4924,10.);
#1289=VECTOR('',#4925,10.);
#1290=VECTOR('',#4928,10.);
#1291=VECTOR('',#4929,10.);
#1292=VECTOR('',#4932,10.);
#1293=VECTOR('',#4933,10.);
#1294=VECTOR('',#4936,10.);
#1295=VECTOR('',#4939,10.);
#1296=VECTOR('',#4942,10.);
#1297=VECTOR('',#4945,10.);
#1298=VECTOR('',#4948,10.);
#1299=VECTOR('',#4957,10.);
#1300=VECTOR('',#4970,10.);
#1301=VECTOR('',#4979,10.);
#1302=VECTOR('',#4986,10.);
#1303=VECTOR('',#4999,10.);
#1304=VECTOR('',#5010,10.);
#1305=VECTOR('',#5021,10.);
#1306=VECTOR('',#5028,10.);
#1307=VECTOR('',#5029,10.);
#1308=VECTOR('',#5040,10.);
#1309=VECTOR('',#5041,10.);
#1310=VECTOR('',#5052,3.7);
#1311=VECTOR('',#5055,3.7);
#1312=VECTOR('',#5058,10.);
#1313=VECTOR('',#5059,10.);
#1314=VECTOR('',#5070,10.);
#1315=VECTOR('',#5071,10.);
#1316=VECTOR('',#5082,10.);
#1317=VECTOR('',#5089,10.);
#1318=VECTOR('',#5094,3.7);
#1319=VECTOR('',#5097,10.);
#1320=VECTOR('',#5098,10.);
#1321=VECTOR('',#5109,3.7);
#1322=VECTOR('',#5112,10.);
#1323=VECTOR('',#5113,10.);
#1324=VECTOR('',#5124,10.);
#1325=VECTOR('',#5127,10.);
#1326=CIRCLE('',#3659,2.4);
#1327=CIRCLE('',#3660,1.7);
#1328=CIRCLE('',#3662,6.);
#1329=CIRCLE('',#3663,6.);
#1330=CIRCLE('',#3664,6.);
#1331=CIRCLE('',#3665,6.);
#1332=CIRCLE('',#3666,2.4);
#1333=CIRCLE('',#3667,2.4);
#1334=CIRCLE('',#3668,2.4);
#1335=CIRCLE('',#3669,2.4);
#1336=CIRCLE('',#3670,8.);
#1337=CIRCLE('',#3671,8.);
#1338=CIRCLE('',#3672,8.);
#1339=CIRCLE('',#3673,8.);
#1340=CIRCLE('',#3674,8.);
#1341=CIRCLE('',#3675,0.500000000000016);
#1342=CIRCLE('',#3676,8.);
#1343=CIRCLE('',#3677,0.499999999999996);
#1344=CIRCLE('',#3678,8.);
#1345=CIRCLE('',#3679,0.499999999999995);
#1346=CIRCLE('',#3680,8.);
#1347=CIRCLE('',#3681,0.5);
#1348=CIRCLE('',#3682,8.);
#1349=CIRCLE('',#3683,0.499999999999998);
#1350=CIRCLE('',#3684,8.);
#1351=CIRCLE('',#3685,0.499999999999998);
#1352=CIRCLE('',#3686,8.);
#1353=CIRCLE('',#3687,0.499999999999998);
#1354=CIRCLE('',#3688,8.);
#1355=CIRCLE('',#3689,0.499999999999999);
#1356=CIRCLE('',#3690,8.);
#1357=CIRCLE('',#3691,0.499999999999999);
#1358=CIRCLE('',#3692,8.);
#1359=CIRCLE('',#3693,0.499999999999998);
#1360=CIRCLE('',#3694,8.);
#1361=CIRCLE('',#3695,0.499999999999998);
#1362=CIRCLE('',#3696,8.);
#1363=CIRCLE('',#3697,0.499999999999998);
#1364=CIRCLE('',#3698,8.);
#1365=CIRCLE('',#3699,0.499999999999998);
#1366=CIRCLE('',#3700,8.);
#1367=CIRCLE('',#3701,0.499999999999998);
#1368=CIRCLE('',#3702,8.);
#1369=CIRCLE('',#3703,0.499999999999997);
#1370=CIRCLE('',#3704,8.);
#1371=CIRCLE('',#3705,0.499999999999999);
#1372=CIRCLE('',#3706,8.);
#1373=CIRCLE('',#3707,0.499999999999996);
#1374=CIRCLE('',#3708,8.);
#1375=CIRCLE('',#3709,0.499999999999998);
#1376=CIRCLE('',#3710,8.);
#1377=CIRCLE('',#3711,0.499999999999998);
#1378=CIRCLE('',#3712,8.);
#1379=CIRCLE('',#3713,0.499999999999999);
#1380=CIRCLE('',#3714,8.);
#1381=CIRCLE('',#3715,0.499999999999998);
#1382=CIRCLE('',#3716,8.);
#1383=CIRCLE('',#3717,0.499999999999998);
#1384=CIRCLE('',#3718,8.);
#1385=CIRCLE('',#3719,0.499999999999998);
#1386=CIRCLE('',#3720,8.);
#1387=CIRCLE('',#3721,0.499999999999999);
#1388=CIRCLE('',#3722,8.);
#1389=CIRCLE('',#3723,0.499999999999998);
#1390=CIRCLE('',#3724,8.);
#1391=CIRCLE('',#3725,0.499999999999998);
#1392=CIRCLE('',#3726,8.);
#1393=CIRCLE('',#3727,0.499999999999998);
#1394=CIRCLE('',#3728,8.);
#1395=CIRCLE('',#3729,0.499999999999999);
#1396=CIRCLE('',#3730,8.);
#1397=CIRCLE('',#3731,0.499999999999992);
#1398=CIRCLE('',#3732,8.);
#1399=CIRCLE('',#3733,0.499999999999989);
#1400=CIRCLE('',#3734,8.);
#1401=CIRCLE('',#3735,0.499999999999998);
#1402=CIRCLE('',#3736,8.);
#1403=CIRCLE('',#3737,0.499999999999989);
#1404=CIRCLE('',#3738,2.4);
#1405=CIRCLE('',#3739,2.4);
#1406=CIRCLE('',#3740,2.4);
#1407=CIRCLE('',#3741,2.4);
#1408=CIRCLE('',#3743,1.7);
#1409=CIRCLE('',#3745,1.7);
#1410=CIRCLE('',#3747,1.7);
#1411=CIRCLE('',#3749,1.7);
#1412=CIRCLE('',#3751,1.7);
#1413=CIRCLE('',#3753,1.7);
#1414=CIRCLE('',#3755,1.7);
#1415=CIRCLE('',#3757,1.7);
#1416=CIRCLE('',#3759,1.7);
#1417=CIRCLE('',#3761,1.7);
#1418=CIRCLE('',#3763,1.7);
#1419=CIRCLE('',#3765,1.7);
#1420=CIRCLE('',#3767,1.7);
#1421=CIRCLE('',#3769,1.7);
#1422=CIRCLE('',#3771,1.7);
#1423=CIRCLE('',#3773,1.7);
#1424=CIRCLE('',#3775,1.7);
#1425=CIRCLE('',#3777,3.15);
#1426=CIRCLE('',#3779,3.15);
#1427=CIRCLE('',#3781,3.15);
#1428=CIRCLE('',#3783,3.15);
#1429=CIRCLE('',#3785,3.15);
#1430=CIRCLE('',#3787,3.15);
#1431=CIRCLE('',#3789,3.15);
#1432=CIRCLE('',#3791,3.15);
#1433=CIRCLE('',#3793,3.15);
#1434=CIRCLE('',#3795,3.75);
#1435=CIRCLE('',#3796,3.75);
#1436=CIRCLE('',#3799,3.75);
#1437=CIRCLE('',#3800,3.75);
#1438=CIRCLE('',#3803,8.);
#1439=CIRCLE('',#3806,8.);
#1440=CIRCLE('',#3808,3.7);
#1441=CIRCLE('',#3810,8.);
#1442=CIRCLE('',#3813,8.);
#1443=CIRCLE('',#3816,8.);
#1444=CIRCLE('',#3819,8.);
#1445=CIRCLE('',#3822,8.);
#1446=CIRCLE('',#3825,8.);
#1447=CIRCLE('',#3828,8.);
#1448=CIRCLE('',#3831,8.);
#1449=CIRCLE('',#3834,8.);
#1450=CIRCLE('',#3837,8.);
#1451=CIRCLE('',#3840,8.);
#1452=CIRCLE('',#3843,8.);
#1453=CIRCLE('',#3846,8.);
#1454=CIRCLE('',#3849,8.);
#1455=CIRCLE('',#3852,8.);
#1456=CIRCLE('',#3855,8.);
#1457=CIRCLE('',#3857,3.7);
#1458=CIRCLE('',#3859,8.);
#1459=CIRCLE('',#3862,8.);
#1460=CIRCLE('',#3864,3.7);
#1461=CIRCLE('',#3866,8.);
#1462=CIRCLE('',#3869,8.);
#1463=CIRCLE('',#3872,8.);
#1464=CIRCLE('',#3875,8.);
#1465=CIRCLE('',#3878,8.);
#1466=CIRCLE('',#3881,8.);
#1467=CIRCLE('',#3884,8.);
#1468=CIRCLE('',#3887,8.);
#1469=CIRCLE('',#3890,8.);
#1470=CIRCLE('',#3893,8.);
#1471=CIRCLE('',#3896,8.);
#1472=CIRCLE('',#3899,8.);
#1473=CIRCLE('',#3902,8.);
#1474=CIRCLE('',#3905,8.);
#1475=CIRCLE('',#3908,8.);
#1476=CIRCLE('',#3911,8.);
#1477=CIRCLE('',#3913,3.7);
#1478=CIRCLE('',#3939,6.);
#1479=CIRCLE('',#3942,6.);
#1480=CIRCLE('',#3945,6.);
#1481=CIRCLE('',#3948,6.);
#1482=CIRCLE('',#3958,0.499999999999997);
#1483=CIRCLE('',#3959,0.499999999999998);
#1484=CIRCLE('',#3960,0.499999999999998);
#1485=CIRCLE('',#3961,0.499999999999999);
#1486=CIRCLE('',#3962,0.499999999999998);
#1487=CIRCLE('',#3963,0.499999999999998);
#1488=CIRCLE('',#3964,0.499999999999998);
#1489=CIRCLE('',#3965,0.499999999999999);
#1490=CIRCLE('',#3966,3.7);
#1491=CIRCLE('',#3967,3.7);
#1492=CIRCLE('',#3968,0.499999999999998);
#1493=CIRCLE('',#3969,0.499999999999998);
#1494=CIRCLE('',#3970,0.499999999999998);
#1495=CIRCLE('',#3971,0.499999999999999);
#1496=CIRCLE('',#3972,0.499999999999998);
#1497=CIRCLE('',#3973,0.499999999999998);
#1498=CIRCLE('',#3974,0.499999999999998);
#1499=CIRCLE('',#3975,0.499999999999999);
#1500=CIRCLE('',#3976,0.499999999999998);
#1501=CIRCLE('',#3977,0.499999999999989);
#1502=CIRCLE('',#3978,0.499999999999992);
#1503=CIRCLE('',#3979,0.499999999999989);
#1504=CIRCLE('',#3980,3.7);
#1505=CIRCLE('',#3981,0.499999999999998);
#1506=CIRCLE('',#3982,0.499999999999998);
#1507=CIRCLE('',#3983,0.499999999999996);
#1508=CIRCLE('',#3984,0.499999999999999);
#1509=CIRCLE('',#3985,3.7);
#1510=CIRCLE('',#3986,0.499999999999998);
#1511=CIRCLE('',#3987,0.499999999999998);
#1512=CIRCLE('',#3988,0.499999999999998);
#1513=CIRCLE('',#3989,0.499999999999999);
#1514=CIRCLE('',#3990,0.499999999999996);
#1515=CIRCLE('',#3991,0.500000000000016);
#1516=CIRCLE('',#3992,0.5);
#1517=CIRCLE('',#3993,0.499999999999995);
#1518=VERTEX_POINT('',#5138);
#1519=VERTEX_POINT('',#5140);
#1520=VERTEX_POINT('',#5144);
#1521=VERTEX_POINT('',#5145);
#1522=VERTEX_POINT('',#5147);
#1523=VERTEX_POINT('',#5149);
#1524=VERTEX_POINT('',#5151);
#1525=VERTEX_POINT('',#5153);
#1526=VERTEX_POINT('',#5155);
#1527=VERTEX_POINT('',#5157);
#1528=VERTEX_POINT('',#5159);
#1529=VERTEX_POINT('',#5161);
#1530=VERTEX_POINT('',#5163);
#1531=VERTEX_POINT('',#5165);
#1532=VERTEX_POINT('',#5167);
#1533=VERTEX_POINT('',#5169);
#1534=VERTEX_POINT('',#5171);
#1535=VERTEX_POINT('',#5173);
#1536=VERTEX_POINT('',#5176);
#1537=VERTEX_POINT('',#5178);
#1538=VERTEX_POINT('',#5180);
#1539=VERTEX_POINT('',#5182);
#1540=VERTEX_POINT('',#5184);
#1541=VERTEX_POINT('',#5186);
#1542=VERTEX_POINT('',#5188);
#1543=VERTEX_POINT('',#5190);
#1544=VERTEX_POINT('',#5192);
#1545=VERTEX_POINT('',#5193);
#1546=VERTEX_POINT('',#5195);
#1547=VERTEX_POINT('',#5197);
#1548=VERTEX_POINT('',#5199);
#1549=VERTEX_POINT('',#5201);
#1550=VERTEX_POINT('',#5203);
#1551=VERTEX_POINT('',#5205);
#1552=VERTEX_POINT('',#5207);
#1553=VERTEX_POINT('',#5209);
#1554=VERTEX_POINT('',#5211);
#1555=VERTEX_POINT('',#5213);
#1556=VERTEX_POINT('',#5215);
#1557=VERTEX_POINT('',#5217);
#1558=VERTEX_POINT('',#5219);
#1559=VERTEX_POINT('',#5221);
#1560=VERTEX_POINT('',#5224);
#1561=VERTEX_POINT('',#5225);
#1562=VERTEX_POINT('',#5227);
#1563=VERTEX_POINT('',#5229);
#1564=VERTEX_POINT('',#5231);
#1565=VERTEX_POINT('',#5233);
#1566=VERTEX_POINT('',#5235);
#1567=VERTEX_POINT('',#5237);
#1568=VERTEX_POINT('',#5239);
#1569=VERTEX_POINT('',#5241);
#1570=VERTEX_POINT('',#5243);
#1571=VERTEX_POINT('',#5245);
#1572=VERTEX_POINT('',#5247);
#1573=VERTEX_POINT('',#5249);
#1574=VERTEX_POINT('',#5251);
#1575=VERTEX_POINT('',#5253);
#1576=VERTEX_POINT('',#5256);
#1577=VERTEX_POINT('',#5257);
#1578=VERTEX_POINT('',#5259);
#1579=VERTEX_POINT('',#5261);
#1580=VERTEX_POINT('',#5263);
#1581=VERTEX_POINT('',#5265);
#1582=VERTEX_POINT('',#5267);
#1583=VERTEX_POINT('',#5269);
#1584=VERTEX_POINT('',#5271);
#1585=VERTEX_POINT('',#5273);
#1586=VERTEX_POINT('',#5275);
#1587=VERTEX_POINT('',#5277);
#1588=VERTEX_POINT('',#5279);
#1589=VERTEX_POINT('',#5281);
#1590=VERTEX_POINT('',#5283);
#1591=VERTEX_POINT('',#5285);
#1592=VERTEX_POINT('',#5288);
#1593=VERTEX_POINT('',#5289);
#1594=VERTEX_POINT('',#5291);
#1595=VERTEX_POINT('',#5293);
#1596=VERTEX_POINT('',#5295);
#1597=VERTEX_POINT('',#5297);
#1598=VERTEX_POINT('',#5299);
#1599=VERTEX_POINT('',#5301);
#1600=VERTEX_POINT('',#5303);
#1601=VERTEX_POINT('',#5305);
#1602=VERTEX_POINT('',#5307);
#1603=VERTEX_POINT('',#5309);
#1604=VERTEX_POINT('',#5311);
#1605=VERTEX_POINT('',#5313);
#1606=VERTEX_POINT('',#5315);
#1607=VERTEX_POINT('',#5317);
#1608=VERTEX_POINT('',#5320);
#1609=VERTEX_POINT('',#5321);
#1610=VERTEX_POINT('',#5323);
#1611=VERTEX_POINT('',#5325);
#1612=VERTEX_POINT('',#5327);
#1613=VERTEX_POINT('',#5329);
#1614=VERTEX_POINT('',#5331);
#1615=VERTEX_POINT('',#5333);
#1616=VERTEX_POINT('',#5335);
#1617=VERTEX_POINT('',#5337);
#1618=VERTEX_POINT('',#5339);
#1619=VERTEX_POINT('',#5341);
#1620=VERTEX_POINT('',#5343);
#1621=VERTEX_POINT('',#5345);
#1622=VERTEX_POINT('',#5347);
#1623=VERTEX_POINT('',#5349);
#1624=VERTEX_POINT('',#5352);
#1625=VERTEX_POINT('',#5353);
#1626=VERTEX_POINT('',#5355);
#1627=VERTEX_POINT('',#5357);
#1628=VERTEX_POINT('',#5359);
#1629=VERTEX_POINT('',#5361);
#1630=VERTEX_POINT('',#5363);
#1631=VERTEX_POINT('',#5365);
#1632=VERTEX_POINT('',#5367);
#1633=VERTEX_POINT('',#5369);
#1634=VERTEX_POINT('',#5371);
#1635=VERTEX_POINT('',#5373);
#1636=VERTEX_POINT('',#5375);
#1637=VERTEX_POINT('',#5377);
#1638=VERTEX_POINT('',#5379);
#1639=VERTEX_POINT('',#5381);
#1640=VERTEX_POINT('',#5384);
#1641=VERTEX_POINT('',#5385);
#1642=VERTEX_POINT('',#5387);
#1643=VERTEX_POINT('',#5389);
#1644=VERTEX_POINT('',#5391);
#1645=VERTEX_POINT('',#5393);
#1646=VERTEX_POINT('',#5395);
#1647=VERTEX_POINT('',#5397);
#1648=VERTEX_POINT('',#5399);
#1649=VERTEX_POINT('',#5401);
#1650=VERTEX_POINT('',#5403);
#1651=VERTEX_POINT('',#5405);
#1652=VERTEX_POINT('',#5407);
#1653=VERTEX_POINT('',#5409);
#1654=VERTEX_POINT('',#5411);
#1655=VERTEX_POINT('',#5413);
#1656=VERTEX_POINT('',#5416);
#1657=VERTEX_POINT('',#5417);
#1658=VERTEX_POINT('',#5419);
#1659=VERTEX_POINT('',#5421);
#1660=VERTEX_POINT('',#5423);
#1661=VERTEX_POINT('',#5425);
#1662=VERTEX_POINT('',#5427);
#1663=VERTEX_POINT('',#5429);
#1664=VERTEX_POINT('',#5431);
#1665=VERTEX_POINT('',#5433);
#1666=VERTEX_POINT('',#5435);
#1667=VERTEX_POINT('',#5437);
#1668=VERTEX_POINT('',#5439);
#1669=VERTEX_POINT('',#5441);
#1670=VERTEX_POINT('',#5443);
#1671=VERTEX_POINT('',#5445);
#1672=VERTEX_POINT('',#5448);
#1673=VERTEX_POINT('',#5450);
#1674=VERTEX_POINT('',#5452);
#1675=VERTEX_POINT('',#5454);
#1676=VERTEX_POINT('',#5457);
#1677=VERTEX_POINT('',#5461);
#1678=VERTEX_POINT('',#5465);
#1679=VERTEX_POINT('',#5469);
#1680=VERTEX_POINT('',#5473);
#1681=VERTEX_POINT('',#5477);
#1682=VERTEX_POINT('',#5481);
#1683=VERTEX_POINT('',#5485);
#1684=VERTEX_POINT('',#5489);
#1685=VERTEX_POINT('',#5493);
#1686=VERTEX_POINT('',#5497);
#1687=VERTEX_POINT('',#5501);
#1688=VERTEX_POINT('',#5505);
#1689=VERTEX_POINT('',#5509);
#1690=VERTEX_POINT('',#5513);
#1691=VERTEX_POINT('',#5517);
#1692=VERTEX_POINT('',#5521);
#1693=VERTEX_POINT('',#5525);
#1694=VERTEX_POINT('',#5529);
#1695=VERTEX_POINT('',#5533);
#1696=VERTEX_POINT('',#5537);
#1697=VERTEX_POINT('',#5541);
#1698=VERTEX_POINT('',#5545);
#1699=VERTEX_POINT('',#5549);
#1700=VERTEX_POINT('',#5553);
#1701=VERTEX_POINT('',#5557);
#1702=VERTEX_POINT('',#5561);
#1703=VERTEX_POINT('',#5563);
#1704=VERTEX_POINT('',#5568);
#1705=VERTEX_POINT('',#5570);
#1706=VERTEX_POINT('',#5575);
#1707=VERTEX_POINT('',#5577);
#1708=VERTEX_POINT('',#5583);
#1709=VERTEX_POINT('',#5587);
#1710=VERTEX_POINT('',#5590);
#1711=VERTEX_POINT('',#5592);
#1712=VERTEX_POINT('',#5598);
#1713=VERTEX_POINT('',#5600);
#1714=VERTEX_POINT('',#5606);
#1715=VERTEX_POINT('',#5608);
#1716=VERTEX_POINT('',#5614);
#1717=VERTEX_POINT('',#5616);
#1718=VERTEX_POINT('',#5622);
#1719=VERTEX_POINT('',#5624);
#1720=VERTEX_POINT('',#5630);
#1721=VERTEX_POINT('',#5632);
#1722=VERTEX_POINT('',#5638);
#1723=VERTEX_POINT('',#5640);
#1724=VERTEX_POINT('',#5646);
#1725=VERTEX_POINT('',#5648);
#1726=VERTEX_POINT('',#5654);
#1727=VERTEX_POINT('',#5656);
#1728=VERTEX_POINT('',#5662);
#1729=VERTEX_POINT('',#5664);
#1730=VERTEX_POINT('',#5670);
#1731=VERTEX_POINT('',#5672);
#1732=VERTEX_POINT('',#5678);
#1733=VERTEX_POINT('',#5680);
#1734=VERTEX_POINT('',#5686);
#1735=VERTEX_POINT('',#5688);
#1736=VERTEX_POINT('',#5694);
#1737=VERTEX_POINT('',#5696);
#1738=VERTEX_POINT('',#5702);
#1739=VERTEX_POINT('',#5704);
#1740=VERTEX_POINT('',#5710);
#1741=VERTEX_POINT('',#5714);
#1742=VERTEX_POINT('',#5717);
#1743=VERTEX_POINT('',#5719);
#1744=VERTEX_POINT('',#5725);
#1745=VERTEX_POINT('',#5729);
#1746=VERTEX_POINT('',#5732);
#1747=VERTEX_POINT('',#5734);
#1748=VERTEX_POINT('',#5740);
#1749=VERTEX_POINT('',#5742);
#1750=VERTEX_POINT('',#5748);
#1751=VERTEX_POINT('',#5750);
#1752=VERTEX_POINT('',#5756);
#1753=VERTEX_POINT('',#5758);
#1754=VERTEX_POINT('',#5764);
#1755=VERTEX_POINT('',#5766);
#1756=VERTEX_POINT('',#5772);
#1757=VERTEX_POINT('',#5774);
#1758=VERTEX_POINT('',#5780);
#1759=VERTEX_POINT('',#5782);
#1760=VERTEX_POINT('',#5788);
#1761=VERTEX_POINT('',#5790);
#1762=VERTEX_POINT('',#5796);
#1763=VERTEX_POINT('',#5798);
#1764=VERTEX_POINT('',#5804);
#1765=VERTEX_POINT('',#5806);
#1766=VERTEX_POINT('',#5812);
#1767=VERTEX_POINT('',#5814);
#1768=VERTEX_POINT('',#5820);
#1769=VERTEX_POINT('',#5822);
#1770=VERTEX_POINT('',#5828);
#1771=VERTEX_POINT('',#5830);
#1772=VERTEX_POINT('',#5836);
#1773=VERTEX_POINT('',#5838);
#1774=VERTEX_POINT('',#5844);
#1775=VERTEX_POINT('',#5846);
#1776=VERTEX_POINT('',#5852);
#1777=VERTEX_POINT('',#5856);
#1778=VERTEX_POINT('',#5859);
#1779=VERTEX_POINT('',#5861);
#1780=VERTEX_POINT('',#5865);
#1781=VERTEX_POINT('',#5867);
#1782=VERTEX_POINT('',#5871);
#1783=VERTEX_POINT('',#5873);
#1784=VERTEX_POINT('',#5877);
#1785=VERTEX_POINT('',#5879);
#1786=VERTEX_POINT('',#5883);
#1787=VERTEX_POINT('',#5885);
#1788=VERTEX_POINT('',#5889);
#1789=VERTEX_POINT('',#5891);
#1790=VERTEX_POINT('',#5895);
#1791=VERTEX_POINT('',#5897);
#1792=VERTEX_POINT('',#5901);
#1793=VERTEX_POINT('',#5903);
#1794=VERTEX_POINT('',#5907);
#1795=VERTEX_POINT('',#5909);
#1796=VERTEX_POINT('',#5913);
#1797=VERTEX_POINT('',#5915);
#1798=VERTEX_POINT('',#5919);
#1799=VERTEX_POINT('',#5921);
#1800=VERTEX_POINT('',#5925);
#1801=VERTEX_POINT('',#5927);
#1802=VERTEX_POINT('',#5931);
#1803=VERTEX_POINT('',#5933);
#1804=VERTEX_POINT('',#5937);
#1805=VERTEX_POINT('',#5939);
#1806=VERTEX_POINT('',#5943);
#1807=VERTEX_POINT('',#5945);
#1808=VERTEX_POINT('',#5949);
#1809=VERTEX_POINT('',#5951);
#1810=VERTEX_POINT('',#5955);
#1811=VERTEX_POINT('',#5957);
#1812=VERTEX_POINT('',#5961);
#1813=VERTEX_POINT('',#5963);
#1814=VERTEX_POINT('',#5967);
#1815=VERTEX_POINT('',#5969);
#1816=VERTEX_POINT('',#5973);
#1817=VERTEX_POINT('',#5975);
#1818=VERTEX_POINT('',#5979);
#1819=VERTEX_POINT('',#5981);
#1820=VERTEX_POINT('',#5985);
#1821=VERTEX_POINT('',#5987);
#1822=VERTEX_POINT('',#5991);
#1823=VERTEX_POINT('',#5993);
#1824=VERTEX_POINT('',#5997);
#1825=VERTEX_POINT('',#5999);
#1826=VERTEX_POINT('',#6003);
#1827=VERTEX_POINT('',#6004);
#1828=VERTEX_POINT('',#6009);
#1829=VERTEX_POINT('',#6013);
#1830=VERTEX_POINT('',#6014);
#1831=VERTEX_POINT('',#6019);
#1832=VERTEX_POINT('',#6023);
#1833=VERTEX_POINT('',#6024);
#1834=VERTEX_POINT('',#6029);
#1835=VERTEX_POINT('',#6033);
#1836=VERTEX_POINT('',#6034);
#1837=VERTEX_POINT('',#6039);
#1838=VERTEX_POINT('',#6043);
#1839=VERTEX_POINT('',#6047);
#1840=VERTEX_POINT('',#6051);
#1841=VERTEX_POINT('',#6055);
#1842=VERTEX_POINT('',#6066);
#1843=VERTEX_POINT('',#6068);
#1844=VERTEX_POINT('',#6073);
#1845=VERTEX_POINT('',#6075);
#1846=VERTEX_POINT('',#6080);
#1847=VERTEX_POINT('',#6082);
#1848=VERTEX_POINT('',#6084);
#1849=VERTEX_POINT('',#6086);
#1850=VERTEX_POINT('',#6091);
#1851=VERTEX_POINT('',#6093);
#1852=VERTEX_POINT('',#6098);
#1853=VERTEX_POINT('',#6099);
#1854=VERTEX_POINT('',#6105);
#1855=VERTEX_POINT('',#6107);
#1856=VERTEX_POINT('',#6109);
#1857=VERTEX_POINT('',#6114);
#1858=VERTEX_POINT('',#6116);
#1859=VERTEX_POINT('',#6118);
#1860=VERTEX_POINT('',#6124);
#1861=VERTEX_POINT('',#6126);
#1862=EDGE_CURVE('',#1518,#1518,#1326,.T.);
#1863=EDGE_CURVE('',#1518,#1519,#660,.T.);
#1864=EDGE_CURVE('',#1519,#1519,#1327,.T.);
#1865=EDGE_CURVE('',#1520,#1521,#661,.T.);
#1866=EDGE_CURVE('',#1522,#1521,#1328,.T.);
#1867=EDGE_CURVE('',#1522,#1523,#662,.T.);
#1868=EDGE_CURVE('',#1523,#1524,#663,.T.);
#1869=EDGE_CURVE('',#1524,#1525,#664,.T.);
#1870=EDGE_CURVE('',#1526,#1525,#1329,.T.);
#1871=EDGE_CURVE('',#1526,#1527,#665,.T.);
#1872=EDGE_CURVE('',#1527,#1528,#666,.T.);
#1873=EDGE_CURVE('',#1528,#1529,#667,.T.);
#1874=EDGE_CURVE('',#1530,#1529,#1330,.T.);
#1875=EDGE_CURVE('',#1530,#1531,#668,.T.);
#1876=EDGE_CURVE('',#1531,#1532,#669,.T.);
#1877=EDGE_CURVE('',#1532,#1533,#670,.T.);
#1878=EDGE_CURVE('',#1534,#1533,#1331,.T.);
#1879=EDGE_CURVE('',#1534,#1535,#671,.T.);
#1880=EDGE_CURVE('',#1535,#1520,#672,.T.);
#1881=EDGE_CURVE('',#1536,#1536,#1332,.T.);
#1882=EDGE_CURVE('',#1537,#1537,#1333,.T.);
#1883=EDGE_CURVE('',#1538,#1538,#1334,.T.);
#1884=EDGE_CURVE('',#1539,#1539,#1335,.T.);
#1885=EDGE_CURVE('',#1540,#1540,#1336,.T.);
#1886=EDGE_CURVE('',#1541,#1541,#1337,.T.);
#1887=EDGE_CURVE('',#1542,#1542,#1338,.T.);
#1888=EDGE_CURVE('',#1543,#1543,#1339,.T.);
#1889=EDGE_CURVE('',#1544,#1545,#1340,.T.);
#1890=EDGE_CURVE('',#1545,#1546,#673,.T.);
#1891=EDGE_CURVE('',#1546,#1547,#1341,.T.);
#1892=EDGE_CURVE('',#1547,#1548,#674,.T.);
#1893=EDGE_CURVE('',#1548,#1549,#1342,.T.);
#1894=EDGE_CURVE('',#1549,#1550,#675,.T.);
#1895=EDGE_CURVE('',#1550,#1551,#1343,.T.);
#1896=EDGE_CURVE('',#1551,#1552,#676,.T.);
#1897=EDGE_CURVE('',#1552,#1553,#1344,.T.);
#1898=EDGE_CURVE('',#1553,#1554,#677,.T.);
#1899=EDGE_CURVE('',#1554,#1555,#1345,.T.);
#1900=EDGE_CURVE('',#1555,#1556,#678,.T.);
#1901=EDGE_CURVE('',#1556,#1557,#1346,.T.);
#1902=EDGE_CURVE('',#1557,#1558,#679,.T.);
#1903=EDGE_CURVE('',#1558,#1559,#1347,.T.);
#1904=EDGE_CURVE('',#1559,#1544,#680,.T.);
#1905=EDGE_CURVE('',#1560,#1561,#1348,.T.);
#1906=EDGE_CURVE('',#1561,#1562,#681,.T.);
#1907=EDGE_CURVE('',#1562,#1563,#1349,.T.);
#1908=EDGE_CURVE('',#1563,#1564,#682,.T.);
#1909=EDGE_CURVE('',#1564,#1565,#1350,.T.);
#1910=EDGE_CURVE('',#1565,#1566,#683,.T.);
#1911=EDGE_CURVE('',#1566,#1567,#1351,.T.);
#1912=EDGE_CURVE('',#1567,#1568,#684,.T.);
#1913=EDGE_CURVE('',#1568,#1569,#1352,.T.);
#1914=EDGE_CURVE('',#1569,#1570,#685,.T.);
#1915=EDGE_CURVE('',#1570,#1571,#1353,.T.);
#1916=EDGE_CURVE('',#1571,#1572,#686,.T.);
#1917=EDGE_CURVE('',#1572,#1573,#1354,.T.);
#1918=EDGE_CURVE('',#1573,#1574,#687,.T.);
#1919=EDGE_CURVE('',#1574,#1575,#1355,.T.);
#1920=EDGE_CURVE('',#1575,#1560,#688,.T.);
#1921=EDGE_CURVE('',#1576,#1577,#1356,.T.);
#1922=EDGE_CURVE('',#1577,#1578,#689,.T.);
#1923=EDGE_CURVE('',#1578,#1579,#1357,.T.);
#1924=EDGE_CURVE('',#1579,#1580,#690,.T.);
#1925=EDGE_CURVE('',#1580,#1581,#1358,.T.);
#1926=EDGE_CURVE('',#1581,#1582,#691,.T.);
#1927=EDGE_CURVE('',#1582,#1583,#1359,.T.);
#1928=EDGE_CURVE('',#1583,#1584,#692,.T.);
#1929=EDGE_CURVE('',#1584,#1585,#1360,.T.);
#1930=EDGE_CURVE('',#1585,#1586,#693,.T.);
#1931=EDGE_CURVE('',#1586,#1587,#1361,.T.);
#1932=EDGE_CURVE('',#1587,#1588,#694,.T.);
#1933=EDGE_CURVE('',#1588,#1589,#1362,.T.);
#1934=EDGE_CURVE('',#1589,#1590,#695,.T.);
#1935=EDGE_CURVE('',#1590,#1591,#1363,.T.);
#1936=EDGE_CURVE('',#1591,#1576,#696,.T.);
#1937=EDGE_CURVE('',#1592,#1593,#1364,.T.);
#1938=EDGE_CURVE('',#1593,#1594,#697,.T.);
#1939=EDGE_CURVE('',#1594,#1595,#1365,.T.);
#1940=EDGE_CURVE('',#1595,#1596,#698,.T.);
#1941=EDGE_CURVE('',#1596,#1597,#1366,.T.);
#1942=EDGE_CURVE('',#1597,#1598,#699,.T.);
#1943=EDGE_CURVE('',#1598,#1599,#1367,.T.);
#1944=EDGE_CURVE('',#1599,#1600,#700,.T.);
#1945=EDGE_CURVE('',#1600,#1601,#1368,.T.);
#1946=EDGE_CURVE('',#1601,#1602,#701,.T.);
#1947=EDGE_CURVE('',#1602,#1603,#1369,.T.);
#1948=EDGE_CURVE('',#1603,#1604,#702,.T.);
#1949=EDGE_CURVE('',#1604,#1605,#1370,.T.);
#1950=EDGE_CURVE('',#1605,#1606,#703,.T.);
#1951=EDGE_CURVE('',#1606,#1607,#1371,.T.);
#1952=EDGE_CURVE('',#1607,#1592,#704,.T.);
#1953=EDGE_CURVE('',#1608,#1609,#1372,.T.);
#1954=EDGE_CURVE('',#1609,#1610,#705,.T.);
#1955=EDGE_CURVE('',#1610,#1611,#1373,.T.);
#1956=EDGE_CURVE('',#1611,#1612,#706,.T.);
#1957=EDGE_CURVE('',#1612,#1613,#1374,.T.);
#1958=EDGE_CURVE('',#1613,#1614,#707,.T.);
#1959=EDGE_CURVE('',#1614,#1615,#1375,.T.);
#1960=EDGE_CURVE('',#1615,#1616,#708,.T.);
#1961=EDGE_CURVE('',#1616,#1617,#1376,.T.);
#1962=EDGE_CURVE('',#1617,#1618,#709,.T.);
#1963=EDGE_CURVE('',#1618,#1619,#1377,.T.);
#1964=EDGE_CURVE('',#1619,#1620,#710,.T.);
#1965=EDGE_CURVE('',#1620,#1621,#1378,.T.);
#1966=EDGE_CURVE('',#1621,#1622,#711,.T.);
#1967=EDGE_CURVE('',#1622,#1623,#1379,.T.);
#1968=EDGE_CURVE('',#1623,#1608,#712,.T.);
#1969=EDGE_CURVE('',#1624,#1625,#1380,.T.);
#1970=EDGE_CURVE('',#1625,#1626,#713,.T.);
#1971=EDGE_CURVE('',#1626,#1627,#1381,.T.);
#1972=EDGE_CURVE('',#1627,#1628,#714,.T.);
#1973=EDGE_CURVE('',#1628,#1629,#1382,.T.);
#1974=EDGE_CURVE('',#1629,#1630,#715,.T.);
#1975=EDGE_CURVE('',#1630,#1631,#1383,.T.);
#1976=EDGE_CURVE('',#1631,#1632,#716,.T.);
#1977=EDGE_CURVE('',#1632,#1633,#1384,.T.);
#1978=EDGE_CURVE('',#1633,#1634,#717,.T.);
#1979=EDGE_CURVE('',#1634,#1635,#1385,.T.);
#1980=EDGE_CURVE('',#1635,#1636,#718,.T.);
#1981=EDGE_CURVE('',#1636,#1637,#1386,.T.);
#1982=EDGE_CURVE('',#1637,#1638,#719,.T.);
#1983=EDGE_CURVE('',#1638,#1639,#1387,.T.);
#1984=EDGE_CURVE('',#1639,#1624,#720,.T.);
#1985=EDGE_CURVE('',#1640,#1641,#1388,.T.);
#1986=EDGE_CURVE('',#1641,#1642,#721,.T.);
#1987=EDGE_CURVE('',#1642,#1643,#1389,.T.);
#1988=EDGE_CURVE('',#1643,#1644,#722,.T.);
#1989=EDGE_CURVE('',#1644,#1645,#1390,.T.);
#1990=EDGE_CURVE('',#1645,#1646,#723,.T.);
#1991=EDGE_CURVE('',#1646,#1647,#1391,.T.);
#1992=EDGE_CURVE('',#1647,#1648,#724,.T.);
#1993=EDGE_CURVE('',#1648,#1649,#1392,.T.);
#1994=EDGE_CURVE('',#1649,#1650,#725,.T.);
#1995=EDGE_CURVE('',#1650,#1651,#1393,.T.);
#1996=EDGE_CURVE('',#1651,#1652,#726,.T.);
#1997=EDGE_CURVE('',#1652,#1653,#1394,.T.);
#1998=EDGE_CURVE('',#1653,#1654,#727,.T.);
#1999=EDGE_CURVE('',#1654,#1655,#1395,.T.);
#2000=EDGE_CURVE('',#1655,#1640,#728,.T.);
#2001=EDGE_CURVE('',#1656,#1657,#1396,.T.);
#2002=EDGE_CURVE('',#1657,#1658,#729,.T.);
#2003=EDGE_CURVE('',#1658,#1659,#1397,.T.);
#2004=EDGE_CURVE('',#1659,#1660,#730,.T.);
#2005=EDGE_CURVE('',#1660,#1661,#1398,.T.);
#2006=EDGE_CURVE('',#1661,#1662,#731,.T.);
#2007=EDGE_CURVE('',#1662,#1663,#1399,.T.);
#2008=EDGE_CURVE('',#1663,#1664,#732,.T.);
#2009=EDGE_CURVE('',#1664,#1665,#1400,.T.);
#2010=EDGE_CURVE('',#1665,#1666,#733,.T.);
#2011=EDGE_CURVE('',#1666,#1667,#1401,.T.);
#2012=EDGE_CURVE('',#1667,#1668,#734,.T.);
#2013=EDGE_CURVE('',#1668,#1669,#1402,.T.);
#2014=EDGE_CURVE('',#1669,#1670,#735,.T.);
#2015=EDGE_CURVE('',#1670,#1671,#1403,.T.);
#2016=EDGE_CURVE('',#1671,#1656,#736,.T.);
#2017=EDGE_CURVE('',#1672,#1672,#1404,.T.);
#2018=EDGE_CURVE('',#1673,#1673,#1405,.T.);
#2019=EDGE_CURVE('',#1674,#1674,#1406,.T.);
#2020=EDGE_CURVE('',#1675,#1675,#1407,.T.);
#2021=EDGE_CURVE('',#1676,#1676,#1408,.T.);
#2022=EDGE_CURVE('',#1676,#1519,#737,.T.);
#2023=EDGE_CURVE('',#1536,#1677,#738,.T.);
#2024=EDGE_CURVE('',#1677,#1677,#1409,.T.);
#2025=EDGE_CURVE('',#1678,#1678,#1410,.T.);
#2026=EDGE_CURVE('',#1678,#1677,#739,.T.);
#2027=EDGE_CURVE('',#1675,#1679,#740,.T.);
#2028=EDGE_CURVE('',#1679,#1679,#1411,.T.);
#2029=EDGE_CURVE('',#1680,#1680,#1412,.T.);
#2030=EDGE_CURVE('',#1680,#1679,#741,.T.);
#2031=EDGE_CURVE('',#1537,#1681,#742,.T.);
#2032=EDGE_CURVE('',#1681,#1681,#1413,.T.);
#2033=EDGE_CURVE('',#1682,#1682,#1414,.T.);
#2034=EDGE_CURVE('',#1682,#1681,#743,.T.);
#2035=EDGE_CURVE('',#1674,#1683,#744,.T.);
#2036=EDGE_CURVE('',#1683,#1683,#1415,.T.);
#2037=EDGE_CURVE('',#1684,#1684,#1416,.T.);
#2038=EDGE_CURVE('',#1684,#1683,#745,.T.);
#2039=EDGE_CURVE('',#1538,#1685,#746,.T.);
#2040=EDGE_CURVE('',#1685,#1685,#1417,.T.);
#2041=EDGE_CURVE('',#1686,#1686,#1418,.T.);
#2042=EDGE_CURVE('',#1686,#1685,#747,.T.);
#2043=EDGE_CURVE('',#1673,#1687,#748,.T.);
#2044=EDGE_CURVE('',#1687,#1687,#1419,.T.);
#2045=EDGE_CURVE('',#1688,#1688,#1420,.T.);
#2046=EDGE_CURVE('',#1688,#1687,#749,.T.);
#2047=EDGE_CURVE('',#1539,#1689,#750,.T.);
#2048=EDGE_CURVE('',#1689,#1689,#1421,.T.);
#2049=EDGE_CURVE('',#1690,#1690,#1422,.T.);
#2050=EDGE_CURVE('',#1690,#1689,#751,.T.);
#2051=EDGE_CURVE('',#1672,#1691,#752,.T.);
#2052=EDGE_CURVE('',#1691,#1691,#1423,.T.);
#2053=EDGE_CURVE('',#1692,#1692,#1424,.T.);
#2054=EDGE_CURVE('',#1692,#1691,#753,.T.);
#2055=EDGE_CURVE('',#1693,#1693,#1425,.T.);
#2056=EDGE_CURVE('',#1693,#1692,#754,.T.);
#2057=EDGE_CURVE('',#1694,#1694,#1426,.T.);
#2058=EDGE_CURVE('',#1694,#1684,#755,.T.);
#2059=EDGE_CURVE('',#1695,#1695,#1427,.T.);
#2060=EDGE_CURVE('',#1695,#1678,#756,.T.);
#2061=EDGE_CURVE('',#1696,#1696,#1428,.T.);
#2062=EDGE_CURVE('',#1696,#1680,#757,.T.);
#2063=EDGE_CURVE('',#1697,#1697,#1429,.T.);
#2064=EDGE_CURVE('',#1697,#1676,#758,.T.);
#2065=EDGE_CURVE('',#1698,#1698,#1430,.T.);
#2066=EDGE_CURVE('',#1698,#1682,#759,.T.);
#2067=EDGE_CURVE('',#1699,#1699,#1431,.T.);
#2068=EDGE_CURVE('',#1699,#1688,#760,.T.);
#2069=EDGE_CURVE('',#1700,#1700,#1432,.T.);
#2070=EDGE_CURVE('',#1700,#1690,#761,.T.);
#2071=EDGE_CURVE('',#1701,#1701,#1433,.T.);
#2072=EDGE_CURVE('',#1701,#1686,#762,.T.);
#2073=EDGE_CURVE('',#1702,#1702,#1434,.T.);
#2074=EDGE_CURVE('',#1702,#1703,#763,.T.);
#2075=EDGE_CURVE('',#1703,#1703,#1435,.T.);
#2076=EDGE_CURVE('',#1704,#1704,#1436,.T.);
#2077=EDGE_CURVE('',#1704,#1705,#764,.T.);
#2078=EDGE_CURVE('',#1705,#1705,#1437,.T.);
#2079=EDGE_CURVE('',#1706,#1544,#765,.T.);
#2080=EDGE_CURVE('',#1706,#1707,#1438,.T.);
#2081=EDGE_CURVE('',#1545,#1707,#766,.T.);
#2082=EDGE_CURVE('',#1707,#1706,#767,.T.);
#2083=EDGE_CURVE('',#1543,#1708,#768,.T.);
#2084=EDGE_CURVE('',#1708,#1708,#1439,.T.);
#2085=EDGE_CURVE('',#1709,#1709,#1440,.T.);
#2086=EDGE_CURVE('',#1710,#1656,#769,.T.);
#2087=EDGE_CURVE('',#1710,#1711,#1441,.T.);
#2088=EDGE_CURVE('',#1657,#1711,#770,.T.);
#2089=EDGE_CURVE('',#1711,#1710,#771,.T.);
#2090=EDGE_CURVE('',#1712,#1640,#772,.T.);
#2091=EDGE_CURVE('',#1712,#1713,#1442,.T.);
#2092=EDGE_CURVE('',#1641,#1713,#773,.T.);
#2093=EDGE_CURVE('',#1713,#1712,#774,.T.);
#2094=EDGE_CURVE('',#1714,#1624,#775,.T.);
#2095=EDGE_CURVE('',#1714,#1715,#1443,.T.);
#2096=EDGE_CURVE('',#1625,#1715,#776,.T.);
#2097=EDGE_CURVE('',#1715,#1714,#777,.T.);
#2098=EDGE_CURVE('',#1716,#1608,#778,.T.);
#2099=EDGE_CURVE('',#1716,#1717,#1444,.T.);
#2100=EDGE_CURVE('',#1609,#1717,#779,.T.);
#2101=EDGE_CURVE('',#1717,#1716,#780,.T.);
#2102=EDGE_CURVE('',#1718,#1592,#781,.T.);
#2103=EDGE_CURVE('',#1718,#1719,#1445,.T.);
#2104=EDGE_CURVE('',#1593,#1719,#782,.T.);
#2105=EDGE_CURVE('',#1719,#1718,#783,.T.);
#2106=EDGE_CURVE('',#1720,#1576,#784,.T.);
#2107=EDGE_CURVE('',#1720,#1721,#1446,.T.);
#2108=EDGE_CURVE('',#1577,#1721,#785,.T.);
#2109=EDGE_CURVE('',#1721,#1720,#786,.T.);
#2110=EDGE_CURVE('',#1722,#1560,#787,.T.);
#2111=EDGE_CURVE('',#1722,#1723,#1447,.T.);
#2112=EDGE_CURVE('',#1561,#1723,#788,.T.);
#2113=EDGE_CURVE('',#1723,#1722,#789,.T.);
#2114=EDGE_CURVE('',#1724,#1568,#790,.T.);
#2115=EDGE_CURVE('',#1724,#1725,#1448,.T.);
#2116=EDGE_CURVE('',#1569,#1725,#791,.T.);
#2117=EDGE_CURVE('',#1725,#1724,#792,.T.);
#2118=EDGE_CURVE('',#1726,#1580,#793,.T.);
#2119=EDGE_CURVE('',#1726,#1727,#1449,.T.);
#2120=EDGE_CURVE('',#1581,#1727,#794,.T.);
#2121=EDGE_CURVE('',#1727,#1726,#795,.T.);
#2122=EDGE_CURVE('',#1728,#1600,#796,.T.);
#2123=EDGE_CURVE('',#1728,#1729,#1450,.T.);
#2124=EDGE_CURVE('',#1601,#1729,#797,.T.);
#2125=EDGE_CURVE('',#1729,#1728,#798,.T.);
#2126=EDGE_CURVE('',#1730,#1616,#799,.T.);
#2127=EDGE_CURVE('',#1730,#1731,#1451,.T.);
#2128=EDGE_CURVE('',#1617,#1731,#800,.T.);
#2129=EDGE_CURVE('',#1731,#1730,#801,.T.);
#2130=EDGE_CURVE('',#1732,#1632,#802,.T.);
#2131=EDGE_CURVE('',#1732,#1733,#1452,.T.);
#2132=EDGE_CURVE('',#1633,#1733,#803,.T.);
#2133=EDGE_CURVE('',#1733,#1732,#804,.T.);
#2134=EDGE_CURVE('',#1734,#1644,#805,.T.);
#2135=EDGE_CURVE('',#1734,#1735,#1453,.T.);
#2136=EDGE_CURVE('',#1645,#1735,#806,.T.);
#2137=EDGE_CURVE('',#1735,#1734,#807,.T.);
#2138=EDGE_CURVE('',#1736,#1660,#808,.T.);
#2139=EDGE_CURVE('',#1736,#1737,#1454,.T.);
#2140=EDGE_CURVE('',#1661,#1737,#809,.T.);
#2141=EDGE_CURVE('',#1737,#1736,#810,.T.);
#2142=EDGE_CURVE('',#1738,#1556,#811,.T.);
#2143=EDGE_CURVE('',#1738,#1739,#1455,.T.);
#2144=EDGE_CURVE('',#1557,#1739,#812,.T.);
#2145=EDGE_CURVE('',#1739,#1738,#813,.T.);
#2146=EDGE_CURVE('',#1542,#1740,#814,.T.);
#2147=EDGE_CURVE('',#1740,#1740,#1456,.T.);
#2148=EDGE_CURVE('',#1741,#1741,#1457,.T.);
#2149=EDGE_CURVE('',#1742,#1548,#815,.T.);
#2150=EDGE_CURVE('',#1742,#1743,#1458,.T.);
#2151=EDGE_CURVE('',#1549,#1743,#816,.T.);
#2152=EDGE_CURVE('',#1743,#1742,#817,.T.);
#2153=EDGE_CURVE('',#1541,#1744,#818,.T.);
#2154=EDGE_CURVE('',#1744,#1744,#1459,.T.);
#2155=EDGE_CURVE('',#1745,#1745,#1460,.T.);
#2156=EDGE_CURVE('',#1746,#1664,#819,.T.);
#2157=EDGE_CURVE('',#1746,#1747,#1461,.T.);
#2158=EDGE_CURVE('',#1665,#1747,#820,.T.);
#2159=EDGE_CURVE('',#1747,#1746,#821,.T.);
#2160=EDGE_CURVE('',#1748,#1652,#822,.T.);
#2161=EDGE_CURVE('',#1748,#1749,#1462,.T.);
#2162=EDGE_CURVE('',#1653,#1749,#823,.T.);
#2163=EDGE_CURVE('',#1749,#1748,#824,.T.);
#2164=EDGE_CURVE('',#1750,#1628,#825,.T.);
#2165=EDGE_CURVE('',#1750,#1751,#1463,.T.);
#2166=EDGE_CURVE('',#1629,#1751,#826,.T.);
#2167=EDGE_CURVE('',#1751,#1750,#827,.T.);
#2168=EDGE_CURVE('',#1752,#1620,#828,.T.);
#2169=EDGE_CURVE('',#1752,#1753,#1464,.T.);
#2170=EDGE_CURVE('',#1621,#1753,#829,.T.);
#2171=EDGE_CURVE('',#1753,#1752,#830,.T.);
#2172=EDGE_CURVE('',#1754,#1596,#831,.T.);
#2173=EDGE_CURVE('',#1754,#1755,#1465,.T.);
#2174=EDGE_CURVE('',#1597,#1755,#832,.T.);
#2175=EDGE_CURVE('',#1755,#1754,#833,.T.);
#2176=EDGE_CURVE('',#1756,#1584,#834,.T.);
#2177=EDGE_CURVE('',#1756,#1757,#1466,.T.);
#2178=EDGE_CURVE('',#1585,#1757,#835,.T.);
#2179=EDGE_CURVE('',#1757,#1756,#836,.T.);
#2180=EDGE_CURVE('',#1758,#1564,#837,.T.);
#2181=EDGE_CURVE('',#1758,#1759,#1467,.T.);
#2182=EDGE_CURVE('',#1565,#1759,#838,.T.);
#2183=EDGE_CURVE('',#1759,#1758,#839,.T.);
#2184=EDGE_CURVE('',#1760,#1572,#840,.T.);
#2185=EDGE_CURVE('',#1760,#1761,#1468,.T.);
#2186=EDGE_CURVE('',#1573,#1761,#841,.T.);
#2187=EDGE_CURVE('',#1761,#1760,#842,.T.);
#2188=EDGE_CURVE('',#1762,#1588,#843,.T.);
#2189=EDGE_CURVE('',#1762,#1763,#1469,.T.);
#2190=EDGE_CURVE('',#1589,#1763,#844,.T.);
#2191=EDGE_CURVE('',#1763,#1762,#845,.T.);
#2192=EDGE_CURVE('',#1764,#1604,#846,.T.);
#2193=EDGE_CURVE('',#1764,#1765,#1470,.T.);
#2194=EDGE_CURVE('',#1605,#1765,#847,.T.);
#2195=EDGE_CURVE('',#1765,#1764,#848,.T.);
#2196=EDGE_CURVE('',#1766,#1612,#849,.T.);
#2197=EDGE_CURVE('',#1766,#1767,#1471,.T.);
#2198=EDGE_CURVE('',#1613,#1767,#850,.T.);
#2199=EDGE_CURVE('',#1767,#1766,#851,.T.);
#2200=EDGE_CURVE('',#1768,#1636,#852,.T.);
#2201=EDGE_CURVE('',#1768,#1769,#1472,.T.);
#2202=EDGE_CURVE('',#1637,#1769,#853,.T.);
#2203=EDGE_CURVE('',#1769,#1768,#854,.T.);
#2204=EDGE_CURVE('',#1770,#1648,#855,.T.);
#2205=EDGE_CURVE('',#1770,#1771,#1473,.T.);
#2206=EDGE_CURVE('',#1649,#1771,#856,.T.);
#2207=EDGE_CURVE('',#1771,#1770,#857,.T.);
#2208=EDGE_CURVE('',#1772,#1668,#858,.T.);
#2209=EDGE_CURVE('',#1772,#1773,#1474,.T.);
#2210=EDGE_CURVE('',#1669,#1773,#859,.T.);
#2211=EDGE_CURVE('',#1773,#1772,#860,.T.);
#2212=EDGE_CURVE('',#1774,#1552,#861,.T.);
#2213=EDGE_CURVE('',#1774,#1775,#1475,.T.);
#2214=EDGE_CURVE('',#1553,#1775,#862,.T.);
#2215=EDGE_CURVE('',#1775,#1774,#863,.T.);
#2216=EDGE_CURVE('',#1540,#1776,#864,.T.);
#2217=EDGE_CURVE('',#1776,#1776,#1476,.T.);
#2218=EDGE_CURVE('',#1777,#1777,#1477,.T.);
#2219=EDGE_CURVE('',#1778,#1671,#865,.T.);
#2220=EDGE_CURVE('',#1779,#1778,#866,.T.);
#2221=EDGE_CURVE('',#1779,#1658,#867,.T.);
#2222=EDGE_CURVE('',#1780,#1655,#868,.T.);
#2223=EDGE_CURVE('',#1781,#1780,#869,.T.);
#2224=EDGE_CURVE('',#1781,#1642,#870,.T.);
#2225=EDGE_CURVE('',#1782,#1639,#871,.T.);
#2226=EDGE_CURVE('',#1783,#1782,#872,.T.);
#2227=EDGE_CURVE('',#1783,#1626,#873,.T.);
#2228=EDGE_CURVE('',#1784,#1623,#874,.T.);
#2229=EDGE_CURVE('',#1785,#1784,#875,.T.);
#2230=EDGE_CURVE('',#1785,#1610,#876,.T.);
#2231=EDGE_CURVE('',#1786,#1607,#877,.T.);
#2232=EDGE_CURVE('',#1787,#1786,#878,.T.);
#2233=EDGE_CURVE('',#1787,#1594,#879,.T.);
#2234=EDGE_CURVE('',#1788,#1591,#880,.T.);
#2235=EDGE_CURVE('',#1789,#1788,#881,.T.);
#2236=EDGE_CURVE('',#1789,#1578,#882,.T.);
#2237=EDGE_CURVE('',#1790,#1575,#883,.T.);
#2238=EDGE_CURVE('',#1791,#1790,#884,.T.);
#2239=EDGE_CURVE('',#1791,#1562,#885,.T.);
#2240=EDGE_CURVE('',#1792,#1579,#886,.T.);
#2241=EDGE_CURVE('',#1793,#1792,#887,.T.);
#2242=EDGE_CURVE('',#1793,#1582,#888,.T.);
#2243=EDGE_CURVE('',#1794,#1643,#889,.T.);
#2244=EDGE_CURVE('',#1795,#1794,#890,.T.);
#2245=EDGE_CURVE('',#1795,#1646,#891,.T.);
#2246=EDGE_CURVE('',#1796,#1659,#892,.T.);
#2247=EDGE_CURVE('',#1797,#1796,#893,.T.);
#2248=EDGE_CURVE('',#1797,#1662,#894,.T.);
#2249=EDGE_CURVE('',#1798,#1555,#895,.T.);
#2250=EDGE_CURVE('',#1799,#1798,#896,.T.);
#2251=EDGE_CURVE('',#1799,#1558,#897,.T.);
#2252=EDGE_CURVE('',#1800,#1547,#898,.T.);
#2253=EDGE_CURVE('',#1801,#1800,#899,.T.);
#2254=EDGE_CURVE('',#1801,#1550,#900,.T.);
#2255=EDGE_CURVE('',#1802,#1663,#901,.T.);
#2256=EDGE_CURVE('',#1803,#1802,#902,.T.);
#2257=EDGE_CURVE('',#1803,#1666,#903,.T.);
#2258=EDGE_CURVE('',#1804,#1651,#904,.T.);
#2259=EDGE_CURVE('',#1805,#1804,#905,.T.);
#2260=EDGE_CURVE('',#1805,#1654,#906,.T.);
#2261=EDGE_CURVE('',#1806,#1627,#907,.T.);
#2262=EDGE_CURVE('',#1807,#1806,#908,.T.);
#2263=EDGE_CURVE('',#1807,#1630,#909,.T.);
#2264=EDGE_CURVE('',#1808,#1619,#910,.T.);
#2265=EDGE_CURVE('',#1809,#1808,#911,.T.);
#2266=EDGE_CURVE('',#1809,#1622,#912,.T.);
#2267=EDGE_CURVE('',#1810,#1595,#913,.T.);
#2268=EDGE_CURVE('',#1811,#1810,#914,.T.);
#2269=EDGE_CURVE('',#1811,#1598,#915,.T.);
#2270=EDGE_CURVE('',#1812,#1583,#916,.T.);
#2271=EDGE_CURVE('',#1813,#1812,#917,.T.);
#2272=EDGE_CURVE('',#1813,#1586,#918,.T.);
#2273=EDGE_CURVE('',#1814,#1563,#919,.T.);
#2274=EDGE_CURVE('',#1815,#1814,#920,.T.);
#2275=EDGE_CURVE('',#1815,#1566,#921,.T.);
#2276=EDGE_CURVE('',#1816,#1571,#922,.T.);
#2277=EDGE_CURVE('',#1817,#1816,#923,.T.);
#2278=EDGE_CURVE('',#1817,#1574,#924,.T.);
#2279=EDGE_CURVE('',#1818,#1603,#925,.T.);
#2280=EDGE_CURVE('',#1819,#1818,#926,.T.);
#2281=EDGE_CURVE('',#1819,#1606,#927,.T.);
#2282=EDGE_CURVE('',#1820,#1611,#928,.T.);
#2283=EDGE_CURVE('',#1821,#1820,#929,.T.);
#2284=EDGE_CURVE('',#1821,#1614,#930,.T.);
#2285=EDGE_CURVE('',#1822,#1635,#931,.T.);
#2286=EDGE_CURVE('',#1823,#1822,#932,.T.);
#2287=EDGE_CURVE('',#1823,#1638,#933,.T.);
#2288=EDGE_CURVE('',#1824,#1551,#934,.T.);
#2289=EDGE_CURVE('',#1825,#1824,#935,.T.);
#2290=EDGE_CURVE('',#1825,#1554,#936,.T.);
#2291=EDGE_CURVE('',#1826,#1827,#1478,.T.);
#2292=EDGE_CURVE('',#1827,#1530,#937,.T.);
#2293=EDGE_CURVE('',#1529,#1826,#938,.T.);
#2294=EDGE_CURVE('',#1828,#1827,#939,.T.);
#2295=EDGE_CURVE('',#1531,#1828,#940,.T.);
#2296=EDGE_CURVE('',#1829,#1830,#1479,.T.);
#2297=EDGE_CURVE('',#1830,#1534,#941,.T.);
#2298=EDGE_CURVE('',#1533,#1829,#942,.T.);
#2299=EDGE_CURVE('',#1831,#1830,#943,.T.);
#2300=EDGE_CURVE('',#1535,#1831,#944,.T.);
#2301=EDGE_CURVE('',#1832,#1833,#1480,.T.);
#2302=EDGE_CURVE('',#1833,#1526,#945,.T.);
#2303=EDGE_CURVE('',#1525,#1832,#946,.T.);
#2304=EDGE_CURVE('',#1834,#1833,#947,.T.);
#2305=EDGE_CURVE('',#1527,#1834,#948,.T.);
#2306=EDGE_CURVE('',#1835,#1836,#1481,.T.);
#2307=EDGE_CURVE('',#1836,#1522,#949,.T.);
#2308=EDGE_CURVE('',#1521,#1835,#950,.T.);
#2309=EDGE_CURVE('',#1837,#1836,#951,.T.);
#2310=EDGE_CURVE('',#1523,#1837,#952,.T.);
#2311=EDGE_CURVE('',#1838,#1520,#953,.T.);
#2312=EDGE_CURVE('',#1835,#1838,#954,.T.);
#2313=EDGE_CURVE('',#1839,#1524,#955,.T.);
#2314=EDGE_CURVE('',#1832,#1839,#956,.T.);
#2315=EDGE_CURVE('',#1840,#1532,#957,.T.);
#2316=EDGE_CURVE('',#1829,#1840,#958,.T.);
#2317=EDGE_CURVE('',#1841,#1528,#959,.T.);
#2318=EDGE_CURVE('',#1826,#1841,#960,.T.);
#2319=EDGE_CURVE('',#1839,#1837,#961,.T.);
#2320=EDGE_CURVE('',#1838,#1831,#962,.T.);
#2321=EDGE_CURVE('',#1841,#1834,#963,.T.);
#2322=EDGE_CURVE('',#1840,#1828,#964,.T.);
#2323=EDGE_CURVE('',#1818,#1842,#1482,.T.);
#2324=EDGE_CURVE('',#1842,#1843,#965,.T.);
#2325=EDGE_CURVE('',#1843,#1811,#1483,.T.);
#2326=EDGE_CURVE('',#1810,#1787,#1484,.T.);
#2327=EDGE_CURVE('',#1786,#1819,#1485,.T.);
#2328=EDGE_CURVE('',#1822,#1844,#1486,.T.);
#2329=EDGE_CURVE('',#1844,#1845,#966,.T.);
#2330=EDGE_CURVE('',#1845,#1807,#1487,.T.);
#2331=EDGE_CURVE('',#1806,#1783,#1488,.T.);
#2332=EDGE_CURVE('',#1782,#1823,#1489,.T.);
#2333=EDGE_CURVE('',#1846,#1846,#1490,.T.);
#2334=EDGE_CURVE('',#1847,#1847,#1491,.T.);
#2335=EDGE_CURVE('',#1816,#1848,#1492,.T.);
#2336=EDGE_CURVE('',#1848,#1849,#967,.T.);
#2337=EDGE_CURVE('',#1849,#1815,#1493,.T.);
#2338=EDGE_CURVE('',#1814,#1791,#1494,.T.);
#2339=EDGE_CURVE('',#1790,#1817,#1495,.T.);
#2340=EDGE_CURVE('',#1788,#1850,#1496,.T.);
#2341=EDGE_CURVE('',#1850,#1851,#968,.T.);
#2342=EDGE_CURVE('',#1851,#1813,#1497,.T.);
#2343=EDGE_CURVE('',#1812,#1793,#1498,.T.);
#2344=EDGE_CURVE('',#1792,#1789,#1499,.T.);
#2345=EDGE_CURVE('',#1852,#1853,#969,.T.);
#2346=EDGE_CURVE('',#1853,#1803,#1500,.T.);
#2347=EDGE_CURVE('',#1802,#1797,#1501,.T.);
#2348=EDGE_CURVE('',#1796,#1779,#1502,.T.);
#2349=EDGE_CURVE('',#1778,#1852,#1503,.T.);
#2350=EDGE_CURVE('',#1854,#1854,#1504,.T.);
#2351=EDGE_CURVE('',#1808,#1855,#1505,.T.);
#2352=EDGE_CURVE('',#1855,#1856,#970,.T.);
#2353=EDGE_CURVE('',#1856,#1821,#1506,.T.);
#2354=EDGE_CURVE('',#1820,#1785,#1507,.T.);
#2355=EDGE_CURVE('',#1784,#1809,#1508,.T.);
#2356=EDGE_CURVE('',#1857,#1857,#1509,.T.);
#2357=EDGE_CURVE('',#1804,#1858,#1510,.T.);
#2358=EDGE_CURVE('',#1858,#1859,#971,.T.);
#2359=EDGE_CURVE('',#1859,#1795,#1511,.T.);
#2360=EDGE_CURVE('',#1794,#1781,#1512,.T.);
#2361=EDGE_CURVE('',#1780,#1805,#1513,.T.);
#2362=EDGE_CURVE('',#1824,#1801,#1514,.T.);
#2363=EDGE_CURVE('',#1800,#1860,#1515,.T.);
#2364=EDGE_CURVE('',#1860,#1861,#972,.T.);
#2365=EDGE_CURVE('',#1861,#1799,#1516,.T.);
#2366=EDGE_CURVE('',#1798,#1825,#1517,.T.);
#2367=EDGE_CURVE('',#1843,#1599,#973,.T.);
#2368=EDGE_CURVE('',#1842,#1602,#974,.T.);
#2369=EDGE_CURVE('',#1845,#1631,#975,.T.);
#2370=EDGE_CURVE('',#1844,#1634,#976,.T.);
#2371=EDGE_CURVE('',#1709,#1846,#977,.T.);
#2372=EDGE_CURVE('',#1745,#1847,#978,.T.);
#2373=EDGE_CURVE('',#1849,#1567,#979,.T.);
#2374=EDGE_CURVE('',#1848,#1570,#980,.T.);
#2375=EDGE_CURVE('',#1851,#1587,#981,.T.);
#2376=EDGE_CURVE('',#1850,#1590,#982,.T.);
#2377=EDGE_CURVE('',#1853,#1667,#983,.T.);
#2378=EDGE_CURVE('',#1852,#1670,#984,.T.);
#2379=EDGE_CURVE('',#1777,#1854,#985,.T.);
#2380=EDGE_CURVE('',#1856,#1615,#986,.T.);
#2381=EDGE_CURVE('',#1855,#1618,#987,.T.);
#2382=EDGE_CURVE('',#1741,#1857,#988,.T.);
#2383=EDGE_CURVE('',#1859,#1647,#989,.T.);
#2384=EDGE_CURVE('',#1858,#1650,#990,.T.);
#2385=EDGE_CURVE('',#1860,#1546,#991,.T.);
#2386=EDGE_CURVE('',#1861,#1559,#992,.T.);
#2387=ORIENTED_EDGE('',*,*,#1862,.T.);
#2388=ORIENTED_EDGE('',*,*,#1863,.T.);
#2389=ORIENTED_EDGE('',*,*,#1864,.T.);
#2390=ORIENTED_EDGE('',*,*,#1863,.F.);
#2391=ORIENTED_EDGE('',*,*,#1865,.T.);
#2392=ORIENTED_EDGE('',*,*,#1866,.F.);
#2393=ORIENTED_EDGE('',*,*,#1867,.T.);
#2394=ORIENTED_EDGE('',*,*,#1868,.T.);
#2395=ORIENTED_EDGE('',*,*,#1869,.T.);
#2396=ORIENTED_EDGE('',*,*,#1870,.F.);
#2397=ORIENTED_EDGE('',*,*,#1871,.T.);
#2398=ORIENTED_EDGE('',*,*,#1872,.T.);
#2399=ORIENTED_EDGE('',*,*,#1873,.T.);
#2400=ORIENTED_EDGE('',*,*,#1874,.F.);
#2401=ORIENTED_EDGE('',*,*,#1875,.T.);
#2402=ORIENTED_EDGE('',*,*,#1876,.T.);
#2403=ORIENTED_EDGE('',*,*,#1877,.T.);
#2404=ORIENTED_EDGE('',*,*,#1878,.F.);
#2405=ORIENTED_EDGE('',*,*,#1879,.T.);
#2406=ORIENTED_EDGE('',*,*,#1880,.T.);
#2407=ORIENTED_EDGE('',*,*,#1881,.F.);
#2408=ORIENTED_EDGE('',*,*,#1882,.F.);
#2409=ORIENTED_EDGE('',*,*,#1883,.F.);
#2410=ORIENTED_EDGE('',*,*,#1884,.F.);
#2411=ORIENTED_EDGE('',*,*,#1885,.T.);
#2412=ORIENTED_EDGE('',*,*,#1886,.T.);
#2413=ORIENTED_EDGE('',*,*,#1887,.T.);
#2414=ORIENTED_EDGE('',*,*,#1888,.T.);
#2415=ORIENTED_EDGE('',*,*,#1889,.T.);
#2416=ORIENTED_EDGE('',*,*,#1890,.T.);
#2417=ORIENTED_EDGE('',*,*,#1891,.T.);
#2418=ORIENTED_EDGE('',*,*,#1892,.T.);
#2419=ORIENTED_EDGE('',*,*,#1893,.T.);
#2420=ORIENTED_EDGE('',*,*,#1894,.T.);
#2421=ORIENTED_EDGE('',*,*,#1895,.T.);
#2422=ORIENTED_EDGE('',*,*,#1896,.T.);
#2423=ORIENTED_EDGE('',*,*,#1897,.T.);
#2424=ORIENTED_EDGE('',*,*,#1898,.T.);
#2425=ORIENTED_EDGE('',*,*,#1899,.T.);
#2426=ORIENTED_EDGE('',*,*,#1900,.T.);
#2427=ORIENTED_EDGE('',*,*,#1901,.T.);
#2428=ORIENTED_EDGE('',*,*,#1902,.T.);
#2429=ORIENTED_EDGE('',*,*,#1903,.T.);
#2430=ORIENTED_EDGE('',*,*,#1904,.T.);
#2431=ORIENTED_EDGE('',*,*,#1905,.T.);
#2432=ORIENTED_EDGE('',*,*,#1906,.T.);
#2433=ORIENTED_EDGE('',*,*,#1907,.T.);
#2434=ORIENTED_EDGE('',*,*,#1908,.T.);
#2435=ORIENTED_EDGE('',*,*,#1909,.T.);
#2436=ORIENTED_EDGE('',*,*,#1910,.T.);
#2437=ORIENTED_EDGE('',*,*,#1911,.T.);
#2438=ORIENTED_EDGE('',*,*,#1912,.T.);
#2439=ORIENTED_EDGE('',*,*,#1913,.T.);
#2440=ORIENTED_EDGE('',*,*,#1914,.T.);
#2441=ORIENTED_EDGE('',*,*,#1915,.T.);
#2442=ORIENTED_EDGE('',*,*,#1916,.T.);
#2443=ORIENTED_EDGE('',*,*,#1917,.T.);
#2444=ORIENTED_EDGE('',*,*,#1918,.T.);
#2445=ORIENTED_EDGE('',*,*,#1919,.T.);
#2446=ORIENTED_EDGE('',*,*,#1920,.T.);
#2447=ORIENTED_EDGE('',*,*,#1921,.T.);
#2448=ORIENTED_EDGE('',*,*,#1922,.T.);
#2449=ORIENTED_EDGE('',*,*,#1923,.T.);
#2450=ORIENTED_EDGE('',*,*,#1924,.T.);
#2451=ORIENTED_EDGE('',*,*,#1925,.T.);
#2452=ORIENTED_EDGE('',*,*,#1926,.T.);
#2453=ORIENTED_EDGE('',*,*,#1927,.T.);
#2454=ORIENTED_EDGE('',*,*,#1928,.T.);
#2455=ORIENTED_EDGE('',*,*,#1929,.T.);
#2456=ORIENTED_EDGE('',*,*,#1930,.T.);
#2457=ORIENTED_EDGE('',*,*,#1931,.T.);
#2458=ORIENTED_EDGE('',*,*,#1932,.T.);
#2459=ORIENTED_EDGE('',*,*,#1933,.T.);
#2460=ORIENTED_EDGE('',*,*,#1934,.T.);
#2461=ORIENTED_EDGE('',*,*,#1935,.T.);
#2462=ORIENTED_EDGE('',*,*,#1936,.T.);
#2463=ORIENTED_EDGE('',*,*,#1937,.T.);
#2464=ORIENTED_EDGE('',*,*,#1938,.T.);
#2465=ORIENTED_EDGE('',*,*,#1939,.T.);
#2466=ORIENTED_EDGE('',*,*,#1940,.T.);
#2467=ORIENTED_EDGE('',*,*,#1941,.T.);
#2468=ORIENTED_EDGE('',*,*,#1942,.T.);
#2469=ORIENTED_EDGE('',*,*,#1943,.T.);
#2470=ORIENTED_EDGE('',*,*,#1944,.T.);
#2471=ORIENTED_EDGE('',*,*,#1945,.T.);
#2472=ORIENTED_EDGE('',*,*,#1946,.T.);
#2473=ORIENTED_EDGE('',*,*,#1947,.T.);
#2474=ORIENTED_EDGE('',*,*,#1948,.T.);
#2475=ORIENTED_EDGE('',*,*,#1949,.T.);
#2476=ORIENTED_EDGE('',*,*,#1950,.T.);
#2477=ORIENTED_EDGE('',*,*,#1951,.T.);
#2478=ORIENTED_EDGE('',*,*,#1952,.T.);
#2479=ORIENTED_EDGE('',*,*,#1953,.T.);
#2480=ORIENTED_EDGE('',*,*,#1954,.T.);
#2481=ORIENTED_EDGE('',*,*,#1955,.T.);
#2482=ORIENTED_EDGE('',*,*,#1956,.T.);
#2483=ORIENTED_EDGE('',*,*,#1957,.T.);
#2484=ORIENTED_EDGE('',*,*,#1958,.T.);
#2485=ORIENTED_EDGE('',*,*,#1959,.T.);
#2486=ORIENTED_EDGE('',*,*,#1960,.T.);
#2487=ORIENTED_EDGE('',*,*,#1961,.T.);
#2488=ORIENTED_EDGE('',*,*,#1962,.T.);
#2489=ORIENTED_EDGE('',*,*,#1963,.T.);
#2490=ORIENTED_EDGE('',*,*,#1964,.T.);
#2491=ORIENTED_EDGE('',*,*,#1965,.T.);
#2492=ORIENTED_EDGE('',*,*,#1966,.T.);
#2493=ORIENTED_EDGE('',*,*,#1967,.T.);
#2494=ORIENTED_EDGE('',*,*,#1968,.T.);
#2495=ORIENTED_EDGE('',*,*,#1969,.T.);
#2496=ORIENTED_EDGE('',*,*,#1970,.T.);
#2497=ORIENTED_EDGE('',*,*,#1971,.T.);
#2498=ORIENTED_EDGE('',*,*,#1972,.T.);
#2499=ORIENTED_EDGE('',*,*,#1973,.T.);
#2500=ORIENTED_EDGE('',*,*,#1974,.T.);
#2501=ORIENTED_EDGE('',*,*,#1975,.T.);
#2502=ORIENTED_EDGE('',*,*,#1976,.T.);
#2503=ORIENTED_EDGE('',*,*,#1977,.T.);
#2504=ORIENTED_EDGE('',*,*,#1978,.T.);
#2505=ORIENTED_EDGE('',*,*,#1979,.T.);
#2506=ORIENTED_EDGE('',*,*,#1980,.T.);
#2507=ORIENTED_EDGE('',*,*,#1981,.T.);
#2508=ORIENTED_EDGE('',*,*,#1982,.T.);
#2509=ORIENTED_EDGE('',*,*,#1983,.T.);
#2510=ORIENTED_EDGE('',*,*,#1984,.T.);
#2511=ORIENTED_EDGE('',*,*,#1985,.T.);
#2512=ORIENTED_EDGE('',*,*,#1986,.T.);
#2513=ORIENTED_EDGE('',*,*,#1987,.T.);
#2514=ORIENTED_EDGE('',*,*,#1988,.T.);
#2515=ORIENTED_EDGE('',*,*,#1989,.T.);
#2516=ORIENTED_EDGE('',*,*,#1990,.T.);
#2517=ORIENTED_EDGE('',*,*,#1991,.T.);
#2518=ORIENTED_EDGE('',*,*,#1992,.T.);
#2519=ORIENTED_EDGE('',*,*,#1993,.T.);
#2520=ORIENTED_EDGE('',*,*,#1994,.T.);
#2521=ORIENTED_EDGE('',*,*,#1995,.T.);
#2522=ORIENTED_EDGE('',*,*,#1996,.T.);
#2523=ORIENTED_EDGE('',*,*,#1997,.T.);
#2524=ORIENTED_EDGE('',*,*,#1998,.T.);
#2525=ORIENTED_EDGE('',*,*,#1999,.T.);
#2526=ORIENTED_EDGE('',*,*,#2000,.T.);
#2527=ORIENTED_EDGE('',*,*,#2001,.T.);
#2528=ORIENTED_EDGE('',*,*,#2002,.T.);
#2529=ORIENTED_EDGE('',*,*,#2003,.T.);
#2530=ORIENTED_EDGE('',*,*,#2004,.T.);
#2531=ORIENTED_EDGE('',*,*,#2005,.T.);
#2532=ORIENTED_EDGE('',*,*,#2006,.T.);
#2533=ORIENTED_EDGE('',*,*,#2007,.T.);
#2534=ORIENTED_EDGE('',*,*,#2008,.T.);
#2535=ORIENTED_EDGE('',*,*,#2009,.T.);
#2536=ORIENTED_EDGE('',*,*,#2010,.T.);
#2537=ORIENTED_EDGE('',*,*,#2011,.T.);
#2538=ORIENTED_EDGE('',*,*,#2012,.T.);
#2539=ORIENTED_EDGE('',*,*,#2013,.T.);
#2540=ORIENTED_EDGE('',*,*,#2014,.T.);
#2541=ORIENTED_EDGE('',*,*,#2015,.T.);
#2542=ORIENTED_EDGE('',*,*,#2016,.T.);
#2543=ORIENTED_EDGE('',*,*,#2017,.F.);
#2544=ORIENTED_EDGE('',*,*,#2018,.F.);
#2545=ORIENTED_EDGE('',*,*,#2019,.F.);
#2546=ORIENTED_EDGE('',*,*,#2020,.F.);
#2547=ORIENTED_EDGE('',*,*,#1862,.F.);
#2548=ORIENTED_EDGE('',*,*,#2021,.F.);
#2549=ORIENTED_EDGE('',*,*,#2022,.T.);
#2550=ORIENTED_EDGE('',*,*,#1864,.F.);
#2551=ORIENTED_EDGE('',*,*,#2022,.F.);
#2552=ORIENTED_EDGE('',*,*,#1881,.T.);
#2553=ORIENTED_EDGE('',*,*,#2023,.T.);
#2554=ORIENTED_EDGE('',*,*,#2024,.T.);
#2555=ORIENTED_EDGE('',*,*,#2023,.F.);
#2556=ORIENTED_EDGE('',*,*,#2025,.F.);
#2557=ORIENTED_EDGE('',*,*,#2026,.T.);
#2558=ORIENTED_EDGE('',*,*,#2024,.F.);
#2559=ORIENTED_EDGE('',*,*,#2026,.F.);
#2560=ORIENTED_EDGE('',*,*,#2020,.T.);
#2561=ORIENTED_EDGE('',*,*,#2027,.T.);
#2562=ORIENTED_EDGE('',*,*,#2028,.T.);
#2563=ORIENTED_EDGE('',*,*,#2027,.F.);
#2564=ORIENTED_EDGE('',*,*,#2029,.F.);
#2565=ORIENTED_EDGE('',*,*,#2030,.T.);
#2566=ORIENTED_EDGE('',*,*,#2028,.F.);
#2567=ORIENTED_EDGE('',*,*,#2030,.F.);
#2568=ORIENTED_EDGE('',*,*,#1882,.T.);
#2569=ORIENTED_EDGE('',*,*,#2031,.T.);
#2570=ORIENTED_EDGE('',*,*,#2032,.T.);
#2571=ORIENTED_EDGE('',*,*,#2031,.F.);
#2572=ORIENTED_EDGE('',*,*,#2033,.F.);
#2573=ORIENTED_EDGE('',*,*,#2034,.T.);
#2574=ORIENTED_EDGE('',*,*,#2032,.F.);
#2575=ORIENTED_EDGE('',*,*,#2034,.F.);
#2576=ORIENTED_EDGE('',*,*,#2019,.T.);
#2577=ORIENTED_EDGE('',*,*,#2035,.T.);
#2578=ORIENTED_EDGE('',*,*,#2036,.T.);
#2579=ORIENTED_EDGE('',*,*,#2035,.F.);
#2580=ORIENTED_EDGE('',*,*,#2037,.F.);
#2581=ORIENTED_EDGE('',*,*,#2038,.T.);
#2582=ORIENTED_EDGE('',*,*,#2036,.F.);
#2583=ORIENTED_EDGE('',*,*,#2038,.F.);
#2584=ORIENTED_EDGE('',*,*,#1883,.T.);
#2585=ORIENTED_EDGE('',*,*,#2039,.T.);
#2586=ORIENTED_EDGE('',*,*,#2040,.T.);
#2587=ORIENTED_EDGE('',*,*,#2039,.F.);
#2588=ORIENTED_EDGE('',*,*,#2041,.F.);
#2589=ORIENTED_EDGE('',*,*,#2042,.T.);
#2590=ORIENTED_EDGE('',*,*,#2040,.F.);
#2591=ORIENTED_EDGE('',*,*,#2042,.F.);
#2592=ORIENTED_EDGE('',*,*,#2018,.T.);
#2593=ORIENTED_EDGE('',*,*,#2043,.T.);
#2594=ORIENTED_EDGE('',*,*,#2044,.T.);
#2595=ORIENTED_EDGE('',*,*,#2043,.F.);
#2596=ORIENTED_EDGE('',*,*,#2045,.F.);
#2597=ORIENTED_EDGE('',*,*,#2046,.T.);
#2598=ORIENTED_EDGE('',*,*,#2044,.F.);
#2599=ORIENTED_EDGE('',*,*,#2046,.F.);
#2600=ORIENTED_EDGE('',*,*,#1884,.T.);
#2601=ORIENTED_EDGE('',*,*,#2047,.T.);
#2602=ORIENTED_EDGE('',*,*,#2048,.T.);
#2603=ORIENTED_EDGE('',*,*,#2047,.F.);
#2604=ORIENTED_EDGE('',*,*,#2049,.F.);
#2605=ORIENTED_EDGE('',*,*,#2050,.T.);
#2606=ORIENTED_EDGE('',*,*,#2048,.F.);
#2607=ORIENTED_EDGE('',*,*,#2050,.F.);
#2608=ORIENTED_EDGE('',*,*,#2017,.T.);
#2609=ORIENTED_EDGE('',*,*,#2051,.T.);
#2610=ORIENTED_EDGE('',*,*,#2052,.T.);
#2611=ORIENTED_EDGE('',*,*,#2051,.F.);
#2612=ORIENTED_EDGE('',*,*,#2053,.F.);
#2613=ORIENTED_EDGE('',*,*,#2054,.T.);
#2614=ORIENTED_EDGE('',*,*,#2052,.F.);
#2615=ORIENTED_EDGE('',*,*,#2054,.F.);
#2616=ORIENTED_EDGE('',*,*,#2055,.F.);
#2617=ORIENTED_EDGE('',*,*,#2056,.T.);
#2618=ORIENTED_EDGE('',*,*,#2053,.T.);
#2619=ORIENTED_EDGE('',*,*,#2056,.F.);
#2620=ORIENTED_EDGE('',*,*,#2057,.F.);
#2621=ORIENTED_EDGE('',*,*,#2058,.T.);
#2622=ORIENTED_EDGE('',*,*,#2037,.T.);
#2623=ORIENTED_EDGE('',*,*,#2058,.F.);
#2624=ORIENTED_EDGE('',*,*,#2059,.F.);
#2625=ORIENTED_EDGE('',*,*,#2060,.T.);
#2626=ORIENTED_EDGE('',*,*,#2025,.T.);
#2627=ORIENTED_EDGE('',*,*,#2060,.F.);
#2628=ORIENTED_EDGE('',*,*,#2061,.F.);
#2629=ORIENTED_EDGE('',*,*,#2062,.T.);
#2630=ORIENTED_EDGE('',*,*,#2029,.T.);
#2631=ORIENTED_EDGE('',*,*,#2062,.F.);
#2632=ORIENTED_EDGE('',*,*,#2063,.F.);
#2633=ORIENTED_EDGE('',*,*,#2064,.T.);
#2634=ORIENTED_EDGE('',*,*,#2021,.T.);
#2635=ORIENTED_EDGE('',*,*,#2064,.F.);
#2636=ORIENTED_EDGE('',*,*,#2065,.F.);
#2637=ORIENTED_EDGE('',*,*,#2066,.T.);
#2638=ORIENTED_EDGE('',*,*,#2033,.T.);
#2639=ORIENTED_EDGE('',*,*,#2066,.F.);
#2640=ORIENTED_EDGE('',*,*,#2067,.F.);
#2641=ORIENTED_EDGE('',*,*,#2068,.T.);
#2642=ORIENTED_EDGE('',*,*,#2045,.T.);
#2643=ORIENTED_EDGE('',*,*,#2068,.F.);
#2644=ORIENTED_EDGE('',*,*,#2069,.F.);
#2645=ORIENTED_EDGE('',*,*,#2070,.T.);
#2646=ORIENTED_EDGE('',*,*,#2049,.T.);
#2647=ORIENTED_EDGE('',*,*,#2070,.F.);
#2648=ORIENTED_EDGE('',*,*,#2071,.F.);
#2649=ORIENTED_EDGE('',*,*,#2072,.T.);
#2650=ORIENTED_EDGE('',*,*,#2041,.T.);
#2651=ORIENTED_EDGE('',*,*,#2072,.F.);
#2652=ORIENTED_EDGE('',*,*,#2073,.F.);
#2653=ORIENTED_EDGE('',*,*,#2074,.T.);
#2654=ORIENTED_EDGE('',*,*,#2075,.F.);
#2655=ORIENTED_EDGE('',*,*,#2074,.F.);
#2656=ORIENTED_EDGE('',*,*,#2073,.T.);
#2657=ORIENTED_EDGE('',*,*,#2076,.F.);
#2658=ORIENTED_EDGE('',*,*,#2077,.T.);
#2659=ORIENTED_EDGE('',*,*,#2078,.F.);
#2660=ORIENTED_EDGE('',*,*,#2077,.F.);
#2661=ORIENTED_EDGE('',*,*,#2076,.T.);
#2662=ORIENTED_EDGE('',*,*,#1889,.F.);
#2663=ORIENTED_EDGE('',*,*,#2079,.F.);
#2664=ORIENTED_EDGE('',*,*,#2080,.T.);
#2665=ORIENTED_EDGE('',*,*,#2081,.F.);
#2666=ORIENTED_EDGE('',*,*,#2080,.F.);
#2667=ORIENTED_EDGE('',*,*,#2082,.F.);
#2668=ORIENTED_EDGE('',*,*,#1888,.F.);
#2669=ORIENTED_EDGE('',*,*,#2083,.T.);
#2670=ORIENTED_EDGE('',*,*,#2084,.T.);
#2671=ORIENTED_EDGE('',*,*,#2083,.F.);
#2672=ORIENTED_EDGE('',*,*,#2084,.F.);
#2673=ORIENTED_EDGE('',*,*,#2085,.F.);
#2674=ORIENTED_EDGE('',*,*,#2001,.F.);
#2675=ORIENTED_EDGE('',*,*,#2086,.F.);
#2676=ORIENTED_EDGE('',*,*,#2087,.T.);
#2677=ORIENTED_EDGE('',*,*,#2088,.F.);
#2678=ORIENTED_EDGE('',*,*,#2089,.F.);
#2679=ORIENTED_EDGE('',*,*,#2087,.F.);
#2680=ORIENTED_EDGE('',*,*,#1985,.F.);
#2681=ORIENTED_EDGE('',*,*,#2090,.F.);
#2682=ORIENTED_EDGE('',*,*,#2091,.T.);
#2683=ORIENTED_EDGE('',*,*,#2092,.F.);
#2684=ORIENTED_EDGE('',*,*,#2093,.F.);
#2685=ORIENTED_EDGE('',*,*,#2091,.F.);
#2686=ORIENTED_EDGE('',*,*,#1969,.F.);
#2687=ORIENTED_EDGE('',*,*,#2094,.F.);
#2688=ORIENTED_EDGE('',*,*,#2095,.T.);
#2689=ORIENTED_EDGE('',*,*,#2096,.F.);
#2690=ORIENTED_EDGE('',*,*,#2097,.F.);
#2691=ORIENTED_EDGE('',*,*,#2095,.F.);
#2692=ORIENTED_EDGE('',*,*,#1953,.F.);
#2693=ORIENTED_EDGE('',*,*,#2098,.F.);
#2694=ORIENTED_EDGE('',*,*,#2099,.T.);
#2695=ORIENTED_EDGE('',*,*,#2100,.F.);
#2696=ORIENTED_EDGE('',*,*,#2101,.F.);
#2697=ORIENTED_EDGE('',*,*,#2099,.F.);
#2698=ORIENTED_EDGE('',*,*,#1937,.F.);
#2699=ORIENTED_EDGE('',*,*,#2102,.F.);
#2700=ORIENTED_EDGE('',*,*,#2103,.T.);
#2701=ORIENTED_EDGE('',*,*,#2104,.F.);
#2702=ORIENTED_EDGE('',*,*,#2105,.F.);
#2703=ORIENTED_EDGE('',*,*,#2103,.F.);
#2704=ORIENTED_EDGE('',*,*,#1921,.F.);
#2705=ORIENTED_EDGE('',*,*,#2106,.F.);
#2706=ORIENTED_EDGE('',*,*,#2107,.T.);
#2707=ORIENTED_EDGE('',*,*,#2108,.F.);
#2708=ORIENTED_EDGE('',*,*,#2109,.F.);
#2709=ORIENTED_EDGE('',*,*,#2107,.F.);
#2710=ORIENTED_EDGE('',*,*,#1905,.F.);
#2711=ORIENTED_EDGE('',*,*,#2110,.F.);
#2712=ORIENTED_EDGE('',*,*,#2111,.T.);
#2713=ORIENTED_EDGE('',*,*,#2112,.F.);
#2714=ORIENTED_EDGE('',*,*,#2113,.F.);
#2715=ORIENTED_EDGE('',*,*,#2111,.F.);
#2716=ORIENTED_EDGE('',*,*,#1913,.F.);
#2717=ORIENTED_EDGE('',*,*,#2114,.F.);
#2718=ORIENTED_EDGE('',*,*,#2115,.T.);
#2719=ORIENTED_EDGE('',*,*,#2116,.F.);
#2720=ORIENTED_EDGE('',*,*,#2115,.F.);
#2721=ORIENTED_EDGE('',*,*,#2117,.F.);
#2722=ORIENTED_EDGE('',*,*,#1925,.F.);
#2723=ORIENTED_EDGE('',*,*,#2118,.F.);
#2724=ORIENTED_EDGE('',*,*,#2119,.T.);
#2725=ORIENTED_EDGE('',*,*,#2120,.F.);
#2726=ORIENTED_EDGE('',*,*,#2121,.F.);
#2727=ORIENTED_EDGE('',*,*,#2119,.F.);
#2728=ORIENTED_EDGE('',*,*,#1945,.F.);
#2729=ORIENTED_EDGE('',*,*,#2122,.F.);
#2730=ORIENTED_EDGE('',*,*,#2123,.T.);
#2731=ORIENTED_EDGE('',*,*,#2124,.F.);
#2732=ORIENTED_EDGE('',*,*,#2123,.F.);
#2733=ORIENTED_EDGE('',*,*,#2125,.F.);
#2734=ORIENTED_EDGE('',*,*,#1961,.F.);
#2735=ORIENTED_EDGE('',*,*,#2126,.F.);
#2736=ORIENTED_EDGE('',*,*,#2127,.T.);
#2737=ORIENTED_EDGE('',*,*,#2128,.F.);
#2738=ORIENTED_EDGE('',*,*,#2127,.F.);
#2739=ORIENTED_EDGE('',*,*,#2129,.F.);
#2740=ORIENTED_EDGE('',*,*,#1977,.F.);
#2741=ORIENTED_EDGE('',*,*,#2130,.F.);
#2742=ORIENTED_EDGE('',*,*,#2131,.T.);
#2743=ORIENTED_EDGE('',*,*,#2132,.F.);
#2744=ORIENTED_EDGE('',*,*,#2131,.F.);
#2745=ORIENTED_EDGE('',*,*,#2133,.F.);
#2746=ORIENTED_EDGE('',*,*,#1989,.F.);
#2747=ORIENTED_EDGE('',*,*,#2134,.F.);
#2748=ORIENTED_EDGE('',*,*,#2135,.T.);
#2749=ORIENTED_EDGE('',*,*,#2136,.F.);
#2750=ORIENTED_EDGE('',*,*,#2137,.F.);
#2751=ORIENTED_EDGE('',*,*,#2135,.F.);
#2752=ORIENTED_EDGE('',*,*,#2005,.F.);
#2753=ORIENTED_EDGE('',*,*,#2138,.F.);
#2754=ORIENTED_EDGE('',*,*,#2139,.T.);
#2755=ORIENTED_EDGE('',*,*,#2140,.F.);
#2756=ORIENTED_EDGE('',*,*,#2141,.F.);
#2757=ORIENTED_EDGE('',*,*,#2139,.F.);
#2758=ORIENTED_EDGE('',*,*,#1901,.F.);
#2759=ORIENTED_EDGE('',*,*,#2142,.F.);
#2760=ORIENTED_EDGE('',*,*,#2143,.T.);
#2761=ORIENTED_EDGE('',*,*,#2144,.F.);
#2762=ORIENTED_EDGE('',*,*,#2145,.F.);
#2763=ORIENTED_EDGE('',*,*,#2143,.F.);
#2764=ORIENTED_EDGE('',*,*,#1887,.F.);
#2765=ORIENTED_EDGE('',*,*,#2146,.T.);
#2766=ORIENTED_EDGE('',*,*,#2147,.T.);
#2767=ORIENTED_EDGE('',*,*,#2146,.F.);
#2768=ORIENTED_EDGE('',*,*,#2147,.F.);
#2769=ORIENTED_EDGE('',*,*,#2148,.F.);
#2770=ORIENTED_EDGE('',*,*,#1893,.F.);
#2771=ORIENTED_EDGE('',*,*,#2149,.F.);
#2772=ORIENTED_EDGE('',*,*,#2150,.T.);
#2773=ORIENTED_EDGE('',*,*,#2151,.F.);
#2774=ORIENTED_EDGE('',*,*,#2152,.F.);
#2775=ORIENTED_EDGE('',*,*,#2150,.F.);
#2776=ORIENTED_EDGE('',*,*,#1886,.F.);
#2777=ORIENTED_EDGE('',*,*,#2153,.T.);
#2778=ORIENTED_EDGE('',*,*,#2154,.T.);
#2779=ORIENTED_EDGE('',*,*,#2153,.F.);
#2780=ORIENTED_EDGE('',*,*,#2154,.F.);
#2781=ORIENTED_EDGE('',*,*,#2155,.F.);
#2782=ORIENTED_EDGE('',*,*,#2009,.F.);
#2783=ORIENTED_EDGE('',*,*,#2156,.F.);
#2784=ORIENTED_EDGE('',*,*,#2157,.T.);
#2785=ORIENTED_EDGE('',*,*,#2158,.F.);
#2786=ORIENTED_EDGE('',*,*,#2159,.F.);
#2787=ORIENTED_EDGE('',*,*,#2157,.F.);
#2788=ORIENTED_EDGE('',*,*,#1997,.F.);
#2789=ORIENTED_EDGE('',*,*,#2160,.F.);
#2790=ORIENTED_EDGE('',*,*,#2161,.T.);
#2791=ORIENTED_EDGE('',*,*,#2162,.F.);
#2792=ORIENTED_EDGE('',*,*,#2163,.F.);
#2793=ORIENTED_EDGE('',*,*,#2161,.F.);
#2794=ORIENTED_EDGE('',*,*,#1973,.F.);
#2795=ORIENTED_EDGE('',*,*,#2164,.F.);
#2796=ORIENTED_EDGE('',*,*,#2165,.T.);
#2797=ORIENTED_EDGE('',*,*,#2166,.F.);
#2798=ORIENTED_EDGE('',*,*,#2167,.F.);
#2799=ORIENTED_EDGE('',*,*,#2165,.F.);
#2800=ORIENTED_EDGE('',*,*,#1965,.F.);
#2801=ORIENTED_EDGE('',*,*,#2168,.F.);
#2802=ORIENTED_EDGE('',*,*,#2169,.T.);
#2803=ORIENTED_EDGE('',*,*,#2170,.F.);
#2804=ORIENTED_EDGE('',*,*,#2171,.F.);
#2805=ORIENTED_EDGE('',*,*,#2169,.F.);
#2806=ORIENTED_EDGE('',*,*,#1941,.F.);
#2807=ORIENTED_EDGE('',*,*,#2172,.F.);
#2808=ORIENTED_EDGE('',*,*,#2173,.T.);
#2809=ORIENTED_EDGE('',*,*,#2174,.F.);
#2810=ORIENTED_EDGE('',*,*,#2175,.F.);
#2811=ORIENTED_EDGE('',*,*,#2173,.F.);
#2812=ORIENTED_EDGE('',*,*,#1929,.F.);
#2813=ORIENTED_EDGE('',*,*,#2176,.F.);
#2814=ORIENTED_EDGE('',*,*,#2177,.T.);
#2815=ORIENTED_EDGE('',*,*,#2178,.F.);
#2816=ORIENTED_EDGE('',*,*,#2179,.F.);
#2817=ORIENTED_EDGE('',*,*,#2177,.F.);
#2818=ORIENTED_EDGE('',*,*,#1909,.F.);
#2819=ORIENTED_EDGE('',*,*,#2180,.F.);
#2820=ORIENTED_EDGE('',*,*,#2181,.T.);
#2821=ORIENTED_EDGE('',*,*,#2182,.F.);
#2822=ORIENTED_EDGE('',*,*,#2183,.F.);
#2823=ORIENTED_EDGE('',*,*,#2181,.F.);
#2824=ORIENTED_EDGE('',*,*,#1917,.F.);
#2825=ORIENTED_EDGE('',*,*,#2184,.F.);
#2826=ORIENTED_EDGE('',*,*,#2185,.T.);
#2827=ORIENTED_EDGE('',*,*,#2186,.F.);
#2828=ORIENTED_EDGE('',*,*,#2187,.F.);
#2829=ORIENTED_EDGE('',*,*,#2185,.F.);
#2830=ORIENTED_EDGE('',*,*,#1933,.F.);
#2831=ORIENTED_EDGE('',*,*,#2188,.F.);
#2832=ORIENTED_EDGE('',*,*,#2189,.T.);
#2833=ORIENTED_EDGE('',*,*,#2190,.F.);
#2834=ORIENTED_EDGE('',*,*,#2189,.F.);
#2835=ORIENTED_EDGE('',*,*,#2191,.F.);
#2836=ORIENTED_EDGE('',*,*,#1949,.F.);
#2837=ORIENTED_EDGE('',*,*,#2192,.F.);
#2838=ORIENTED_EDGE('',*,*,#2193,.T.);
#2839=ORIENTED_EDGE('',*,*,#2194,.F.);
#2840=ORIENTED_EDGE('',*,*,#2195,.F.);
#2841=ORIENTED_EDGE('',*,*,#2193,.F.);
#2842=ORIENTED_EDGE('',*,*,#1957,.F.);
#2843=ORIENTED_EDGE('',*,*,#2196,.F.);
#2844=ORIENTED_EDGE('',*,*,#2197,.T.);
#2845=ORIENTED_EDGE('',*,*,#2198,.F.);
#2846=ORIENTED_EDGE('',*,*,#2199,.F.);
#2847=ORIENTED_EDGE('',*,*,#2197,.F.);
#2848=ORIENTED_EDGE('',*,*,#1981,.F.);
#2849=ORIENTED_EDGE('',*,*,#2200,.F.);
#2850=ORIENTED_EDGE('',*,*,#2201,.T.);
#2851=ORIENTED_EDGE('',*,*,#2202,.F.);
#2852=ORIENTED_EDGE('',*,*,#2203,.F.);
#2853=ORIENTED_EDGE('',*,*,#2201,.F.);
#2854=ORIENTED_EDGE('',*,*,#1993,.F.);
#2855=ORIENTED_EDGE('',*,*,#2204,.F.);
#2856=ORIENTED_EDGE('',*,*,#2205,.T.);
#2857=ORIENTED_EDGE('',*,*,#2206,.F.);
#2858=ORIENTED_EDGE('',*,*,#2205,.F.);
#2859=ORIENTED_EDGE('',*,*,#2207,.F.);
#2860=ORIENTED_EDGE('',*,*,#2013,.F.);
#2861=ORIENTED_EDGE('',*,*,#2208,.F.);
#2862=ORIENTED_EDGE('',*,*,#2209,.T.);
#2863=ORIENTED_EDGE('',*,*,#2210,.F.);
#2864=ORIENTED_EDGE('',*,*,#2209,.F.);
#2865=ORIENTED_EDGE('',*,*,#2211,.F.);
#2866=ORIENTED_EDGE('',*,*,#1897,.F.);
#2867=ORIENTED_EDGE('',*,*,#2212,.F.);
#2868=ORIENTED_EDGE('',*,*,#2213,.T.);
#2869=ORIENTED_EDGE('',*,*,#2214,.F.);
#2870=ORIENTED_EDGE('',*,*,#2215,.F.);
#2871=ORIENTED_EDGE('',*,*,#2213,.F.);
#2872=ORIENTED_EDGE('',*,*,#1885,.F.);
#2873=ORIENTED_EDGE('',*,*,#2216,.T.);
#2874=ORIENTED_EDGE('',*,*,#2217,.T.);
#2875=ORIENTED_EDGE('',*,*,#2216,.F.);
#2876=ORIENTED_EDGE('',*,*,#2217,.F.);
#2877=ORIENTED_EDGE('',*,*,#2218,.F.);
#2878=ORIENTED_EDGE('',*,*,#2088,.T.);
#2879=ORIENTED_EDGE('',*,*,#2089,.T.);
#2880=ORIENTED_EDGE('',*,*,#2086,.T.);
#2881=ORIENTED_EDGE('',*,*,#2016,.F.);
#2882=ORIENTED_EDGE('',*,*,#2219,.F.);
#2883=ORIENTED_EDGE('',*,*,#2220,.F.);
#2884=ORIENTED_EDGE('',*,*,#2221,.T.);
#2885=ORIENTED_EDGE('',*,*,#2002,.F.);
#2886=ORIENTED_EDGE('',*,*,#2092,.T.);
#2887=ORIENTED_EDGE('',*,*,#2093,.T.);
#2888=ORIENTED_EDGE('',*,*,#2090,.T.);
#2889=ORIENTED_EDGE('',*,*,#2000,.F.);
#2890=ORIENTED_EDGE('',*,*,#2222,.F.);
#2891=ORIENTED_EDGE('',*,*,#2223,.F.);
#2892=ORIENTED_EDGE('',*,*,#2224,.T.);
#2893=ORIENTED_EDGE('',*,*,#1986,.F.);
#2894=ORIENTED_EDGE('',*,*,#2096,.T.);
#2895=ORIENTED_EDGE('',*,*,#2097,.T.);
#2896=ORIENTED_EDGE('',*,*,#2094,.T.);
#2897=ORIENTED_EDGE('',*,*,#1984,.F.);
#2898=ORIENTED_EDGE('',*,*,#2225,.F.);
#2899=ORIENTED_EDGE('',*,*,#2226,.F.);
#2900=ORIENTED_EDGE('',*,*,#2227,.T.);
#2901=ORIENTED_EDGE('',*,*,#1970,.F.);
#2902=ORIENTED_EDGE('',*,*,#2100,.T.);
#2903=ORIENTED_EDGE('',*,*,#2101,.T.);
#2904=ORIENTED_EDGE('',*,*,#2098,.T.);
#2905=ORIENTED_EDGE('',*,*,#1968,.F.);
#2906=ORIENTED_EDGE('',*,*,#2228,.F.);
#2907=ORIENTED_EDGE('',*,*,#2229,.F.);
#2908=ORIENTED_EDGE('',*,*,#2230,.T.);
#2909=ORIENTED_EDGE('',*,*,#1954,.F.);
#2910=ORIENTED_EDGE('',*,*,#2104,.T.);
#2911=ORIENTED_EDGE('',*,*,#2105,.T.);
#2912=ORIENTED_EDGE('',*,*,#2102,.T.);
#2913=ORIENTED_EDGE('',*,*,#1952,.F.);
#2914=ORIENTED_EDGE('',*,*,#2231,.F.);
#2915=ORIENTED_EDGE('',*,*,#2232,.F.);
#2916=ORIENTED_EDGE('',*,*,#2233,.T.);
#2917=ORIENTED_EDGE('',*,*,#1938,.F.);
#2918=ORIENTED_EDGE('',*,*,#2108,.T.);
#2919=ORIENTED_EDGE('',*,*,#2109,.T.);
#2920=ORIENTED_EDGE('',*,*,#2106,.T.);
#2921=ORIENTED_EDGE('',*,*,#1936,.F.);
#2922=ORIENTED_EDGE('',*,*,#2234,.F.);
#2923=ORIENTED_EDGE('',*,*,#2235,.F.);
#2924=ORIENTED_EDGE('',*,*,#2236,.T.);
#2925=ORIENTED_EDGE('',*,*,#1922,.F.);
#2926=ORIENTED_EDGE('',*,*,#2112,.T.);
#2927=ORIENTED_EDGE('',*,*,#2113,.T.);
#2928=ORIENTED_EDGE('',*,*,#2110,.T.);
#2929=ORIENTED_EDGE('',*,*,#1920,.F.);
#2930=ORIENTED_EDGE('',*,*,#2237,.F.);
#2931=ORIENTED_EDGE('',*,*,#2238,.F.);
#2932=ORIENTED_EDGE('',*,*,#2239,.T.);
#2933=ORIENTED_EDGE('',*,*,#1906,.F.);
#2934=ORIENTED_EDGE('',*,*,#2120,.T.);
#2935=ORIENTED_EDGE('',*,*,#2121,.T.);
#2936=ORIENTED_EDGE('',*,*,#2118,.T.);
#2937=ORIENTED_EDGE('',*,*,#1924,.F.);
#2938=ORIENTED_EDGE('',*,*,#2240,.F.);
#2939=ORIENTED_EDGE('',*,*,#2241,.F.);
#2940=ORIENTED_EDGE('',*,*,#2242,.T.);
#2941=ORIENTED_EDGE('',*,*,#1926,.F.);
#2942=ORIENTED_EDGE('',*,*,#2136,.T.);
#2943=ORIENTED_EDGE('',*,*,#2137,.T.);
#2944=ORIENTED_EDGE('',*,*,#2134,.T.);
#2945=ORIENTED_EDGE('',*,*,#1988,.F.);
#2946=ORIENTED_EDGE('',*,*,#2243,.F.);
#2947=ORIENTED_EDGE('',*,*,#2244,.F.);
#2948=ORIENTED_EDGE('',*,*,#2245,.T.);
#2949=ORIENTED_EDGE('',*,*,#1990,.F.);
#2950=ORIENTED_EDGE('',*,*,#2140,.T.);
#2951=ORIENTED_EDGE('',*,*,#2141,.T.);
#2952=ORIENTED_EDGE('',*,*,#2138,.T.);
#2953=ORIENTED_EDGE('',*,*,#2004,.F.);
#2954=ORIENTED_EDGE('',*,*,#2246,.F.);
#2955=ORIENTED_EDGE('',*,*,#2247,.F.);
#2956=ORIENTED_EDGE('',*,*,#2248,.T.);
#2957=ORIENTED_EDGE('',*,*,#2006,.F.);
#2958=ORIENTED_EDGE('',*,*,#2144,.T.);
#2959=ORIENTED_EDGE('',*,*,#2145,.T.);
#2960=ORIENTED_EDGE('',*,*,#2142,.T.);
#2961=ORIENTED_EDGE('',*,*,#1900,.F.);
#2962=ORIENTED_EDGE('',*,*,#2249,.F.);
#2963=ORIENTED_EDGE('',*,*,#2250,.F.);
#2964=ORIENTED_EDGE('',*,*,#2251,.T.);
#2965=ORIENTED_EDGE('',*,*,#1902,.F.);
#2966=ORIENTED_EDGE('',*,*,#2151,.T.);
#2967=ORIENTED_EDGE('',*,*,#2152,.T.);
#2968=ORIENTED_EDGE('',*,*,#2149,.T.);
#2969=ORIENTED_EDGE('',*,*,#1892,.F.);
#2970=ORIENTED_EDGE('',*,*,#2252,.F.);
#2971=ORIENTED_EDGE('',*,*,#2253,.F.);
#2972=ORIENTED_EDGE('',*,*,#2254,.T.);
#2973=ORIENTED_EDGE('',*,*,#1894,.F.);
#2974=ORIENTED_EDGE('',*,*,#2158,.T.);
#2975=ORIENTED_EDGE('',*,*,#2159,.T.);
#2976=ORIENTED_EDGE('',*,*,#2156,.T.);
#2977=ORIENTED_EDGE('',*,*,#2008,.F.);
#2978=ORIENTED_EDGE('',*,*,#2255,.F.);
#2979=ORIENTED_EDGE('',*,*,#2256,.F.);
#2980=ORIENTED_EDGE('',*,*,#2257,.T.);
#2981=ORIENTED_EDGE('',*,*,#2010,.F.);
#2982=ORIENTED_EDGE('',*,*,#2162,.T.);
#2983=ORIENTED_EDGE('',*,*,#2163,.T.);
#2984=ORIENTED_EDGE('',*,*,#2160,.T.);
#2985=ORIENTED_EDGE('',*,*,#1996,.F.);
#2986=ORIENTED_EDGE('',*,*,#2258,.F.);
#2987=ORIENTED_EDGE('',*,*,#2259,.F.);
#2988=ORIENTED_EDGE('',*,*,#2260,.T.);
#2989=ORIENTED_EDGE('',*,*,#1998,.F.);
#2990=ORIENTED_EDGE('',*,*,#2166,.T.);
#2991=ORIENTED_EDGE('',*,*,#2167,.T.);
#2992=ORIENTED_EDGE('',*,*,#2164,.T.);
#2993=ORIENTED_EDGE('',*,*,#1972,.F.);
#2994=ORIENTED_EDGE('',*,*,#2261,.F.);
#2995=ORIENTED_EDGE('',*,*,#2262,.F.);
#2996=ORIENTED_EDGE('',*,*,#2263,.T.);
#2997=ORIENTED_EDGE('',*,*,#1974,.F.);
#2998=ORIENTED_EDGE('',*,*,#2170,.T.);
#2999=ORIENTED_EDGE('',*,*,#2171,.T.);
#3000=ORIENTED_EDGE('',*,*,#2168,.T.);
#3001=ORIENTED_EDGE('',*,*,#1964,.F.);
#3002=ORIENTED_EDGE('',*,*,#2264,.F.);
#3003=ORIENTED_EDGE('',*,*,#2265,.F.);
#3004=ORIENTED_EDGE('',*,*,#2266,.T.);
#3005=ORIENTED_EDGE('',*,*,#1966,.F.);
#3006=ORIENTED_EDGE('',*,*,#2174,.T.);
#3007=ORIENTED_EDGE('',*,*,#2175,.T.);
#3008=ORIENTED_EDGE('',*,*,#2172,.T.);
#3009=ORIENTED_EDGE('',*,*,#1940,.F.);
#3010=ORIENTED_EDGE('',*,*,#2267,.F.);
#3011=ORIENTED_EDGE('',*,*,#2268,.F.);
#3012=ORIENTED_EDGE('',*,*,#2269,.T.);
#3013=ORIENTED_EDGE('',*,*,#1942,.F.);
#3014=ORIENTED_EDGE('',*,*,#2178,.T.);
#3015=ORIENTED_EDGE('',*,*,#2179,.T.);
#3016=ORIENTED_EDGE('',*,*,#2176,.T.);
#3017=ORIENTED_EDGE('',*,*,#1928,.F.);
#3018=ORIENTED_EDGE('',*,*,#2270,.F.);
#3019=ORIENTED_EDGE('',*,*,#2271,.F.);
#3020=ORIENTED_EDGE('',*,*,#2272,.T.);
#3021=ORIENTED_EDGE('',*,*,#1930,.F.);
#3022=ORIENTED_EDGE('',*,*,#2182,.T.);
#3023=ORIENTED_EDGE('',*,*,#2183,.T.);
#3024=ORIENTED_EDGE('',*,*,#2180,.T.);
#3025=ORIENTED_EDGE('',*,*,#1908,.F.);
#3026=ORIENTED_EDGE('',*,*,#2273,.F.);
#3027=ORIENTED_EDGE('',*,*,#2274,.F.);
#3028=ORIENTED_EDGE('',*,*,#2275,.T.);
#3029=ORIENTED_EDGE('',*,*,#1910,.F.);
#3030=ORIENTED_EDGE('',*,*,#2186,.T.);
#3031=ORIENTED_EDGE('',*,*,#2187,.T.);
#3032=ORIENTED_EDGE('',*,*,#2184,.T.);
#3033=ORIENTED_EDGE('',*,*,#1916,.F.);
#3034=ORIENTED_EDGE('',*,*,#2276,.F.);
#3035=ORIENTED_EDGE('',*,*,#2277,.F.);
#3036=ORIENTED_EDGE('',*,*,#2278,.T.);
#3037=ORIENTED_EDGE('',*,*,#1918,.F.);
#3038=ORIENTED_EDGE('',*,*,#2194,.T.);
#3039=ORIENTED_EDGE('',*,*,#2195,.T.);
#3040=ORIENTED_EDGE('',*,*,#2192,.T.);
#3041=ORIENTED_EDGE('',*,*,#1948,.F.);
#3042=ORIENTED_EDGE('',*,*,#2279,.F.);
#3043=ORIENTED_EDGE('',*,*,#2280,.F.);
#3044=ORIENTED_EDGE('',*,*,#2281,.T.);
#3045=ORIENTED_EDGE('',*,*,#1950,.F.);
#3046=ORIENTED_EDGE('',*,*,#2198,.T.);
#3047=ORIENTED_EDGE('',*,*,#2199,.T.);
#3048=ORIENTED_EDGE('',*,*,#2196,.T.);
#3049=ORIENTED_EDGE('',*,*,#1956,.F.);
#3050=ORIENTED_EDGE('',*,*,#2282,.F.);
#3051=ORIENTED_EDGE('',*,*,#2283,.F.);
#3052=ORIENTED_EDGE('',*,*,#2284,.T.);
#3053=ORIENTED_EDGE('',*,*,#1958,.F.);
#3054=ORIENTED_EDGE('',*,*,#2202,.T.);
#3055=ORIENTED_EDGE('',*,*,#2203,.T.);
#3056=ORIENTED_EDGE('',*,*,#2200,.T.);
#3057=ORIENTED_EDGE('',*,*,#1980,.F.);
#3058=ORIENTED_EDGE('',*,*,#2285,.F.);
#3059=ORIENTED_EDGE('',*,*,#2286,.F.);
#3060=ORIENTED_EDGE('',*,*,#2287,.T.);
#3061=ORIENTED_EDGE('',*,*,#1982,.F.);
#3062=ORIENTED_EDGE('',*,*,#2214,.T.);
#3063=ORIENTED_EDGE('',*,*,#2215,.T.);
#3064=ORIENTED_EDGE('',*,*,#2212,.T.);
#3065=ORIENTED_EDGE('',*,*,#1896,.F.);
#3066=ORIENTED_EDGE('',*,*,#2288,.F.);
#3067=ORIENTED_EDGE('',*,*,#2289,.F.);
#3068=ORIENTED_EDGE('',*,*,#2290,.T.);
#3069=ORIENTED_EDGE('',*,*,#1898,.F.);
#3070=ORIENTED_EDGE('',*,*,#2291,.T.);
#3071=ORIENTED_EDGE('',*,*,#2292,.T.);
#3072=ORIENTED_EDGE('',*,*,#1874,.T.);
#3073=ORIENTED_EDGE('',*,*,#2293,.T.);
#3074=ORIENTED_EDGE('',*,*,#2292,.F.);
#3075=ORIENTED_EDGE('',*,*,#2294,.F.);
#3076=ORIENTED_EDGE('',*,*,#2295,.F.);
#3077=ORIENTED_EDGE('',*,*,#1875,.F.);
#3078=ORIENTED_EDGE('',*,*,#2296,.T.);
#3079=ORIENTED_EDGE('',*,*,#2297,.T.);
#3080=ORIENTED_EDGE('',*,*,#1878,.T.);
#3081=ORIENTED_EDGE('',*,*,#2298,.T.);
#3082=ORIENTED_EDGE('',*,*,#2297,.F.);
#3083=ORIENTED_EDGE('',*,*,#2299,.F.);
#3084=ORIENTED_EDGE('',*,*,#2300,.F.);
#3085=ORIENTED_EDGE('',*,*,#1879,.F.);
#3086=ORIENTED_EDGE('',*,*,#2301,.T.);
#3087=ORIENTED_EDGE('',*,*,#2302,.T.);
#3088=ORIENTED_EDGE('',*,*,#1870,.T.);
#3089=ORIENTED_EDGE('',*,*,#2303,.T.);
#3090=ORIENTED_EDGE('',*,*,#2302,.F.);
#3091=ORIENTED_EDGE('',*,*,#2304,.F.);
#3092=ORIENTED_EDGE('',*,*,#2305,.F.);
#3093=ORIENTED_EDGE('',*,*,#1871,.F.);
#3094=ORIENTED_EDGE('',*,*,#2306,.T.);
#3095=ORIENTED_EDGE('',*,*,#2307,.T.);
#3096=ORIENTED_EDGE('',*,*,#1866,.T.);
#3097=ORIENTED_EDGE('',*,*,#2308,.T.);
#3098=ORIENTED_EDGE('',*,*,#2307,.F.);
#3099=ORIENTED_EDGE('',*,*,#2309,.F.);
#3100=ORIENTED_EDGE('',*,*,#2310,.F.);
#3101=ORIENTED_EDGE('',*,*,#1867,.F.);
#3102=ORIENTED_EDGE('',*,*,#2308,.F.);
#3103=ORIENTED_EDGE('',*,*,#1865,.F.);
#3104=ORIENTED_EDGE('',*,*,#2311,.F.);
#3105=ORIENTED_EDGE('',*,*,#2312,.F.);
#3106=ORIENTED_EDGE('',*,*,#2303,.F.);
#3107=ORIENTED_EDGE('',*,*,#1869,.F.);
#3108=ORIENTED_EDGE('',*,*,#2313,.F.);
#3109=ORIENTED_EDGE('',*,*,#2314,.F.);
#3110=ORIENTED_EDGE('',*,*,#2298,.F.);
#3111=ORIENTED_EDGE('',*,*,#1877,.F.);
#3112=ORIENTED_EDGE('',*,*,#2315,.F.);
#3113=ORIENTED_EDGE('',*,*,#2316,.F.);
#3114=ORIENTED_EDGE('',*,*,#2293,.F.);
#3115=ORIENTED_EDGE('',*,*,#1873,.F.);
#3116=ORIENTED_EDGE('',*,*,#2317,.F.);
#3117=ORIENTED_EDGE('',*,*,#2318,.F.);
#3118=ORIENTED_EDGE('',*,*,#2310,.T.);
#3119=ORIENTED_EDGE('',*,*,#2319,.F.);
#3120=ORIENTED_EDGE('',*,*,#2313,.T.);
#3121=ORIENTED_EDGE('',*,*,#1868,.F.);
#3122=ORIENTED_EDGE('',*,*,#2311,.T.);
#3123=ORIENTED_EDGE('',*,*,#1880,.F.);
#3124=ORIENTED_EDGE('',*,*,#2300,.T.);
#3125=ORIENTED_EDGE('',*,*,#2320,.F.);
#3126=ORIENTED_EDGE('',*,*,#2305,.T.);
#3127=ORIENTED_EDGE('',*,*,#2321,.F.);
#3128=ORIENTED_EDGE('',*,*,#2317,.T.);
#3129=ORIENTED_EDGE('',*,*,#1872,.F.);
#3130=ORIENTED_EDGE('',*,*,#2312,.T.);
#3131=ORIENTED_EDGE('',*,*,#2320,.T.);
#3132=ORIENTED_EDGE('',*,*,#2299,.T.);
#3133=ORIENTED_EDGE('',*,*,#2296,.F.);
#3134=ORIENTED_EDGE('',*,*,#2316,.T.);
#3135=ORIENTED_EDGE('',*,*,#2322,.T.);
#3136=ORIENTED_EDGE('',*,*,#2294,.T.);
#3137=ORIENTED_EDGE('',*,*,#2291,.F.);
#3138=ORIENTED_EDGE('',*,*,#2318,.T.);
#3139=ORIENTED_EDGE('',*,*,#2321,.T.);
#3140=ORIENTED_EDGE('',*,*,#2304,.T.);
#3141=ORIENTED_EDGE('',*,*,#2301,.F.);
#3142=ORIENTED_EDGE('',*,*,#2314,.T.);
#3143=ORIENTED_EDGE('',*,*,#2319,.T.);
#3144=ORIENTED_EDGE('',*,*,#2309,.T.);
#3145=ORIENTED_EDGE('',*,*,#2306,.F.);
#3146=ORIENTED_EDGE('',*,*,#2075,.T.);
#3147=ORIENTED_EDGE('',*,*,#2078,.T.);
#3148=ORIENTED_EDGE('',*,*,#2323,.T.);
#3149=ORIENTED_EDGE('',*,*,#2324,.T.);
#3150=ORIENTED_EDGE('',*,*,#2325,.T.);
#3151=ORIENTED_EDGE('',*,*,#2268,.T.);
#3152=ORIENTED_EDGE('',*,*,#2326,.T.);
#3153=ORIENTED_EDGE('',*,*,#2232,.T.);
#3154=ORIENTED_EDGE('',*,*,#2327,.T.);
#3155=ORIENTED_EDGE('',*,*,#2280,.T.);
#3156=ORIENTED_EDGE('',*,*,#2328,.T.);
#3157=ORIENTED_EDGE('',*,*,#2329,.T.);
#3158=ORIENTED_EDGE('',*,*,#2330,.T.);
#3159=ORIENTED_EDGE('',*,*,#2262,.T.);
#3160=ORIENTED_EDGE('',*,*,#2331,.T.);
#3161=ORIENTED_EDGE('',*,*,#2226,.T.);
#3162=ORIENTED_EDGE('',*,*,#2332,.T.);
#3163=ORIENTED_EDGE('',*,*,#2286,.T.);
#3164=ORIENTED_EDGE('',*,*,#2333,.T.);
#3165=ORIENTED_EDGE('',*,*,#2334,.T.);
#3166=ORIENTED_EDGE('',*,*,#2335,.T.);
#3167=ORIENTED_EDGE('',*,*,#2336,.T.);
#3168=ORIENTED_EDGE('',*,*,#2337,.T.);
#3169=ORIENTED_EDGE('',*,*,#2274,.T.);
#3170=ORIENTED_EDGE('',*,*,#2338,.T.);
#3171=ORIENTED_EDGE('',*,*,#2238,.T.);
#3172=ORIENTED_EDGE('',*,*,#2339,.T.);
#3173=ORIENTED_EDGE('',*,*,#2277,.T.);
#3174=ORIENTED_EDGE('',*,*,#2340,.T.);
#3175=ORIENTED_EDGE('',*,*,#2341,.T.);
#3176=ORIENTED_EDGE('',*,*,#2342,.T.);
#3177=ORIENTED_EDGE('',*,*,#2271,.T.);
#3178=ORIENTED_EDGE('',*,*,#2343,.T.);
#3179=ORIENTED_EDGE('',*,*,#2241,.T.);
#3180=ORIENTED_EDGE('',*,*,#2344,.T.);
#3181=ORIENTED_EDGE('',*,*,#2235,.T.);
#3182=ORIENTED_EDGE('',*,*,#2345,.T.);
#3183=ORIENTED_EDGE('',*,*,#2346,.T.);
#3184=ORIENTED_EDGE('',*,*,#2256,.T.);
#3185=ORIENTED_EDGE('',*,*,#2347,.T.);
#3186=ORIENTED_EDGE('',*,*,#2247,.T.);
#3187=ORIENTED_EDGE('',*,*,#2348,.T.);
#3188=ORIENTED_EDGE('',*,*,#2220,.T.);
#3189=ORIENTED_EDGE('',*,*,#2349,.T.);
#3190=ORIENTED_EDGE('',*,*,#2350,.T.);
#3191=ORIENTED_EDGE('',*,*,#2351,.T.);
#3192=ORIENTED_EDGE('',*,*,#2352,.T.);
#3193=ORIENTED_EDGE('',*,*,#2353,.T.);
#3194=ORIENTED_EDGE('',*,*,#2283,.T.);
#3195=ORIENTED_EDGE('',*,*,#2354,.T.);
#3196=ORIENTED_EDGE('',*,*,#2229,.T.);
#3197=ORIENTED_EDGE('',*,*,#2355,.T.);
#3198=ORIENTED_EDGE('',*,*,#2265,.T.);
#3199=ORIENTED_EDGE('',*,*,#2356,.T.);
#3200=ORIENTED_EDGE('',*,*,#2357,.T.);
#3201=ORIENTED_EDGE('',*,*,#2358,.T.);
#3202=ORIENTED_EDGE('',*,*,#2359,.T.);
#3203=ORIENTED_EDGE('',*,*,#2244,.T.);
#3204=ORIENTED_EDGE('',*,*,#2360,.T.);
#3205=ORIENTED_EDGE('',*,*,#2223,.T.);
#3206=ORIENTED_EDGE('',*,*,#2361,.T.);
#3207=ORIENTED_EDGE('',*,*,#2259,.T.);
#3208=ORIENTED_EDGE('',*,*,#2362,.T.);
#3209=ORIENTED_EDGE('',*,*,#2253,.T.);
#3210=ORIENTED_EDGE('',*,*,#2363,.T.);
#3211=ORIENTED_EDGE('',*,*,#2364,.T.);
#3212=ORIENTED_EDGE('',*,*,#2365,.T.);
#3213=ORIENTED_EDGE('',*,*,#2250,.T.);
#3214=ORIENTED_EDGE('',*,*,#2366,.T.);
#3215=ORIENTED_EDGE('',*,*,#2289,.T.);
#3216=ORIENTED_EDGE('',*,*,#2071,.T.);
#3217=ORIENTED_EDGE('',*,*,#2069,.T.);
#3218=ORIENTED_EDGE('',*,*,#2067,.T.);
#3219=ORIENTED_EDGE('',*,*,#2065,.T.);
#3220=ORIENTED_EDGE('',*,*,#2063,.T.);
#3221=ORIENTED_EDGE('',*,*,#2061,.T.);
#3222=ORIENTED_EDGE('',*,*,#2059,.T.);
#3223=ORIENTED_EDGE('',*,*,#2057,.T.);
#3224=ORIENTED_EDGE('',*,*,#2055,.T.);
#3225=ORIENTED_EDGE('',*,*,#2122,.T.);
#3226=ORIENTED_EDGE('',*,*,#1944,.F.);
#3227=ORIENTED_EDGE('',*,*,#2367,.F.);
#3228=ORIENTED_EDGE('',*,*,#2324,.F.);
#3229=ORIENTED_EDGE('',*,*,#2368,.T.);
#3230=ORIENTED_EDGE('',*,*,#1946,.F.);
#3231=ORIENTED_EDGE('',*,*,#2124,.T.);
#3232=ORIENTED_EDGE('',*,*,#2125,.T.);
#3233=ORIENTED_EDGE('',*,*,#2325,.F.);
#3234=ORIENTED_EDGE('',*,*,#2367,.T.);
#3235=ORIENTED_EDGE('',*,*,#1943,.F.);
#3236=ORIENTED_EDGE('',*,*,#2269,.F.);
#3237=ORIENTED_EDGE('',*,*,#2326,.F.);
#3238=ORIENTED_EDGE('',*,*,#2267,.T.);
#3239=ORIENTED_EDGE('',*,*,#1939,.F.);
#3240=ORIENTED_EDGE('',*,*,#2233,.F.);
#3241=ORIENTED_EDGE('',*,*,#2327,.F.);
#3242=ORIENTED_EDGE('',*,*,#2231,.T.);
#3243=ORIENTED_EDGE('',*,*,#1951,.F.);
#3244=ORIENTED_EDGE('',*,*,#2281,.F.);
#3245=ORIENTED_EDGE('',*,*,#2323,.F.);
#3246=ORIENTED_EDGE('',*,*,#2279,.T.);
#3247=ORIENTED_EDGE('',*,*,#1947,.F.);
#3248=ORIENTED_EDGE('',*,*,#2368,.F.);
#3249=ORIENTED_EDGE('',*,*,#2130,.T.);
#3250=ORIENTED_EDGE('',*,*,#1976,.F.);
#3251=ORIENTED_EDGE('',*,*,#2369,.F.);
#3252=ORIENTED_EDGE('',*,*,#2329,.F.);
#3253=ORIENTED_EDGE('',*,*,#2370,.T.);
#3254=ORIENTED_EDGE('',*,*,#1978,.F.);
#3255=ORIENTED_EDGE('',*,*,#2132,.T.);
#3256=ORIENTED_EDGE('',*,*,#2133,.T.);
#3257=ORIENTED_EDGE('',*,*,#2330,.F.);
#3258=ORIENTED_EDGE('',*,*,#2369,.T.);
#3259=ORIENTED_EDGE('',*,*,#1975,.F.);
#3260=ORIENTED_EDGE('',*,*,#2263,.F.);
#3261=ORIENTED_EDGE('',*,*,#2331,.F.);
#3262=ORIENTED_EDGE('',*,*,#2261,.T.);
#3263=ORIENTED_EDGE('',*,*,#1971,.F.);
#3264=ORIENTED_EDGE('',*,*,#2227,.F.);
#3265=ORIENTED_EDGE('',*,*,#2332,.F.);
#3266=ORIENTED_EDGE('',*,*,#2225,.T.);
#3267=ORIENTED_EDGE('',*,*,#1983,.F.);
#3268=ORIENTED_EDGE('',*,*,#2287,.F.);
#3269=ORIENTED_EDGE('',*,*,#2328,.F.);
#3270=ORIENTED_EDGE('',*,*,#2285,.T.);
#3271=ORIENTED_EDGE('',*,*,#1979,.F.);
#3272=ORIENTED_EDGE('',*,*,#2370,.F.);
#3273=ORIENTED_EDGE('',*,*,#2085,.T.);
#3274=ORIENTED_EDGE('',*,*,#2371,.T.);
#3275=ORIENTED_EDGE('',*,*,#2333,.F.);
#3276=ORIENTED_EDGE('',*,*,#2371,.F.);
#3277=ORIENTED_EDGE('',*,*,#2155,.T.);
#3278=ORIENTED_EDGE('',*,*,#2372,.T.);
#3279=ORIENTED_EDGE('',*,*,#2334,.F.);
#3280=ORIENTED_EDGE('',*,*,#2372,.F.);
#3281=ORIENTED_EDGE('',*,*,#2114,.T.);
#3282=ORIENTED_EDGE('',*,*,#1912,.F.);
#3283=ORIENTED_EDGE('',*,*,#2373,.F.);
#3284=ORIENTED_EDGE('',*,*,#2336,.F.);
#3285=ORIENTED_EDGE('',*,*,#2374,.T.);
#3286=ORIENTED_EDGE('',*,*,#1914,.F.);
#3287=ORIENTED_EDGE('',*,*,#2116,.T.);
#3288=ORIENTED_EDGE('',*,*,#2117,.T.);
#3289=ORIENTED_EDGE('',*,*,#2337,.F.);
#3290=ORIENTED_EDGE('',*,*,#2373,.T.);
#3291=ORIENTED_EDGE('',*,*,#1911,.F.);
#3292=ORIENTED_EDGE('',*,*,#2275,.F.);
#3293=ORIENTED_EDGE('',*,*,#2338,.F.);
#3294=ORIENTED_EDGE('',*,*,#2273,.T.);
#3295=ORIENTED_EDGE('',*,*,#1907,.F.);
#3296=ORIENTED_EDGE('',*,*,#2239,.F.);
#3297=ORIENTED_EDGE('',*,*,#2339,.F.);
#3298=ORIENTED_EDGE('',*,*,#2237,.T.);
#3299=ORIENTED_EDGE('',*,*,#1919,.F.);
#3300=ORIENTED_EDGE('',*,*,#2278,.F.);
#3301=ORIENTED_EDGE('',*,*,#2335,.F.);
#3302=ORIENTED_EDGE('',*,*,#2276,.T.);
#3303=ORIENTED_EDGE('',*,*,#1915,.F.);
#3304=ORIENTED_EDGE('',*,*,#2374,.F.);
#3305=ORIENTED_EDGE('',*,*,#2188,.T.);
#3306=ORIENTED_EDGE('',*,*,#1932,.F.);
#3307=ORIENTED_EDGE('',*,*,#2375,.F.);
#3308=ORIENTED_EDGE('',*,*,#2341,.F.);
#3309=ORIENTED_EDGE('',*,*,#2376,.T.);
#3310=ORIENTED_EDGE('',*,*,#1934,.F.);
#3311=ORIENTED_EDGE('',*,*,#2190,.T.);
#3312=ORIENTED_EDGE('',*,*,#2191,.T.);
#3313=ORIENTED_EDGE('',*,*,#2342,.F.);
#3314=ORIENTED_EDGE('',*,*,#2375,.T.);
#3315=ORIENTED_EDGE('',*,*,#1931,.F.);
#3316=ORIENTED_EDGE('',*,*,#2272,.F.);
#3317=ORIENTED_EDGE('',*,*,#2343,.F.);
#3318=ORIENTED_EDGE('',*,*,#2270,.T.);
#3319=ORIENTED_EDGE('',*,*,#1927,.F.);
#3320=ORIENTED_EDGE('',*,*,#2242,.F.);
#3321=ORIENTED_EDGE('',*,*,#2344,.F.);
#3322=ORIENTED_EDGE('',*,*,#2240,.T.);
#3323=ORIENTED_EDGE('',*,*,#1923,.F.);
#3324=ORIENTED_EDGE('',*,*,#2236,.F.);
#3325=ORIENTED_EDGE('',*,*,#2340,.F.);
#3326=ORIENTED_EDGE('',*,*,#2234,.T.);
#3327=ORIENTED_EDGE('',*,*,#1935,.F.);
#3328=ORIENTED_EDGE('',*,*,#2376,.F.);
#3329=ORIENTED_EDGE('',*,*,#2346,.F.);
#3330=ORIENTED_EDGE('',*,*,#2377,.T.);
#3331=ORIENTED_EDGE('',*,*,#2011,.F.);
#3332=ORIENTED_EDGE('',*,*,#2257,.F.);
#3333=ORIENTED_EDGE('',*,*,#2347,.F.);
#3334=ORIENTED_EDGE('',*,*,#2255,.T.);
#3335=ORIENTED_EDGE('',*,*,#2007,.F.);
#3336=ORIENTED_EDGE('',*,*,#2248,.F.);
#3337=ORIENTED_EDGE('',*,*,#2348,.F.);
#3338=ORIENTED_EDGE('',*,*,#2246,.T.);
#3339=ORIENTED_EDGE('',*,*,#2003,.F.);
#3340=ORIENTED_EDGE('',*,*,#2221,.F.);
#3341=ORIENTED_EDGE('',*,*,#2349,.F.);
#3342=ORIENTED_EDGE('',*,*,#2219,.T.);
#3343=ORIENTED_EDGE('',*,*,#2015,.F.);
#3344=ORIENTED_EDGE('',*,*,#2378,.F.);
#3345=ORIENTED_EDGE('',*,*,#2208,.T.);
#3346=ORIENTED_EDGE('',*,*,#2012,.F.);
#3347=ORIENTED_EDGE('',*,*,#2377,.F.);
#3348=ORIENTED_EDGE('',*,*,#2345,.F.);
#3349=ORIENTED_EDGE('',*,*,#2378,.T.);
#3350=ORIENTED_EDGE('',*,*,#2014,.F.);
#3351=ORIENTED_EDGE('',*,*,#2210,.T.);
#3352=ORIENTED_EDGE('',*,*,#2211,.T.);
#3353=ORIENTED_EDGE('',*,*,#2218,.T.);
#3354=ORIENTED_EDGE('',*,*,#2379,.T.);
#3355=ORIENTED_EDGE('',*,*,#2350,.F.);
#3356=ORIENTED_EDGE('',*,*,#2379,.F.);
#3357=ORIENTED_EDGE('',*,*,#2126,.T.);
#3358=ORIENTED_EDGE('',*,*,#1960,.F.);
#3359=ORIENTED_EDGE('',*,*,#2380,.F.);
#3360=ORIENTED_EDGE('',*,*,#2352,.F.);
#3361=ORIENTED_EDGE('',*,*,#2381,.T.);
#3362=ORIENTED_EDGE('',*,*,#1962,.F.);
#3363=ORIENTED_EDGE('',*,*,#2128,.T.);
#3364=ORIENTED_EDGE('',*,*,#2129,.T.);
#3365=ORIENTED_EDGE('',*,*,#2353,.F.);
#3366=ORIENTED_EDGE('',*,*,#2380,.T.);
#3367=ORIENTED_EDGE('',*,*,#1959,.F.);
#3368=ORIENTED_EDGE('',*,*,#2284,.F.);
#3369=ORIENTED_EDGE('',*,*,#2354,.F.);
#3370=ORIENTED_EDGE('',*,*,#2282,.T.);
#3371=ORIENTED_EDGE('',*,*,#1955,.F.);
#3372=ORIENTED_EDGE('',*,*,#2230,.F.);
#3373=ORIENTED_EDGE('',*,*,#2355,.F.);
#3374=ORIENTED_EDGE('',*,*,#2228,.T.);
#3375=ORIENTED_EDGE('',*,*,#1967,.F.);
#3376=ORIENTED_EDGE('',*,*,#2266,.F.);
#3377=ORIENTED_EDGE('',*,*,#2351,.F.);
#3378=ORIENTED_EDGE('',*,*,#2264,.T.);
#3379=ORIENTED_EDGE('',*,*,#1963,.F.);
#3380=ORIENTED_EDGE('',*,*,#2381,.F.);
#3381=ORIENTED_EDGE('',*,*,#2148,.T.);
#3382=ORIENTED_EDGE('',*,*,#2382,.T.);
#3383=ORIENTED_EDGE('',*,*,#2356,.F.);
#3384=ORIENTED_EDGE('',*,*,#2382,.F.);
#3385=ORIENTED_EDGE('',*,*,#2204,.T.);
#3386=ORIENTED_EDGE('',*,*,#1992,.F.);
#3387=ORIENTED_EDGE('',*,*,#2383,.F.);
#3388=ORIENTED_EDGE('',*,*,#2358,.F.);
#3389=ORIENTED_EDGE('',*,*,#2384,.T.);
#3390=ORIENTED_EDGE('',*,*,#1994,.F.);
#3391=ORIENTED_EDGE('',*,*,#2206,.T.);
#3392=ORIENTED_EDGE('',*,*,#2207,.T.);
#3393=ORIENTED_EDGE('',*,*,#2359,.F.);
#3394=ORIENTED_EDGE('',*,*,#2383,.T.);
#3395=ORIENTED_EDGE('',*,*,#1991,.F.);
#3396=ORIENTED_EDGE('',*,*,#2245,.F.);
#3397=ORIENTED_EDGE('',*,*,#2360,.F.);
#3398=ORIENTED_EDGE('',*,*,#2243,.T.);
#3399=ORIENTED_EDGE('',*,*,#1987,.F.);
#3400=ORIENTED_EDGE('',*,*,#2224,.F.);
#3401=ORIENTED_EDGE('',*,*,#2361,.F.);
#3402=ORIENTED_EDGE('',*,*,#2222,.T.);
#3403=ORIENTED_EDGE('',*,*,#1999,.F.);
#3404=ORIENTED_EDGE('',*,*,#2260,.F.);
#3405=ORIENTED_EDGE('',*,*,#2357,.F.);
#3406=ORIENTED_EDGE('',*,*,#2258,.T.);
#3407=ORIENTED_EDGE('',*,*,#1995,.F.);
#3408=ORIENTED_EDGE('',*,*,#2384,.F.);
#3409=ORIENTED_EDGE('',*,*,#2363,.F.);
#3410=ORIENTED_EDGE('',*,*,#2252,.T.);
#3411=ORIENTED_EDGE('',*,*,#1891,.F.);
#3412=ORIENTED_EDGE('',*,*,#2385,.F.);
#3413=ORIENTED_EDGE('',*,*,#2079,.T.);
#3414=ORIENTED_EDGE('',*,*,#1904,.F.);
#3415=ORIENTED_EDGE('',*,*,#2386,.F.);
#3416=ORIENTED_EDGE('',*,*,#2364,.F.);
#3417=ORIENTED_EDGE('',*,*,#2385,.T.);
#3418=ORIENTED_EDGE('',*,*,#1890,.F.);
#3419=ORIENTED_EDGE('',*,*,#2081,.T.);
#3420=ORIENTED_EDGE('',*,*,#2082,.T.);
#3421=ORIENTED_EDGE('',*,*,#2365,.F.);
#3422=ORIENTED_EDGE('',*,*,#2386,.T.);
#3423=ORIENTED_EDGE('',*,*,#1903,.F.);
#3424=ORIENTED_EDGE('',*,*,#2251,.F.);
#3425=ORIENTED_EDGE('',*,*,#2366,.F.);
#3426=ORIENTED_EDGE('',*,*,#2249,.T.);
#3427=ORIENTED_EDGE('',*,*,#1899,.F.);
#3428=ORIENTED_EDGE('',*,*,#2290,.F.);
#3429=ORIENTED_EDGE('',*,*,#2362,.F.);
#3430=ORIENTED_EDGE('',*,*,#2288,.T.);
#3431=ORIENTED_EDGE('',*,*,#1895,.F.);
#3432=ORIENTED_EDGE('',*,*,#2254,.F.);
#3433=ORIENTED_EDGE('',*,*,#2315,.T.);
#3434=ORIENTED_EDGE('',*,*,#1876,.F.);
#3435=ORIENTED_EDGE('',*,*,#2295,.T.);
#3436=ORIENTED_EDGE('',*,*,#2322,.F.);
#3437=CONICAL_SURFACE('',#3658,2.05,0.785398163397449);
#3438=CONICAL_SURFACE('',#3744,2.05,0.785398163397449);
#3439=CONICAL_SURFACE('',#3748,2.05,0.785398163397449);
#3440=CONICAL_SURFACE('',#3752,2.05,0.785398163397446);
#3441=CONICAL_SURFACE('',#3756,2.05,0.785398163397447);
#3442=CONICAL_SURFACE('',#3760,2.05,0.785398163397449);
#3443=CONICAL_SURFACE('',#3764,2.05,0.785398163397446);
#3444=CONICAL_SURFACE('',#3768,2.05,0.785398163397449);
#3445=CONICAL_SURFACE('',#3772,2.05,0.785398163397449);
#3446=CONICAL_SURFACE('',#3776,2.425,0.785398163397448);
#3447=CONICAL_SURFACE('',#3778,2.425,0.785398163397448);
#3448=CONICAL_SURFACE('',#3780,2.425,0.785398163397448);
#3449=CONICAL_SURFACE('',#3782,2.425,0.785398163397448);
#3450=CONICAL_SURFACE('',#3784,2.425,0.785398163397448);
#3451=CONICAL_SURFACE('',#3786,2.425,0.785398163397448);
#3452=CONICAL_SURFACE('',#3788,2.425,0.785398163397448);
#3453=CONICAL_SURFACE('',#3790,2.425,0.785398163397448);
#3454=CONICAL_SURFACE('',#3792,2.425,0.785398163397448);
#3455=ADVANCED_FACE('',(#234),#3437,.F.);
#3456=ADVANCED_FACE('',(#235,#102,#103,#104,#105,#106,#107,#108,#109,#110,
#111,#112,#113,#114,#115,#116,#117,#118,#119,#120,#121,#122),#150,.F.);
#3457=ADVANCED_FACE('',(#236),#15,.F.);
#3458=ADVANCED_FACE('',(#237),#3438,.F.);
#3459=ADVANCED_FACE('',(#238),#16,.F.);
#3460=ADVANCED_FACE('',(#239),#3439,.F.);
#3461=ADVANCED_FACE('',(#240),#17,.F.);
#3462=ADVANCED_FACE('',(#241),#3440,.F.);
#3463=ADVANCED_FACE('',(#242),#18,.F.);
#3464=ADVANCED_FACE('',(#243),#3441,.F.);
#3465=ADVANCED_FACE('',(#244),#19,.F.);
#3466=ADVANCED_FACE('',(#245),#3442,.F.);
#3467=ADVANCED_FACE('',(#246),#20,.F.);
#3468=ADVANCED_FACE('',(#247),#3443,.F.);
#3469=ADVANCED_FACE('',(#248),#21,.F.);
#3470=ADVANCED_FACE('',(#249),#3444,.F.);
#3471=ADVANCED_FACE('',(#250),#22,.F.);
#3472=ADVANCED_FACE('',(#251),#3445,.F.);
#3473=ADVANCED_FACE('',(#252),#23,.F.);
#3474=ADVANCED_FACE('',(#253),#3446,.F.);
#3475=ADVANCED_FACE('',(#254),#3447,.F.);
#3476=ADVANCED_FACE('',(#255),#3448,.F.);
#3477=ADVANCED_FACE('',(#256),#3449,.F.);
#3478=ADVANCED_FACE('',(#257),#3450,.F.);
#3479=ADVANCED_FACE('',(#258),#3451,.F.);
#3480=ADVANCED_FACE('',(#259),#3452,.F.);
#3481=ADVANCED_FACE('',(#260),#3453,.F.);
#3482=ADVANCED_FACE('',(#261),#3454,.F.);
#3483=ADVANCED_FACE('',(#262),#24,.F.);
#3484=ADVANCED_FACE('',(#263),#151,.T.);
#3485=ADVANCED_FACE('',(#264),#25,.F.);
#3486=ADVANCED_FACE('',(#265),#152,.T.);
#3487=ADVANCED_FACE('',(#266),#26,.F.);
#3488=ADVANCED_FACE('',(#267),#153,.T.);
#3489=ADVANCED_FACE('',(#268),#27,.F.);
#3490=ADVANCED_FACE('',(#269,#123),#154,.T.);
#3491=ADVANCED_FACE('',(#270),#28,.F.);
#3492=ADVANCED_FACE('',(#271),#155,.T.);
#3493=ADVANCED_FACE('',(#272),#29,.F.);
#3494=ADVANCED_FACE('',(#273),#156,.T.);
#3495=ADVANCED_FACE('',(#274),#30,.F.);
#3496=ADVANCED_FACE('',(#275),#157,.T.);
#3497=ADVANCED_FACE('',(#276),#31,.F.);
#3498=ADVANCED_FACE('',(#277),#158,.T.);
#3499=ADVANCED_FACE('',(#278),#32,.F.);
#3500=ADVANCED_FACE('',(#279),#159,.T.);
#3501=ADVANCED_FACE('',(#280),#33,.F.);
#3502=ADVANCED_FACE('',(#281),#160,.T.);
#3503=ADVANCED_FACE('',(#282),#34,.F.);
#3504=ADVANCED_FACE('',(#283),#161,.T.);
#3505=ADVANCED_FACE('',(#284),#35,.F.);
#3506=ADVANCED_FACE('',(#285),#162,.T.);
#3507=ADVANCED_FACE('',(#286),#36,.F.);
#3508=ADVANCED_FACE('',(#287),#163,.T.);
#3509=ADVANCED_FACE('',(#288),#37,.F.);
#3510=ADVANCED_FACE('',(#289),#164,.T.);
#3511=ADVANCED_FACE('',(#290),#38,.F.);
#3512=ADVANCED_FACE('',(#291),#165,.T.);
#3513=ADVANCED_FACE('',(#292),#39,.F.);
#3514=ADVANCED_FACE('',(#293),#166,.T.);
#3515=ADVANCED_FACE('',(#294),#40,.F.);
#3516=ADVANCED_FACE('',(#295),#167,.T.);
#3517=ADVANCED_FACE('',(#296),#41,.F.);
#3518=ADVANCED_FACE('',(#297),#168,.T.);
#3519=ADVANCED_FACE('',(#298),#42,.F.);
#3520=ADVANCED_FACE('',(#299),#169,.T.);
#3521=ADVANCED_FACE('',(#300),#43,.F.);
#3522=ADVANCED_FACE('',(#301,#124),#170,.T.);
#3523=ADVANCED_FACE('',(#302),#44,.F.);
#3524=ADVANCED_FACE('',(#303),#171,.T.);
#3525=ADVANCED_FACE('',(#304),#45,.F.);
#3526=ADVANCED_FACE('',(#305,#125),#172,.T.);
#3527=ADVANCED_FACE('',(#306),#46,.F.);
#3528=ADVANCED_FACE('',(#307),#173,.T.);
#3529=ADVANCED_FACE('',(#308),#47,.F.);
#3530=ADVANCED_FACE('',(#309),#174,.T.);
#3531=ADVANCED_FACE('',(#310),#48,.F.);
#3532=ADVANCED_FACE('',(#311),#175,.T.);
#3533=ADVANCED_FACE('',(#312),#49,.F.);
#3534=ADVANCED_FACE('',(#313),#176,.T.);
#3535=ADVANCED_FACE('',(#314),#50,.F.);
#3536=ADVANCED_FACE('',(#315),#177,.T.);
#3537=ADVANCED_FACE('',(#316),#51,.F.);
#3538=ADVANCED_FACE('',(#317),#178,.T.);
#3539=ADVANCED_FACE('',(#318),#52,.F.);
#3540=ADVANCED_FACE('',(#319),#179,.T.);
#3541=ADVANCED_FACE('',(#320),#53,.F.);
#3542=ADVANCED_FACE('',(#321),#180,.T.);
#3543=ADVANCED_FACE('',(#322),#54,.F.);
#3544=ADVANCED_FACE('',(#323),#181,.T.);
#3545=ADVANCED_FACE('',(#324),#55,.F.);
#3546=ADVANCED_FACE('',(#325),#182,.T.);
#3547=ADVANCED_FACE('',(#326),#56,.F.);
#3548=ADVANCED_FACE('',(#327),#183,.T.);
#3549=ADVANCED_FACE('',(#328),#57,.F.);
#3550=ADVANCED_FACE('',(#329),#184,.T.);
#3551=ADVANCED_FACE('',(#330),#58,.F.);
#3552=ADVANCED_FACE('',(#331),#185,.T.);
#3553=ADVANCED_FACE('',(#332),#59,.F.);
#3554=ADVANCED_FACE('',(#333),#186,.T.);
#3555=ADVANCED_FACE('',(#334),#60,.F.);
#3556=ADVANCED_FACE('',(#335),#187,.T.);
#3557=ADVANCED_FACE('',(#336),#61,.F.);
#3558=ADVANCED_FACE('',(#337,#126),#188,.T.);
#3559=ADVANCED_FACE('',(#338),#189,.T.);
#3560=ADVANCED_FACE('',(#339),#190,.T.);
#3561=ADVANCED_FACE('',(#340),#191,.T.);
#3562=ADVANCED_FACE('',(#341),#192,.T.);
#3563=ADVANCED_FACE('',(#342),#193,.T.);
#3564=ADVANCED_FACE('',(#343),#194,.T.);
#3565=ADVANCED_FACE('',(#344),#195,.T.);
#3566=ADVANCED_FACE('',(#345),#196,.T.);
#3567=ADVANCED_FACE('',(#346),#197,.T.);
#3568=ADVANCED_FACE('',(#347),#198,.T.);
#3569=ADVANCED_FACE('',(#348),#199,.T.);
#3570=ADVANCED_FACE('',(#349),#200,.T.);
#3571=ADVANCED_FACE('',(#350),#201,.T.);
#3572=ADVANCED_FACE('',(#351),#202,.T.);
#3573=ADVANCED_FACE('',(#352),#203,.T.);
#3574=ADVANCED_FACE('',(#353),#204,.T.);
#3575=ADVANCED_FACE('',(#354),#205,.T.);
#3576=ADVANCED_FACE('',(#355),#206,.T.);
#3577=ADVANCED_FACE('',(#356),#207,.T.);
#3578=ADVANCED_FACE('',(#357),#208,.T.);
#3579=ADVANCED_FACE('',(#358),#209,.T.);
#3580=ADVANCED_FACE('',(#359),#210,.T.);
#3581=ADVANCED_FACE('',(#360),#211,.T.);
#3582=ADVANCED_FACE('',(#361),#212,.T.);
#3583=ADVANCED_FACE('',(#362),#62,.F.);
#3584=ADVANCED_FACE('',(#363),#213,.F.);
#3585=ADVANCED_FACE('',(#364),#63,.F.);
#3586=ADVANCED_FACE('',(#365),#214,.F.);
#3587=ADVANCED_FACE('',(#366),#64,.F.);
#3588=ADVANCED_FACE('',(#367),#215,.F.);
#3589=ADVANCED_FACE('',(#368),#65,.F.);
#3590=ADVANCED_FACE('',(#369),#216,.F.);
#3591=ADVANCED_FACE('',(#370),#217,.F.);
#3592=ADVANCED_FACE('',(#371),#218,.F.);
#3593=ADVANCED_FACE('',(#372),#219,.F.);
#3594=ADVANCED_FACE('',(#373),#220,.F.);
#3595=ADVANCED_FACE('',(#374),#221,.T.);
#3596=ADVANCED_FACE('',(#375),#222,.T.);
#3597=ADVANCED_FACE('',(#376),#223,.T.);
#3598=ADVANCED_FACE('',(#377,#127,#128,#129,#130,#131,#132,#133,#134,#135,
#136,#137,#138,#139,#140,#141,#142,#143,#144,#145,#146,#147,#148,#149),
#224,.T.);
#3599=ADVANCED_FACE('',(#378),#225,.T.);
#3600=ADVANCED_FACE('',(#379),#66,.F.);
#3601=ADVANCED_FACE('',(#380),#67,.F.);
#3602=ADVANCED_FACE('',(#381),#68,.F.);
#3603=ADVANCED_FACE('',(#382),#69,.F.);
#3604=ADVANCED_FACE('',(#383),#226,.T.);
#3605=ADVANCED_FACE('',(#384),#70,.F.);
#3606=ADVANCED_FACE('',(#385),#71,.F.);
#3607=ADVANCED_FACE('',(#386),#72,.F.);
#3608=ADVANCED_FACE('',(#387),#73,.F.);
#3609=ADVANCED_FACE('',(#388),#74,.F.);
#3610=ADVANCED_FACE('',(#389),#75,.F.);
#3611=ADVANCED_FACE('',(#390),#227,.T.);
#3612=ADVANCED_FACE('',(#391),#76,.F.);
#3613=ADVANCED_FACE('',(#392),#77,.F.);
#3614=ADVANCED_FACE('',(#393),#78,.F.);
#3615=ADVANCED_FACE('',(#394),#79,.F.);
#3616=ADVANCED_FACE('',(#395),#228,.T.);
#3617=ADVANCED_FACE('',(#396),#80,.F.);
#3618=ADVANCED_FACE('',(#397),#81,.F.);
#3619=ADVANCED_FACE('',(#398),#82,.F.);
#3620=ADVANCED_FACE('',(#399),#83,.F.);
#3621=ADVANCED_FACE('',(#400),#84,.F.);
#3622=ADVANCED_FACE('',(#401),#85,.F.);
#3623=ADVANCED_FACE('',(#402),#86,.F.);
#3624=ADVANCED_FACE('',(#403),#87,.F.);
#3625=ADVANCED_FACE('',(#404),#229,.T.);
#3626=ADVANCED_FACE('',(#405),#88,.F.);
#3627=ADVANCED_FACE('',(#406),#230,.T.);
#3628=ADVANCED_FACE('',(#407),#89,.F.);
#3629=ADVANCED_FACE('',(#408),#90,.F.);
#3630=ADVANCED_FACE('',(#409),#91,.F.);
#3631=ADVANCED_FACE('',(#410),#92,.F.);
#3632=ADVANCED_FACE('',(#411),#93,.F.);
#3633=ADVANCED_FACE('',(#412),#231,.T.);
#3634=ADVANCED_FACE('',(#413),#94,.F.);
#3635=ADVANCED_FACE('',(#414),#95,.F.);
#3636=ADVANCED_FACE('',(#415),#96,.F.);
#3637=ADVANCED_FACE('',(#416),#97,.F.);
#3638=ADVANCED_FACE('',(#417),#98,.F.);
#3639=ADVANCED_FACE('',(#418),#232,.T.);
#3640=ADVANCED_FACE('',(#419),#99,.F.);
#3641=ADVANCED_FACE('',(#420),#100,.F.);
#3642=ADVANCED_FACE('',(#421),#101,.F.);
#3643=ADVANCED_FACE('',(#422),#233,.T.);
#3644=CLOSED_SHELL('',(#3455,#3456,#3457,#3458,#3459,#3460,#3461,#3462,
#3463,#3464,#3465,#3466,#3467,#3468,#3469,#3470,#3471,#3472,#3473,#3474,
#3475,#3476,#3477,#3478,#3479,#3480,#3481,#3482,#3483,#3484,#3485,#3486,
#3487,#3488,#3489,#3490,#3491,#3492,#3493,#3494,#3495,#3496,#3497,#3498,
#3499,#3500,#3501,#3502,#3503,#3504,#3505,#3506,#3507,#3508,#3509,#3510,
#3511,#3512,#3513,#3514,#3515,#3516,#3517,#3518,#3519,#3520,#3521,#3522,
#3523,#3524,#3525,#3526,#3527,#3528,#3529,#3530,#3531,#3532,#3533,#3534,
#3535,#3536,#3537,#3538,#3539,#3540,#3541,#3542,#3543,#3544,#3545,#3546,
#3547,#3548,#3549,#3550,#3551,#3552,#3553,#3554,#3555,#3556,#3557,#3558,
#3559,#3560,#3561,#3562,#3563,#3564,#3565,#3566,#3567,#3568,#3569,#3570,
#3571,#3572,#3573,#3574,#3575,#3576,#3577,#3578,#3579,#3580,#3581,#3582,
#3583,#3584,#3585,#3586,#3587,#3588,#3589,#3590,#3591,#3592,#3593,#3594,
#3595,#3596,#3597,#3598,#3599,#3600,#3601,#3602,#3603,#3604,#3605,#3606,
#3607,#3608,#3609,#3610,#3611,#3612,#3613,#3614,#3615,#3616,#3617,#3618,
#3619,#3620,#3621,#3622,#3623,#3624,#3625,#3626,#3627,#3628,#3629,#3630,
#3631,#3632,#3633,#3634,#3635,#3636,#3637,#3638,#3639,#3640,#3641,#3642,
#3643));
#3645=DERIVED_UNIT_ELEMENT(#3647,1.);
#3646=DERIVED_UNIT_ELEMENT(#6200,-3.);
#3647=(
MASS_UNIT()
NAMED_UNIT(*)
SI_UNIT(.KILO.,.GRAM.)
);
#3648=DERIVED_UNIT((#3645,#3646));
#3649=MEASURE_REPRESENTATION_ITEM('density measure',
POSITIVE_RATIO_MEASURE(7850.),#3648);
#3650=PROPERTY_DEFINITION_REPRESENTATION(#3655,#3652);
#3651=PROPERTY_DEFINITION_REPRESENTATION(#3656,#3653);
#3652=REPRESENTATION('material name',(#3654),#6197);
#3653=REPRESENTATION('density',(#3649),#6197);
#3654=DESCRIPTIVE_REPRESENTATION_ITEM('Steel','Steel');
#3655=PROPERTY_DEFINITION('material property','material name',#6207);
#3656=PROPERTY_DEFINITION('material property','density of part',#6207);
#3657=AXIS2_PLACEMENT_3D('',#5136,#4039,#4040);
#3658=AXIS2_PLACEMENT_3D('',#5137,#4041,#4042);
#3659=AXIS2_PLACEMENT_3D('',#5139,#4043,#4044);
#3660=AXIS2_PLACEMENT_3D('',#5142,#4046,#4047);
#3661=AXIS2_PLACEMENT_3D('',#5143,#4048,#4049);
#3662=AXIS2_PLACEMENT_3D('',#5148,#4051,#4052);
#3663=AXIS2_PLACEMENT_3D('',#5156,#4056,#4057);
#3664=AXIS2_PLACEMENT_3D('',#5164,#4061,#4062);
#3665=AXIS2_PLACEMENT_3D('',#5172,#4066,#4067);
#3666=AXIS2_PLACEMENT_3D('',#5177,#4070,#4071);
#3667=AXIS2_PLACEMENT_3D('',#5179,#4072,#4073);
#3668=AXIS2_PLACEMENT_3D('',#5181,#4074,#4075);
#3669=AXIS2_PLACEMENT_3D('',#5183,#4076,#4077);
#3670=AXIS2_PLACEMENT_3D('',#5185,#4078,#4079);
#3671=AXIS2_PLACEMENT_3D('',#5187,#4080,#4081);
#3672=AXIS2_PLACEMENT_3D('',#5189,#4082,#4083);
#3673=AXIS2_PLACEMENT_3D('',#5191,#4084,#4085);
#3674=AXIS2_PLACEMENT_3D('',#5194,#4086,#4087);
#3675=AXIS2_PLACEMENT_3D('',#5198,#4089,#4090);
#3676=AXIS2_PLACEMENT_3D('',#5202,#4092,#4093);
#3677=AXIS2_PLACEMENT_3D('',#5206,#4095,#4096);
#3678=AXIS2_PLACEMENT_3D('',#5210,#4098,#4099);
#3679=AXIS2_PLACEMENT_3D('',#5214,#4101,#4102);
#3680=AXIS2_PLACEMENT_3D('',#5218,#4104,#4105);
#3681=AXIS2_PLACEMENT_3D('',#5222,#4107,#4108);
#3682=AXIS2_PLACEMENT_3D('',#5226,#4110,#4111);
#3683=AXIS2_PLACEMENT_3D('',#5230,#4113,#4114);
#3684=AXIS2_PLACEMENT_3D('',#5234,#4116,#4117);
#3685=AXIS2_PLACEMENT_3D('',#5238,#4119,#4120);
#3686=AXIS2_PLACEMENT_3D('',#5242,#4122,#4123);
#3687=AXIS2_PLACEMENT_3D('',#5246,#4125,#4126);
#3688=AXIS2_PLACEMENT_3D('',#5250,#4128,#4129);
#3689=AXIS2_PLACEMENT_3D('',#5254,#4131,#4132);
#3690=AXIS2_PLACEMENT_3D('',#5258,#4134,#4135);
#3691=AXIS2_PLACEMENT_3D('',#5262,#4137,#4138);
#3692=AXIS2_PLACEMENT_3D('',#5266,#4140,#4141);
#3693=AXIS2_PLACEMENT_3D('',#5270,#4143,#4144);
#3694=AXIS2_PLACEMENT_3D('',#5274,#4146,#4147);
#3695=AXIS2_PLACEMENT_3D('',#5278,#4149,#4150);
#3696=AXIS2_PLACEMENT_3D('',#5282,#4152,#4153);
#3697=AXIS2_PLACEMENT_3D('',#5286,#4155,#4156);
#3698=AXIS2_PLACEMENT_3D('',#5290,#4158,#4159);
#3699=AXIS2_PLACEMENT_3D('',#5294,#4161,#4162);
#3700=AXIS2_PLACEMENT_3D('',#5298,#4164,#4165);
#3701=AXIS2_PLACEMENT_3D('',#5302,#4167,#4168);
#3702=AXIS2_PLACEMENT_3D('',#5306,#4170,#4171);
#3703=AXIS2_PLACEMENT_3D('',#5310,#4173,#4174);
#3704=AXIS2_PLACEMENT_3D('',#5314,#4176,#4177);
#3705=AXIS2_PLACEMENT_3D('',#5318,#4179,#4180);
#3706=AXIS2_PLACEMENT_3D('',#5322,#4182,#4183);
#3707=AXIS2_PLACEMENT_3D('',#5326,#4185,#4186);
#3708=AXIS2_PLACEMENT_3D('',#5330,#4188,#4189);
#3709=AXIS2_PLACEMENT_3D('',#5334,#4191,#4192);
#3710=AXIS2_PLACEMENT_3D('',#5338,#4194,#4195);
#3711=AXIS2_PLACEMENT_3D('',#5342,#4197,#4198);
#3712=AXIS2_PLACEMENT_3D('',#5346,#4200,#4201);
#3713=AXIS2_PLACEMENT_3D('',#5350,#4203,#4204);
#3714=AXIS2_PLACEMENT_3D('',#5354,#4206,#4207);
#3715=AXIS2_PLACEMENT_3D('',#5358,#4209,#4210);
#3716=AXIS2_PLACEMENT_3D('',#5362,#4212,#4213);
#3717=AXIS2_PLACEMENT_3D('',#5366,#4215,#4216);
#3718=AXIS2_PLACEMENT_3D('',#5370,#4218,#4219);
#3719=AXIS2_PLACEMENT_3D('',#5374,#4221,#4222);
#3720=AXIS2_PLACEMENT_3D('',#5378,#4224,#4225);
#3721=AXIS2_PLACEMENT_3D('',#5382,#4227,#4228);
#3722=AXIS2_PLACEMENT_3D('',#5386,#4230,#4231);
#3723=AXIS2_PLACEMENT_3D('',#5390,#4233,#4234);
#3724=AXIS2_PLACEMENT_3D('',#5394,#4236,#4237);
#3725=AXIS2_PLACEMENT_3D('',#5398,#4239,#4240);
#3726=AXIS2_PLACEMENT_3D('',#5402,#4242,#4243);
#3727=AXIS2_PLACEMENT_3D('',#5406,#4245,#4246);
#3728=AXIS2_PLACEMENT_3D('',#5410,#4248,#4249);
#3729=AXIS2_PLACEMENT_3D('',#5414,#4251,#4252);
#3730=AXIS2_PLACEMENT_3D('',#5418,#4254,#4255);
#3731=AXIS2_PLACEMENT_3D('',#5422,#4257,#4258);
#3732=AXIS2_PLACEMENT_3D('',#5426,#4260,#4261);
#3733=AXIS2_PLACEMENT_3D('',#5430,#4263,#4264);
#3734=AXIS2_PLACEMENT_3D('',#5434,#4266,#4267);
#3735=AXIS2_PLACEMENT_3D('',#5438,#4269,#4270);
#3736=AXIS2_PLACEMENT_3D('',#5442,#4272,#4273);
#3737=AXIS2_PLACEMENT_3D('',#5446,#4275,#4276);
#3738=AXIS2_PLACEMENT_3D('',#5449,#4278,#4279);
#3739=AXIS2_PLACEMENT_3D('',#5451,#4280,#4281);
#3740=AXIS2_PLACEMENT_3D('',#5453,#4282,#4283);
#3741=AXIS2_PLACEMENT_3D('',#5455,#4284,#4285);
#3742=AXIS2_PLACEMENT_3D('',#5456,#4286,#4287);
#3743=AXIS2_PLACEMENT_3D('',#5458,#4288,#4289);
#3744=AXIS2_PLACEMENT_3D('',#5460,#4291,#4292);
#3745=AXIS2_PLACEMENT_3D('',#5463,#4294,#4295);
#3746=AXIS2_PLACEMENT_3D('',#5464,#4296,#4297);
#3747=AXIS2_PLACEMENT_3D('',#5466,#4298,#4299);
#3748=AXIS2_PLACEMENT_3D('',#5468,#4301,#4302);
#3749=AXIS2_PLACEMENT_3D('',#5471,#4304,#4305);
#3750=AXIS2_PLACEMENT_3D('',#5472,#4306,#4307);
#3751=AXIS2_PLACEMENT_3D('',#5474,#4308,#4309);
#3752=AXIS2_PLACEMENT_3D('',#5476,#4311,#4312);
#3753=AXIS2_PLACEMENT_3D('',#5479,#4314,#4315);
#3754=AXIS2_PLACEMENT_3D('',#5480,#4316,#4317);
#3755=AXIS2_PLACEMENT_3D('',#5482,#4318,#4319);
#3756=AXIS2_PLACEMENT_3D('',#5484,#4321,#4322);
#3757=AXIS2_PLACEMENT_3D('',#5487,#4324,#4325);
#3758=AXIS2_PLACEMENT_3D('',#5488,#4326,#4327);
#3759=AXIS2_PLACEMENT_3D('',#5490,#4328,#4329);
#3760=AXIS2_PLACEMENT_3D('',#5492,#4331,#4332);
#3761=AXIS2_PLACEMENT_3D('',#5495,#4334,#4335);
#3762=AXIS2_PLACEMENT_3D('',#5496,#4336,#4337);
#3763=AXIS2_PLACEMENT_3D('',#5498,#4338,#4339);
#3764=AXIS2_PLACEMENT_3D('',#5500,#4341,#4342);
#3765=AXIS2_PLACEMENT_3D('',#5503,#4344,#4345);
#3766=AXIS2_PLACEMENT_3D('',#5504,#4346,#4347);
#3767=AXIS2_PLACEMENT_3D('',#5506,#4348,#4349);
#3768=AXIS2_PLACEMENT_3D('',#5508,#4351,#4352);
#3769=AXIS2_PLACEMENT_3D('',#5511,#4354,#4355);
#3770=AXIS2_PLACEMENT_3D('',#5512,#4356,#4357);
#3771=AXIS2_PLACEMENT_3D('',#5514,#4358,#4359);
#3772=AXIS2_PLACEMENT_3D('',#5516,#4361,#4362);
#3773=AXIS2_PLACEMENT_3D('',#5519,#4364,#4365);
#3774=AXIS2_PLACEMENT_3D('',#5520,#4366,#4367);
#3775=AXIS2_PLACEMENT_3D('',#5522,#4368,#4369);
#3776=AXIS2_PLACEMENT_3D('',#5524,#4371,#4372);
#3777=AXIS2_PLACEMENT_3D('',#5526,#4373,#4374);
#3778=AXIS2_PLACEMENT_3D('',#5528,#4376,#4377);
#3779=AXIS2_PLACEMENT_3D('',#5530,#4378,#4379);
#3780=AXIS2_PLACEMENT_3D('',#5532,#4381,#4382);
#3781=AXIS2_PLACEMENT_3D('',#5534,#4383,#4384);
#3782=AXIS2_PLACEMENT_3D('',#5536,#4386,#4387);
#3783=AXIS2_PLACEMENT_3D('',#5538,#4388,#4389);
#3784=AXIS2_PLACEMENT_3D('',#5540,#4391,#4392);
#3785=AXIS2_PLACEMENT_3D('',#5542,#4393,#4394);
#3786=AXIS2_PLACEMENT_3D('',#5544,#4396,#4397);
#3787=AXIS2_PLACEMENT_3D('',#5546,#4398,#4399);
#3788=AXIS2_PLACEMENT_3D('',#5548,#4401,#4402);
#3789=AXIS2_PLACEMENT_3D('',#5550,#4403,#4404);
#3790=AXIS2_PLACEMENT_3D('',#5552,#4406,#4407);
#3791=AXIS2_PLACEMENT_3D('',#5554,#4408,#4409);
#3792=AXIS2_PLACEMENT_3D('',#5556,#4411,#4412);
#3793=AXIS2_PLACEMENT_3D('',#5558,#4413,#4414);
#3794=AXIS2_PLACEMENT_3D('',#5560,#4416,#4417);
#3795=AXIS2_PLACEMENT_3D('',#5562,#4418,#4419);
#3796=AXIS2_PLACEMENT_3D('',#5565,#4421,#4422);
#3797=AXIS2_PLACEMENT_3D('',#5566,#4423,#4424);
#3798=AXIS2_PLACEMENT_3D('',#5567,#4425,#4426);
#3799=AXIS2_PLACEMENT_3D('',#5569,#4427,#4428);
#3800=AXIS2_PLACEMENT_3D('',#5572,#4430,#4431);
#3801=AXIS2_PLACEMENT_3D('',#5573,#4432,#4433);
#3802=AXIS2_PLACEMENT_3D('',#5574,#4434,#4435);
#3803=AXIS2_PLACEMENT_3D('',#5578,#4437,#4438);
#3804=AXIS2_PLACEMENT_3D('',#5580,#4440,#4441);
#3805=AXIS2_PLACEMENT_3D('',#5582,#4443,#4444);
#3806=AXIS2_PLACEMENT_3D('',#5585,#4446,#4447);
#3807=AXIS2_PLACEMENT_3D('',#5586,#4448,#4449);
#3808=AXIS2_PLACEMENT_3D('',#5588,#4450,#4451);
#3809=AXIS2_PLACEMENT_3D('',#5589,#4452,#4453);
#3810=AXIS2_PLACEMENT_3D('',#5593,#4455,#4456);
#3811=AXIS2_PLACEMENT_3D('',#5595,#4458,#4459);
#3812=AXIS2_PLACEMENT_3D('',#5597,#4461,#4462);
#3813=AXIS2_PLACEMENT_3D('',#5601,#4464,#4465);
#3814=AXIS2_PLACEMENT_3D('',#5603,#4467,#4468);
#3815=AXIS2_PLACEMENT_3D('',#5605,#4470,#4471);
#3816=AXIS2_PLACEMENT_3D('',#5609,#4473,#4474);
#3817=AXIS2_PLACEMENT_3D('',#5611,#4476,#4477);
#3818=AXIS2_PLACEMENT_3D('',#5613,#4479,#4480);
#3819=AXIS2_PLACEMENT_3D('',#5617,#4482,#4483);
#3820=AXIS2_PLACEMENT_3D('',#5619,#4485,#4486);
#3821=AXIS2_PLACEMENT_3D('',#5621,#4488,#4489);
#3822=AXIS2_PLACEMENT_3D('',#5625,#4491,#4492);
#3823=AXIS2_PLACEMENT_3D('',#5627,#4494,#4495);
#3824=AXIS2_PLACEMENT_3D('',#5629,#4497,#4498);
#3825=AXIS2_PLACEMENT_3D('',#5633,#4500,#4501);
#3826=AXIS2_PLACEMENT_3D('',#5635,#4503,#4504);
#3827=AXIS2_PLACEMENT_3D('',#5637,#4506,#4507);
#3828=AXIS2_PLACEMENT_3D('',#5641,#4509,#4510);
#3829=AXIS2_PLACEMENT_3D('',#5643,#4512,#4513);
#3830=AXIS2_PLACEMENT_3D('',#5645,#4515,#4516);
#3831=AXIS2_PLACEMENT_3D('',#5649,#4518,#4519);
#3832=AXIS2_PLACEMENT_3D('',#5651,#4521,#4522);
#3833=AXIS2_PLACEMENT_3D('',#5653,#4524,#4525);
#3834=AXIS2_PLACEMENT_3D('',#5657,#4527,#4528);
#3835=AXIS2_PLACEMENT_3D('',#5659,#4530,#4531);
#3836=AXIS2_PLACEMENT_3D('',#5661,#4533,#4534);
#3837=AXIS2_PLACEMENT_3D('',#5665,#4536,#4537);
#3838=AXIS2_PLACEMENT_3D('',#5667,#4539,#4540);
#3839=AXIS2_PLACEMENT_3D('',#5669,#4542,#4543);
#3840=AXIS2_PLACEMENT_3D('',#5673,#4545,#4546);
#3841=AXIS2_PLACEMENT_3D('',#5675,#4548,#4549);
#3842=AXIS2_PLACEMENT_3D('',#5677,#4551,#4552);
#3843=AXIS2_PLACEMENT_3D('',#5681,#4554,#4555);
#3844=AXIS2_PLACEMENT_3D('',#5683,#4557,#4558);
#3845=AXIS2_PLACEMENT_3D('',#5685,#4560,#4561);
#3846=AXIS2_PLACEMENT_3D('',#5689,#4563,#4564);
#3847=AXIS2_PLACEMENT_3D('',#5691,#4566,#4567);
#3848=AXIS2_PLACEMENT_3D('',#5693,#4569,#4570);
#3849=AXIS2_PLACEMENT_3D('',#5697,#4572,#4573);
#3850=AXIS2_PLACEMENT_3D('',#5699,#4575,#4576);
#3851=AXIS2_PLACEMENT_3D('',#5701,#4578,#4579);
#3852=AXIS2_PLACEMENT_3D('',#5705,#4581,#4582);
#3853=AXIS2_PLACEMENT_3D('',#5707,#4584,#4585);
#3854=AXIS2_PLACEMENT_3D('',#5709,#4587,#4588);
#3855=AXIS2_PLACEMENT_3D('',#5712,#4590,#4591);
#3856=AXIS2_PLACEMENT_3D('',#5713,#4592,#4593);
#3857=AXIS2_PLACEMENT_3D('',#5715,#4594,#4595);
#3858=AXIS2_PLACEMENT_3D('',#5716,#4596,#4597);
#3859=AXIS2_PLACEMENT_3D('',#5720,#4599,#4600);
#3860=AXIS2_PLACEMENT_3D('',#5722,#4602,#4603);
#3861=AXIS2_PLACEMENT_3D('',#5724,#4605,#4606);
#3862=AXIS2_PLACEMENT_3D('',#5727,#4608,#4609);
#3863=AXIS2_PLACEMENT_3D('',#5728,#4610,#4611);
#3864=AXIS2_PLACEMENT_3D('',#5730,#4612,#4613);
#3865=AXIS2_PLACEMENT_3D('',#5731,#4614,#4615);
#3866=AXIS2_PLACEMENT_3D('',#5735,#4617,#4618);
#3867=AXIS2_PLACEMENT_3D('',#5737,#4620,#4621);
#3868=AXIS2_PLACEMENT_3D('',#5739,#4623,#4624);
#3869=AXIS2_PLACEMENT_3D('',#5743,#4626,#4627);
#3870=AXIS2_PLACEMENT_3D('',#5745,#4629,#4630);
#3871=AXIS2_PLACEMENT_3D('',#5747,#4632,#4633);
#3872=AXIS2_PLACEMENT_3D('',#5751,#4635,#4636);
#3873=AXIS2_PLACEMENT_3D('',#5753,#4638,#4639);
#3874=AXIS2_PLACEMENT_3D('',#5755,#4641,#4642);
#3875=AXIS2_PLACEMENT_3D('',#5759,#4644,#4645);
#3876=AXIS2_PLACEMENT_3D('',#5761,#4647,#4648);
#3877=AXIS2_PLACEMENT_3D('',#5763,#4650,#4651);
#3878=AXIS2_PLACEMENT_3D('',#5767,#4653,#4654);
#3879=AXIS2_PLACEMENT_3D('',#5769,#4656,#4657);
#3880=AXIS2_PLACEMENT_3D('',#5771,#4659,#4660);
#3881=AXIS2_PLACEMENT_3D('',#5775,#4662,#4663);
#3882=AXIS2_PLACEMENT_3D('',#5777,#4665,#4666);
#3883=AXIS2_PLACEMENT_3D('',#5779,#4668,#4669);
#3884=AXIS2_PLACEMENT_3D('',#5783,#4671,#4672);
#3885=AXIS2_PLACEMENT_3D('',#5785,#4674,#4675);
#3886=AXIS2_PLACEMENT_3D('',#5787,#4677,#4678);
#3887=AXIS2_PLACEMENT_3D('',#5791,#4680,#4681);
#3888=AXIS2_PLACEMENT_3D('',#5793,#4683,#4684);
#3889=AXIS2_PLACEMENT_3D('',#5795,#4686,#4687);
#3890=AXIS2_PLACEMENT_3D('',#5799,#4689,#4690);
#3891=AXIS2_PLACEMENT_3D('',#5801,#4692,#4693);
#3892=AXIS2_PLACEMENT_3D('',#5803,#4695,#4696);
#3893=AXIS2_PLACEMENT_3D('',#5807,#4698,#4699);
#3894=AXIS2_PLACEMENT_3D('',#5809,#4701,#4702);
#3895=AXIS2_PLACEMENT_3D('',#5811,#4704,#4705);
#3896=AXIS2_PLACEMENT_3D('',#5815,#4707,#4708);
#3897=AXIS2_PLACEMENT_3D('',#5817,#4710,#4711);
#3898=AXIS2_PLACEMENT_3D('',#5819,#4713,#4714);
#3899=AXIS2_PLACEMENT_3D('',#5823,#4716,#4717);
#3900=AXIS2_PLACEMENT_3D('',#5825,#4719,#4720);
#3901=AXIS2_PLACEMENT_3D('',#5827,#4722,#4723);
#3902=AXIS2_PLACEMENT_3D('',#5831,#4725,#4726);
#3903=AXIS2_PLACEMENT_3D('',#5833,#4728,#4729);
#3904=AXIS2_PLACEMENT_3D('',#5835,#4731,#4732);
#3905=AXIS2_PLACEMENT_3D('',#5839,#4734,#4735);
#3906=AXIS2_PLACEMENT_3D('',#5841,#4737,#4738);
#3907=AXIS2_PLACEMENT_3D('',#5843,#4740,#4741);
#3908=AXIS2_PLACEMENT_3D('',#5847,#4743,#4744);
#3909=AXIS2_PLACEMENT_3D('',#5849,#4746,#4747);
#3910=AXIS2_PLACEMENT_3D('',#5851,#4749,#4750);
#3911=AXIS2_PLACEMENT_3D('',#5854,#4752,#4753);
#3912=AXIS2_PLACEMENT_3D('',#5855,#4754,#4755);
#3913=AXIS2_PLACEMENT_3D('',#5857,#4756,#4757);
#3914=AXIS2_PLACEMENT_3D('',#5858,#4758,#4759);
#3915=AXIS2_PLACEMENT_3D('',#5864,#4763,#4764);
#3916=AXIS2_PLACEMENT_3D('',#5870,#4768,#4769);
#3917=AXIS2_PLACEMENT_3D('',#5876,#4773,#4774);
#3918=AXIS2_PLACEMENT_3D('',#5882,#4778,#4779);
#3919=AXIS2_PLACEMENT_3D('',#5888,#4783,#4784);
#3920=AXIS2_PLACEMENT_3D('',#5894,#4788,#4789);
#3921=AXIS2_PLACEMENT_3D('',#5900,#4793,#4794);
#3922=AXIS2_PLACEMENT_3D('',#5906,#4798,#4799);
#3923=AXIS2_PLACEMENT_3D('',#5912,#4803,#4804);
#3924=AXIS2_PLACEMENT_3D('',#5918,#4808,#4809);
#3925=AXIS2_PLACEMENT_3D('',#5924,#4813,#4814);
#3926=AXIS2_PLACEMENT_3D('',#5930,#4818,#4819);
#3927=AXIS2_PLACEMENT_3D('',#5936,#4823,#4824);
#3928=AXIS2_PLACEMENT_3D('',#5942,#4828,#4829);
#3929=AXIS2_PLACEMENT_3D('',#5948,#4833,#4834);
#3930=AXIS2_PLACEMENT_3D('',#5954,#4838,#4839);
#3931=AXIS2_PLACEMENT_3D('',#5960,#4843,#4844);
#3932=AXIS2_PLACEMENT_3D('',#5966,#4848,#4849);
#3933=AXIS2_PLACEMENT_3D('',#5972,#4853,#4854);
#3934=AXIS2_PLACEMENT_3D('',#5978,#4858,#4859);
#3935=AXIS2_PLACEMENT_3D('',#5984,#4863,#4864);
#3936=AXIS2_PLACEMENT_3D('',#5990,#4868,#4869);
#3937=AXIS2_PLACEMENT_3D('',#5996,#4873,#4874);
#3938=AXIS2_PLACEMENT_3D('',#6002,#4878,#4879);
#3939=AXIS2_PLACEMENT_3D('',#6005,#4880,#4881);
#3940=AXIS2_PLACEMENT_3D('',#6008,#4884,#4885);
#3941=AXIS2_PLACEMENT_3D('',#6012,#4888,#4889);
#3942=AXIS2_PLACEMENT_3D('',#6015,#4890,#4891);
#3943=AXIS2_PLACEMENT_3D('',#6018,#4894,#4895);
#3944=AXIS2_PLACEMENT_3D('',#6022,#4898,#4899);
#3945=AXIS2_PLACEMENT_3D('',#6025,#4900,#4901);
#3946=AXIS2_PLACEMENT_3D('',#6028,#4904,#4905);
#3947=AXIS2_PLACEMENT_3D('',#6032,#4908,#4909);
#3948=AXIS2_PLACEMENT_3D('',#6035,#4910,#4911);
#3949=AXIS2_PLACEMENT_3D('',#6038,#4914,#4915);
#3950=AXIS2_PLACEMENT_3D('',#6042,#4918,#4919);
#3951=AXIS2_PLACEMENT_3D('',#6046,#4922,#4923);
#3952=AXIS2_PLACEMENT_3D('',#6050,#4926,#4927);
#3953=AXIS2_PLACEMENT_3D('',#6054,#4930,#4931);
#3954=AXIS2_PLACEMENT_3D('',#6058,#4934,#4935);
#3955=AXIS2_PLACEMENT_3D('',#6060,#4937,#4938);
#3956=AXIS2_PLACEMENT_3D('',#6062,#4940,#4941);
#3957=AXIS2_PLACEMENT_3D('',#6064,#4943,#4944);
#3958=AXIS2_PLACEMENT_3D('',#6067,#4946,#4947);
#3959=AXIS2_PLACEMENT_3D('',#6070,#4949,#4950);
#3960=AXIS2_PLACEMENT_3D('',#6071,#4951,#4952);
#3961=AXIS2_PLACEMENT_3D('',#6072,#4953,#4954);
#3962=AXIS2_PLACEMENT_3D('',#6074,#4955,#4956);
#3963=AXIS2_PLACEMENT_3D('',#6077,#4958,#4959);
#3964=AXIS2_PLACEMENT_3D('',#6078,#4960,#4961);
#3965=AXIS2_PLACEMENT_3D('',#6079,#4962,#4963);
#3966=AXIS2_PLACEMENT_3D('',#6081,#4964,#4965);
#3967=AXIS2_PLACEMENT_3D('',#6083,#4966,#4967);
#3968=AXIS2_PLACEMENT_3D('',#6085,#4968,#4969);
#3969=AXIS2_PLACEMENT_3D('',#6088,#4971,#4972);
#3970=AXIS2_PLACEMENT_3D('',#6089,#4973,#4974);
#3971=AXIS2_PLACEMENT_3D('',#6090,#4975,#4976);
#3972=AXIS2_PLACEMENT_3D('',#6092,#4977,#4978);
#3973=AXIS2_PLACEMENT_3D('',#6095,#4980,#4981);
#3974=AXIS2_PLACEMENT_3D('',#6096,#4982,#4983);
#3975=AXIS2_PLACEMENT_3D('',#6097,#4984,#4985);
#3976=AXIS2_PLACEMENT_3D('',#6101,#4987,#4988);
#3977=AXIS2_PLACEMENT_3D('',#6102,#4989,#4990);
#3978=AXIS2_PLACEMENT_3D('',#6103,#4991,#4992);
#3979=AXIS2_PLACEMENT_3D('',#6104,#4993,#4994);
#3980=AXIS2_PLACEMENT_3D('',#6106,#4995,#4996);
#3981=AXIS2_PLACEMENT_3D('',#6108,#4997,#4998);
#3982=AXIS2_PLACEMENT_3D('',#6111,#5000,#5001);
#3983=AXIS2_PLACEMENT_3D('',#6112,#5002,#5003);
#3984=AXIS2_PLACEMENT_3D('',#6113,#5004,#5005);
#3985=AXIS2_PLACEMENT_3D('',#6115,#5006,#5007);
#3986=AXIS2_PLACEMENT_3D('',#6117,#5008,#5009);
#3987=AXIS2_PLACEMENT_3D('',#6120,#5011,#5012);
#3988=AXIS2_PLACEMENT_3D('',#6121,#5013,#5014);
#3989=AXIS2_PLACEMENT_3D('',#6122,#5015,#5016);
#3990=AXIS2_PLACEMENT_3D('',#6123,#5017,#5018);
#3991=AXIS2_PLACEMENT_3D('',#6125,#5019,#5020);
#3992=AXIS2_PLACEMENT_3D('',#6128,#5022,#5023);
#3993=AXIS2_PLACEMENT_3D('',#6129,#5024,#5025);
#3994=AXIS2_PLACEMENT_3D('',#6130,#5026,#5027);
#3995=AXIS2_PLACEMENT_3D('',#6133,#5030,#5031);
#3996=AXIS2_PLACEMENT_3D('',#6134,#5032,#5033);
#3997=AXIS2_PLACEMENT_3D('',#6135,#5034,#5035);
#3998=AXIS2_PLACEMENT_3D('',#6136,#5036,#5037);
#3999=AXIS2_PLACEMENT_3D('',#6137,#5038,#5039);
#4000=AXIS2_PLACEMENT_3D('',#6140,#5042,#5043);
#4001=AXIS2_PLACEMENT_3D('',#6141,#5044,#5045);
#4002=AXIS2_PLACEMENT_3D('',#6142,#5046,#5047);
#4003=AXIS2_PLACEMENT_3D('',#6143,#5048,#5049);
#4004=AXIS2_PLACEMENT_3D('',#6144,#5050,#5051);
#4005=AXIS2_PLACEMENT_3D('',#6146,#5053,#5054);
#4006=AXIS2_PLACEMENT_3D('',#6148,#5056,#5057);
#4007=AXIS2_PLACEMENT_3D('',#6151,#5060,#5061);
#4008=AXIS2_PLACEMENT_3D('',#6152,#5062,#5063);
#4009=AXIS2_PLACEMENT_3D('',#6153,#5064,#5065);
#4010=AXIS2_PLACEMENT_3D('',#6154,#5066,#5067);
#4011=AXIS2_PLACEMENT_3D('',#6155,#5068,#5069);
#4012=AXIS2_PLACEMENT_3D('',#6158,#5072,#5073);
#4013=AXIS2_PLACEMENT_3D('',#6159,#5074,#5075);
#4014=AXIS2_PLACEMENT_3D('',#6160,#5076,#5077);
#4015=AXIS2_PLACEMENT_3D('',#6161,#5078,#5079);
#4016=AXIS2_PLACEMENT_3D('',#6162,#5080,#5081);
#4017=AXIS2_PLACEMENT_3D('',#6164,#5083,#5084);
#4018=AXIS2_PLACEMENT_3D('',#6165,#5085,#5086);
#4019=AXIS2_PLACEMENT_3D('',#6166,#5087,#5088);
#4020=AXIS2_PLACEMENT_3D('',#6168,#5090,#5091);
#4021=AXIS2_PLACEMENT_3D('',#6169,#5092,#5093);
#4022=AXIS2_PLACEMENT_3D('',#6171,#5095,#5096);
#4023=AXIS2_PLACEMENT_3D('',#6174,#5099,#5100);
#4024=AXIS2_PLACEMENT_3D('',#6175,#5101,#5102);
#4025=AXIS2_PLACEMENT_3D('',#6176,#5103,#5104);
#4026=AXIS2_PLACEMENT_3D('',#6177,#5105,#5106);
#4027=AXIS2_PLACEMENT_3D('',#6178,#5107,#5108);
#4028=AXIS2_PLACEMENT_3D('',#6180,#5110,#5111);
#4029=AXIS2_PLACEMENT_3D('',#6183,#5114,#5115);
#4030=AXIS2_PLACEMENT_3D('',#6184,#5116,#5117);
#4031=AXIS2_PLACEMENT_3D('',#6185,#5118,#5119);
#4032=AXIS2_PLACEMENT_3D('',#6186,#5120,#5121);
#4033=AXIS2_PLACEMENT_3D('',#6187,#5122,#5123);
#4034=AXIS2_PLACEMENT_3D('',#6189,#5125,#5126);
#4035=AXIS2_PLACEMENT_3D('',#6191,#5128,#5129);
#4036=AXIS2_PLACEMENT_3D('',#6192,#5130,#5131);
#4037=AXIS2_PLACEMENT_3D('',#6193,#5132,#5133);
#4038=AXIS2_PLACEMENT_3D('',#6194,#5134,#5135);
#4039=DIRECTION('axis',(0.,0.,1.));
#4040=DIRECTION('refdir',(1.,0.,0.));
#4041=DIRECTION('center_axis',(0.,0.,-1.));
#4042=DIRECTION('ref_axis',(1.,0.,0.));
#4043=DIRECTION('center_axis',(0.,0.,-1.));
#4044=DIRECTION('ref_axis',(1.,0.,0.));
#4045=DIRECTION('',(0.707106781186548,-8.65956056235494E-17,0.707106781186547));
#4046=DIRECTION('center_axis',(0.,0.,1.));
#4047=DIRECTION('ref_axis',(1.,0.,0.));
#4048=DIRECTION('center_axis',(0.,0.,1.));
#4049=DIRECTION('ref_axis',(1.,0.,0.));
#4050=DIRECTION('',(0.,-1.,0.));
#4051=DIRECTION('center_axis',(0.,0.,-1.));
#4052=DIRECTION('ref_axis',(-0.707106781186548,-0.707106781186547,0.));
#4053=DIRECTION('',(1.,0.,0.));
#4054=DIRECTION('',(0.,-1.,0.));
#4055=DIRECTION('',(-1.,0.,0.));
#4056=DIRECTION('center_axis',(0.,0.,-1.));
#4057=DIRECTION('ref_axis',(-0.707106781186546,0.707106781186549,0.));
#4058=DIRECTION('',(0.,-1.,0.));
#4059=DIRECTION('',(-1.,8.27620800175116E-14,0.));
#4060=DIRECTION('',(0.,1.,0.));
#4061=DIRECTION('center_axis',(0.,0.,-1.));
#4062=DIRECTION('ref_axis',(0.707106781186548,0.707106781186547,0.));
#4063=DIRECTION('',(-1.,0.,0.));
#4064=DIRECTION('',(-7.40148683083438E-16,1.,0.));
#4065=DIRECTION('',(1.,-1.48029736616688E-16,0.));
#4066=DIRECTION('center_axis',(0.,0.,-1.));
#4067=DIRECTION('ref_axis',(0.707106781186546,-0.707106781186549,0.));
#4068=DIRECTION('',(0.,1.,0.));
#4069=DIRECTION('',(1.,1.57001235805578E-16,0.));
#4070=DIRECTION('center_axis',(0.,0.,-1.));
#4071=DIRECTION('ref_axis',(1.,0.,0.));
#4072=DIRECTION('center_axis',(0.,0.,-1.));
#4073=DIRECTION('ref_axis',(1.,0.,0.));
#4074=DIRECTION('center_axis',(0.,0.,-1.));
#4075=DIRECTION('ref_axis',(1.,0.,0.));
#4076=DIRECTION('center_axis',(0.,0.,-1.));
#4077=DIRECTION('ref_axis',(1.,0.,0.));
#4078=DIRECTION('center_axis',(0.,0.,1.));
#4079=DIRECTION('ref_axis',(-1.,0.,0.));
#4080=DIRECTION('center_axis',(0.,0.,1.));
#4081=DIRECTION('ref_axis',(-1.,0.,0.));
#4082=DIRECTION('center_axis',(0.,0.,1.));
#4083=DIRECTION('ref_axis',(-1.,0.,0.));
#4084=DIRECTION('center_axis',(0.,0.,1.));
#4085=DIRECTION('ref_axis',(-1.,0.,0.));
#4086=DIRECTION('center_axis',(0.,0.,1.));
#4087=DIRECTION('ref_axis',(-1.,0.,0.));
#4088=DIRECTION('',(-4.99600361081479E-14,-1.,0.));
#4089=DIRECTION('center_axis',(0.,0.,1.));
#4090=DIRECTION('ref_axis',(-1.,3.17079695832935E-12,0.));
#4091=DIRECTION('',(1.,-1.8707257964934E-13,0.));
#4092=DIRECTION('center_axis',(0.,0.,1.));
#4093=DIRECTION('ref_axis',(-1.,0.,0.));
#4094=DIRECTION('',(1.,-1.8707257964934E-13,0.));
#4095=DIRECTION('center_axis',(0.,0.,1.));
#4096=DIRECTION('ref_axis',(-2.22044604925033E-15,-1.,0.));
#4097=DIRECTION('',(-7.40148683083436E-16,1.,0.));
#4098=DIRECTION('center_axis',(0.,0.,1.));
#4099=DIRECTION('ref_axis',(-1.,0.,0.));
#4100=DIRECTION('',(-7.40148683083436E-16,1.,0.));
#4101=DIRECTION('center_axis',(0.,0.,1.));
#4102=DIRECTION('ref_axis',(1.,1.77635683940027E-14,0.));
#4103=DIRECTION('',(-1.,1.20274161001065E-15,0.));
#4104=DIRECTION('center_axis',(0.,0.,1.));
#4105=DIRECTION('ref_axis',(-1.,0.,0.));
#4106=DIRECTION('',(-1.,1.20274161001065E-15,0.));
#4107=DIRECTION('center_axis',(0.,0.,1.));
#4108=DIRECTION('ref_axis',(-3.5527136788005E-14,1.,0.));
#4109=DIRECTION('',(-4.99600361081479E-14,-1.,0.));
#4110=DIRECTION('center_axis',(0.,0.,1.));
#4111=DIRECTION('ref_axis',(-1.,0.,0.));
#4112=DIRECTION('',(-1.48029736616687E-15,1.,0.));
#4113=DIRECTION('center_axis',(0.,0.,1.));
#4114=DIRECTION('ref_axis',(1.,2.22044604925032E-14,0.));
#4115=DIRECTION('',(-1.,1.11022302462522E-15,0.));
#4116=DIRECTION('center_axis',(0.,0.,1.));
#4117=DIRECTION('ref_axis',(-1.,0.,0.));
#4118=DIRECTION('',(-1.,1.11022302462522E-15,0.));
#4119=DIRECTION('center_axis',(0.,0.,1.));
#4120=DIRECTION('ref_axis',(-1.77635683940026E-14,1.,0.));
#4121=DIRECTION('',(-4.81096644004386E-14,-1.,0.));
#4122=DIRECTION('center_axis',(0.,0.,1.));
#4123=DIRECTION('ref_axis',(-1.,0.,0.));
#4124=DIRECTION('',(-4.81096644004386E-14,-1.,0.));
#4125=DIRECTION('center_axis',(0.,0.,1.));
#4126=DIRECTION('ref_axis',(-1.,3.18189918857571E-12,0.));
#4127=DIRECTION('',(1.,-1.87165098234726E-13,0.));
#4128=DIRECTION('center_axis',(0.,0.,1.));
#4129=DIRECTION('ref_axis',(-1.,0.,0.));
#4130=DIRECTION('',(1.,-1.87165098234726E-13,0.));
#4131=DIRECTION('center_axis',(0.,0.,1.));
#4132=DIRECTION('ref_axis',(-1.77635683940025E-14,-1.,0.));
#4133=DIRECTION('',(-1.48029736616687E-15,1.,0.));
#4134=DIRECTION('center_axis',(0.,0.,1.));
#4135=DIRECTION('ref_axis',(-1.,0.,0.));
#4136=DIRECTION('',(1.,-1.87165098234726E-13,0.));
#4137=DIRECTION('center_axis',(0.,0.,1.));
#4138=DIRECTION('ref_axis',(-1.77635683940025E-14,-1.,0.));
#4139=DIRECTION('',(-1.48029736616687E-15,1.,0.));
#4140=DIRECTION('center_axis',(0.,0.,1.));
#4141=DIRECTION('ref_axis',(-1.,0.,0.));
#4142=DIRECTION('',(-1.48029736616687E-15,1.,0.));
#4143=DIRECTION('center_axis',(0.,0.,1.));
#4144=DIRECTION('ref_axis',(1.,2.22044604925032E-14,0.));
#4145=DIRECTION('',(-1.,1.11022302462522E-15,0.));
#4146=DIRECTION('center_axis',(0.,0.,1.));
#4147=DIRECTION('ref_axis',(-1.,0.,0.));
#4148=DIRECTION('',(-1.,1.11022302462522E-15,0.));
#4149=DIRECTION('center_axis',(0.,0.,1.));
#4150=DIRECTION('ref_axis',(-8.88178419700128E-15,1.,0.));
#4151=DIRECTION('',(-4.84797387419805E-14,-1.,0.));
#4152=DIRECTION('center_axis',(0.,0.,1.));
#4153=DIRECTION('ref_axis',(-1.,0.,0.));
#4154=DIRECTION('',(-4.84797387419805E-14,-1.,0.));
#4155=DIRECTION('center_axis',(0.,0.,1.));
#4156=DIRECTION('ref_axis',(-1.,3.18189918857571E-12,0.));
#4157=DIRECTION('',(1.,-1.87165098234726E-13,0.));
#4158=DIRECTION('center_axis',(0.,0.,1.));
#4159=DIRECTION('ref_axis',(-1.,0.,0.));
#4160=DIRECTION('',(-1.11022302462515E-15,1.,0.));
#4161=DIRECTION('center_axis',(0.,0.,1.));
#4162=DIRECTION('ref_axis',(1.,2.22044604925032E-14,0.));
#4163=DIRECTION('',(-1.,1.11022302462522E-15,0.));
#4164=DIRECTION('center_axis',(0.,0.,1.));
#4165=DIRECTION('ref_axis',(-1.,0.,0.));
#4166=DIRECTION('',(-1.,1.11022302462522E-15,0.));
#4167=DIRECTION('center_axis',(0.,0.,1.));
#4168=DIRECTION('ref_axis',(-1.33226762955019E-14,1.,0.));
#4169=DIRECTION('',(-4.82947015712096E-14,-1.,0.));
#4170=DIRECTION('center_axis',(0.,0.,1.));
#4171=DIRECTION('ref_axis',(-1.,0.,0.));
#4172=DIRECTION('',(-4.82947015712096E-14,-1.,0.));
#4173=DIRECTION('center_axis',(0.,0.,1.));
#4174=DIRECTION('ref_axis',(-1.,3.18189918857572E-12,0.));
#4175=DIRECTION('',(1.,-1.87165098234726E-13,0.));
#4176=DIRECTION('center_axis',(0.,0.,1.));
#4177=DIRECTION('ref_axis',(-1.,0.,0.));
#4178=DIRECTION('',(1.,-1.87165098234726E-13,0.));
#4179=DIRECTION('center_axis',(0.,0.,1.));
#4180=DIRECTION('ref_axis',(-8.88178419700126E-15,-1.,0.));
#4181=DIRECTION('',(-1.11022302462515E-15,1.,0.));
#4182=DIRECTION('center_axis',(0.,0.,1.));
#4183=DIRECTION('ref_axis',(-1.,0.,0.));
#4184=DIRECTION('',(-1.20274161001058E-15,1.,0.));
#4185=DIRECTION('center_axis',(0.,0.,1.));
#4186=DIRECTION('ref_axis',(1.,2.22044604925033E-14,0.));
#4187=DIRECTION('',(-1.,1.11022302462522E-15,0.));
#4188=DIRECTION('center_axis',(0.,0.,1.));
#4189=DIRECTION('ref_axis',(-1.,0.,0.));
#4190=DIRECTION('',(-1.,1.11022302462522E-15,0.));
#4191=DIRECTION('center_axis',(0.,0.,1.));
#4192=DIRECTION('ref_axis',(-8.88178419700128E-15,1.,0.));
#4193=DIRECTION('',(-4.84797387419805E-14,-1.,0.));
#4194=DIRECTION('center_axis',(0.,0.,1.));
#4195=DIRECTION('ref_axis',(-1.,0.,0.));
#4196=DIRECTION('',(-4.84797387419805E-14,-1.,0.));
#4197=DIRECTION('center_axis',(0.,0.,1.));
#4198=DIRECTION('ref_axis',(-1.,3.18189918857571E-12,0.));
#4199=DIRECTION('',(1.,-1.87165098234726E-13,0.));
#4200=DIRECTION('center_axis',(0.,0.,1.));
#4201=DIRECTION('ref_axis',(-1.,0.,0.));
#4202=DIRECTION('',(1.,-1.87165098234726E-13,0.));
#4203=DIRECTION('center_axis',(0.,0.,1.));
#4204=DIRECTION('ref_axis',(-6.66133814775095E-15,-1.,0.));
#4205=DIRECTION('',(-1.20274161001058E-15,1.,0.));
#4206=DIRECTION('center_axis',(0.,0.,1.));
#4207=DIRECTION('ref_axis',(-1.,0.,0.));
#4208=DIRECTION('',(-1.11022302462515E-15,1.,0.));
#4209=DIRECTION('center_axis',(0.,0.,1.));
#4210=DIRECTION('ref_axis',(1.,2.22044604925032E-14,0.));
#4211=DIRECTION('',(-1.,1.11022302462522E-15,0.));
#4212=DIRECTION('center_axis',(0.,0.,1.));
#4213=DIRECTION('ref_axis',(-1.,0.,0.));
#4214=DIRECTION('',(-1.,1.11022302462522E-15,0.));
#4215=DIRECTION('center_axis',(0.,0.,1.));
#4216=DIRECTION('ref_axis',(-1.77635683940026E-14,1.,0.));
#4217=DIRECTION('',(-4.81096644004386E-14,-1.,0.));
#4218=DIRECTION('center_axis',(0.,0.,1.));
#4219=DIRECTION('ref_axis',(-1.,0.,0.));
#4220=DIRECTION('',(-4.81096644004386E-14,-1.,0.));
#4221=DIRECTION('center_axis',(0.,0.,1.));
#4222=DIRECTION('ref_axis',(-1.,3.18189918857571E-12,0.));
#4223=DIRECTION('',(1.,-1.87165098234726E-13,0.));
#4224=DIRECTION('center_axis',(0.,0.,1.));
#4225=DIRECTION('ref_axis',(-1.,0.,0.));
#4226=DIRECTION('',(1.,-1.87165098234726E-13,0.));
#4227=DIRECTION('center_axis',(0.,0.,1.));
#4228=DIRECTION('ref_axis',(-8.88178419700126E-15,-1.,0.));
#4229=DIRECTION('',(-1.11022302462515E-15,1.,0.));
#4230=DIRECTION('center_axis',(0.,0.,1.));
#4231=DIRECTION('ref_axis',(-1.,0.,0.));
#4232=DIRECTION('',(-1.48029736616687E-15,1.,0.));
#4233=DIRECTION('center_axis',(0.,0.,1.));
#4234=DIRECTION('ref_axis',(1.,2.22044604925032E-14,0.));
#4235=DIRECTION('',(-1.,1.11022302462522E-15,0.));
#4236=DIRECTION('center_axis',(0.,0.,1.));
#4237=DIRECTION('ref_axis',(-1.,0.,0.));
#4238=DIRECTION('',(-1.,1.11022302462522E-15,0.));
#4239=DIRECTION('center_axis',(0.,0.,1.));
#4240=DIRECTION('ref_axis',(-1.77635683940026E-14,1.,0.));
#4241=DIRECTION('',(-4.81096644004386E-14,-1.,0.));
#4242=DIRECTION('center_axis',(0.,0.,1.));
#4243=DIRECTION('ref_axis',(-1.,0.,0.));
#4244=DIRECTION('',(-4.81096644004386E-14,-1.,0.));
#4245=DIRECTION('center_axis',(0.,0.,1.));
#4246=DIRECTION('ref_axis',(-1.,3.18189918857571E-12,0.));
#4247=DIRECTION('',(1.,-1.87165098234726E-13,0.));
#4248=DIRECTION('center_axis',(0.,0.,1.));
#4249=DIRECTION('ref_axis',(-1.,0.,0.));
#4250=DIRECTION('',(1.,-1.87165098234726E-13,0.));
#4251=DIRECTION('center_axis',(0.,0.,1.));
#4252=DIRECTION('ref_axis',(-1.77635683940025E-14,-1.,0.));
#4253=DIRECTION('',(-1.48029736616687E-15,1.,0.));
#4254=DIRECTION('center_axis',(0.,0.,1.));
#4255=DIRECTION('ref_axis',(-1.,0.,0.));
#4256=DIRECTION('',(1.,-1.86702505307799E-13,0.));
#4257=DIRECTION('center_axis',(0.,0.,1.));
#4258=DIRECTION('ref_axis',(-7.10542735760112E-14,-1.,0.));
#4259=DIRECTION('',(1.48029736616686E-15,1.,0.));
#4260=DIRECTION('center_axis',(0.,0.,1.));
#4261=DIRECTION('ref_axis',(-1.,0.,0.));
#4262=DIRECTION('',(1.48029736616686E-15,1.,0.));
#4263=DIRECTION('center_axis',(0.,0.,1.));
#4264=DIRECTION('ref_axis',(1.,0.,0.));
#4265=DIRECTION('',(-1.,1.11022302462522E-15,0.));
#4266=DIRECTION('center_axis',(0.,0.,1.));
#4267=DIRECTION('ref_axis',(-1.,0.,0.));
#4268=DIRECTION('',(-1.,1.11022302462522E-15,0.));
#4269=DIRECTION('center_axis',(0.,0.,1.));
#4270=DIRECTION('ref_axis',(-1.77635683940026E-14,1.,0.));
#4271=DIRECTION('',(-4.73695157173551E-14,-1.,0.));
#4272=DIRECTION('center_axis',(0.,0.,1.));
#4273=DIRECTION('ref_axis',(-1.,0.,0.));
#4274=DIRECTION('',(-4.73695157173551E-14,-1.,0.));
#4275=DIRECTION('center_axis',(0.,0.,1.));
#4276=DIRECTION('ref_axis',(-1.,3.17523785042802E-12,0.));
#4277=DIRECTION('',(1.,-1.86702505307799E-13,0.));
#4278=DIRECTION('center_axis',(0.,0.,-1.));
#4279=DIRECTION('ref_axis',(1.,0.,0.));
#4280=DIRECTION('center_axis',(0.,0.,-1.));
#4281=DIRECTION('ref_axis',(1.,0.,0.));
#4282=DIRECTION('center_axis',(0.,0.,-1.));
#4283=DIRECTION('ref_axis',(1.,0.,0.));
#4284=DIRECTION('center_axis',(0.,0.,-1.));
#4285=DIRECTION('ref_axis',(1.,0.,0.));
#4286=DIRECTION('center_axis',(0.,0.,-1.));
#4287=DIRECTION('ref_axis',(1.,0.,0.));
#4288=DIRECTION('center_axis',(0.,0.,-1.));
#4289=DIRECTION('ref_axis',(1.,0.,0.));
#4290=DIRECTION('',(0.,0.,-1.));
#4291=DIRECTION('center_axis',(0.,0.,-1.));
#4292=DIRECTION('ref_axis',(1.,0.,0.));
#4293=DIRECTION('',(0.707106781186548,-8.65956056235494E-17,0.707106781186547));
#4294=DIRECTION('center_axis',(0.,0.,1.));
#4295=DIRECTION('ref_axis',(1.,0.,0.));
#4296=DIRECTION('center_axis',(0.,0.,-1.));
#4297=DIRECTION('ref_axis',(1.,0.,0.));
#4298=DIRECTION('center_axis',(0.,0.,-1.));
#4299=DIRECTION('ref_axis',(1.,0.,0.));
#4300=DIRECTION('',(0.,0.,-1.));
#4301=DIRECTION('center_axis',(0.,0.,-1.));
#4302=DIRECTION('ref_axis',(1.,0.,0.));
#4303=DIRECTION('',(0.707106781186548,-8.65956056235494E-17,0.707106781186547));
#4304=DIRECTION('center_axis',(0.,0.,1.));
#4305=DIRECTION('ref_axis',(1.,0.,0.));
#4306=DIRECTION('center_axis',(0.,0.,-1.));
#4307=DIRECTION('ref_axis',(1.,0.,0.));
#4308=DIRECTION('center_axis',(0.,0.,-1.));
#4309=DIRECTION('ref_axis',(1.,0.,0.));
#4310=DIRECTION('',(0.,0.,-1.));
#4311=DIRECTION('center_axis',(0.,0.,-1.));
#4312=DIRECTION('ref_axis',(1.,0.,0.));
#4313=DIRECTION('',(0.707106781186546,-8.65956056235491E-17,0.707106781186549));
#4314=DIRECTION('center_axis',(0.,0.,1.));
#4315=DIRECTION('ref_axis',(1.,0.,0.));
#4316=DIRECTION('center_axis',(0.,0.,-1.));
#4317=DIRECTION('ref_axis',(1.,0.,0.));
#4318=DIRECTION('center_axis',(0.,0.,-1.));
#4319=DIRECTION('ref_axis',(1.,0.,0.));
#4320=DIRECTION('',(0.,0.,-1.));
#4321=DIRECTION('center_axis',(0.,0.,-1.));
#4322=DIRECTION('ref_axis',(1.,0.,0.));
#4323=DIRECTION('',(0.707106781186547,-8.65956056235492E-17,0.707106781186548));
#4324=DIRECTION('center_axis',(0.,0.,1.));
#4325=DIRECTION('ref_axis',(1.,0.,0.));
#4326=DIRECTION('center_axis',(0.,0.,-1.));
#4327=DIRECTION('ref_axis',(1.,0.,0.));
#4328=DIRECTION('center_axis',(0.,0.,-1.));
#4329=DIRECTION('ref_axis',(1.,0.,0.));
#4330=DIRECTION('',(0.,0.,-1.));
#4331=DIRECTION('center_axis',(0.,0.,-1.));
#4332=DIRECTION('ref_axis',(1.,0.,0.));
#4333=DIRECTION('',(0.707106781186548,-8.65956056235494E-17,0.707106781186547));
#4334=DIRECTION('center_axis',(0.,0.,1.));
#4335=DIRECTION('ref_axis',(1.,0.,0.));
#4336=DIRECTION('center_axis',(0.,0.,-1.));
#4337=DIRECTION('ref_axis',(1.,0.,0.));
#4338=DIRECTION('center_axis',(0.,0.,-1.));
#4339=DIRECTION('ref_axis',(1.,0.,0.));
#4340=DIRECTION('',(0.,0.,-1.));
#4341=DIRECTION('center_axis',(0.,0.,-1.));
#4342=DIRECTION('ref_axis',(1.,0.,0.));
#4343=DIRECTION('',(0.707106781186546,-8.65956056235491E-17,0.707106781186549));
#4344=DIRECTION('center_axis',(0.,0.,1.));
#4345=DIRECTION('ref_axis',(1.,0.,0.));
#4346=DIRECTION('center_axis',(0.,0.,-1.));
#4347=DIRECTION('ref_axis',(1.,0.,0.));
#4348=DIRECTION('center_axis',(0.,0.,-1.));
#4349=DIRECTION('ref_axis',(1.,0.,0.));
#4350=DIRECTION('',(0.,0.,-1.));
#4351=DIRECTION('center_axis',(0.,0.,-1.));
#4352=DIRECTION('ref_axis',(1.,0.,0.));
#4353=DIRECTION('',(0.707106781186548,-8.65956056235494E-17,0.707106781186547));
#4354=DIRECTION('center_axis',(0.,0.,1.));
#4355=DIRECTION('ref_axis',(1.,0.,0.));
#4356=DIRECTION('center_axis',(0.,0.,-1.));
#4357=DIRECTION('ref_axis',(1.,0.,0.));
#4358=DIRECTION('center_axis',(0.,0.,-1.));
#4359=DIRECTION('ref_axis',(1.,0.,0.));
#4360=DIRECTION('',(0.,0.,-1.));
#4361=DIRECTION('center_axis',(0.,0.,-1.));
#4362=DIRECTION('ref_axis',(1.,0.,0.));
#4363=DIRECTION('',(0.707106781186548,-8.65956056235494E-17,0.707106781186547));
#4364=DIRECTION('center_axis',(0.,0.,1.));
#4365=DIRECTION('ref_axis',(1.,0.,0.));
#4366=DIRECTION('center_axis',(0.,0.,-1.));
#4367=DIRECTION('ref_axis',(1.,0.,0.));
#4368=DIRECTION('center_axis',(0.,0.,-1.));
#4369=DIRECTION('ref_axis',(1.,0.,0.));
#4370=DIRECTION('',(0.,0.,-1.));
#4371=DIRECTION('center_axis',(0.,0.,1.));
#4372=DIRECTION('ref_axis',(1.,0.,0.));
#4373=DIRECTION('center_axis',(0.,0.,-1.));
#4374=DIRECTION('ref_axis',(1.,0.,0.));
#4375=DIRECTION('',(0.707106781186547,-8.65956056235493E-17,-0.707106781186548));
#4376=DIRECTION('center_axis',(0.,0.,1.));
#4377=DIRECTION('ref_axis',(1.,0.,0.));
#4378=DIRECTION('center_axis',(0.,0.,-1.));
#4379=DIRECTION('ref_axis',(1.,0.,0.));
#4380=DIRECTION('',(0.707106781186547,-8.65956056235493E-17,-0.707106781186548));
#4381=DIRECTION('center_axis',(0.,0.,1.));
#4382=DIRECTION('ref_axis',(1.,0.,0.));
#4383=DIRECTION('center_axis',(0.,0.,-1.));
#4384=DIRECTION('ref_axis',(1.,0.,0.));
#4385=DIRECTION('',(0.707106781186547,-8.65956056235493E-17,-0.707106781186548));
#4386=DIRECTION('center_axis',(0.,0.,1.));
#4387=DIRECTION('ref_axis',(1.,0.,0.));
#4388=DIRECTION('center_axis',(0.,0.,-1.));
#4389=DIRECTION('ref_axis',(1.,0.,0.));
#4390=DIRECTION('',(0.707106781186547,-8.65956056235493E-17,-0.707106781186548));
#4391=DIRECTION('center_axis',(0.,0.,1.));
#4392=DIRECTION('ref_axis',(1.,0.,0.));
#4393=DIRECTION('center_axis',(0.,0.,-1.));
#4394=DIRECTION('ref_axis',(1.,0.,0.));
#4395=DIRECTION('',(0.707106781186547,-8.65956056235493E-17,-0.707106781186548));
#4396=DIRECTION('center_axis',(0.,0.,1.));
#4397=DIRECTION('ref_axis',(1.,0.,0.));
#4398=DIRECTION('center_axis',(0.,0.,-1.));
#4399=DIRECTION('ref_axis',(1.,0.,0.));
#4400=DIRECTION('',(0.707106781186547,-8.65956056235493E-17,-0.707106781186548));
#4401=DIRECTION('center_axis',(0.,0.,1.));
#4402=DIRECTION('ref_axis',(1.,0.,0.));
#4403=DIRECTION('center_axis',(0.,0.,-1.));
#4404=DIRECTION('ref_axis',(1.,0.,0.));
#4405=DIRECTION('',(0.707106781186547,-8.65956056235493E-17,-0.707106781186548));
#4406=DIRECTION('center_axis',(0.,0.,1.));
#4407=DIRECTION('ref_axis',(1.,0.,0.));
#4408=DIRECTION('center_axis',(0.,0.,-1.));
#4409=DIRECTION('ref_axis',(1.,0.,0.));
#4410=DIRECTION('',(0.707106781186547,-8.65956056235493E-17,-0.707106781186548));
#4411=DIRECTION('center_axis',(0.,0.,1.));
#4412=DIRECTION('ref_axis',(1.,0.,0.));
#4413=DIRECTION('center_axis',(0.,0.,-1.));
#4414=DIRECTION('ref_axis',(1.,0.,0.));
#4415=DIRECTION('',(0.707106781186547,-8.65956056235493E-17,-0.707106781186548));
#4416=DIRECTION('center_axis',(0.,0.,1.));
#4417=DIRECTION('ref_axis',(1.,0.,0.));
#4418=DIRECTION('center_axis',(0.,0.,1.));
#4419=DIRECTION('ref_axis',(1.,0.,0.));
#4420=DIRECTION('',(0.,0.,1.));
#4421=DIRECTION('center_axis',(0.,0.,-1.));
#4422=DIRECTION('ref_axis',(1.,0.,0.));
#4423=DIRECTION('center_axis',(0.,0.,1.));
#4424=DIRECTION('ref_axis',(1.,0.,0.));
#4425=DIRECTION('center_axis',(0.,0.,1.));
#4426=DIRECTION('ref_axis',(1.,0.,0.));
#4427=DIRECTION('center_axis',(0.,0.,1.));
#4428=DIRECTION('ref_axis',(1.,0.,0.));
#4429=DIRECTION('',(0.,0.,1.));
#4430=DIRECTION('center_axis',(0.,0.,-1.));
#4431=DIRECTION('ref_axis',(1.,0.,0.));
#4432=DIRECTION('center_axis',(0.,0.,1.));
#4433=DIRECTION('ref_axis',(1.,0.,0.));
#4434=DIRECTION('center_axis',(0.,0.,1.));
#4435=DIRECTION('ref_axis',(-1.,0.,0.));
#4436=DIRECTION('',(0.,0.,-1.));
#4437=DIRECTION('center_axis',(0.,0.,1.));
#4438=DIRECTION('ref_axis',(-1.,0.,0.));
#4439=DIRECTION('',(0.,0.,1.));
#4440=DIRECTION('center_axis',(0.,0.,-1.));
#4441=DIRECTION('ref_axis',(-1.,0.,0.));
#4442=DIRECTION('',(4.99600361081479E-14,1.,0.));
#4443=DIRECTION('center_axis',(0.,0.,1.));
#4444=DIRECTION('ref_axis',(-1.,0.,0.));
#4445=DIRECTION('',(0.,0.,1.));
#4446=DIRECTION('center_axis',(0.,0.,1.));
#4447=DIRECTION('ref_axis',(-1.,0.,0.));
#4448=DIRECTION('center_axis',(0.,0.,-1.));
#4449=DIRECTION('ref_axis',(-1.,0.,0.));
#4450=DIRECTION('center_axis',(0.,0.,-1.));
#4451=DIRECTION('ref_axis',(1.,0.,0.));
#4452=DIRECTION('center_axis',(0.,0.,1.));
#4453=DIRECTION('ref_axis',(-1.,0.,0.));
#4454=DIRECTION('',(0.,0.,-1.));
#4455=DIRECTION('center_axis',(0.,0.,1.));
#4456=DIRECTION('ref_axis',(-1.,0.,0.));
#4457=DIRECTION('',(0.,0.,1.));
#4458=DIRECTION('center_axis',(0.,0.,-1.));
#4459=DIRECTION('ref_axis',(-1.,0.,0.));
#4460=DIRECTION('',(-1.,1.86702505307799E-13,0.));
#4461=DIRECTION('center_axis',(0.,0.,1.));
#4462=DIRECTION('ref_axis',(1.,7.6571373978539E-16,0.));
#4463=DIRECTION('',(0.,0.,-1.));
#4464=DIRECTION('center_axis',(0.,0.,1.));
#4465=DIRECTION('ref_axis',(-1.,0.,0.));
#4466=DIRECTION('',(0.,0.,1.));
#4467=DIRECTION('center_axis',(0.,0.,-1.));
#4468=DIRECTION('ref_axis',(-1.,0.,0.));
#4469=DIRECTION('',(1.48029736616687E-15,-1.,0.));
#4470=DIRECTION('center_axis',(0.,0.,1.));
#4471=DIRECTION('ref_axis',(1.,1.20980294963545E-15,0.));
#4472=DIRECTION('',(0.,0.,-1.));
#4473=DIRECTION('center_axis',(0.,0.,1.));
#4474=DIRECTION('ref_axis',(-1.,0.,0.));
#4475=DIRECTION('',(0.,0.,1.));
#4476=DIRECTION('center_axis',(0.,0.,-1.));
#4477=DIRECTION('ref_axis',(-1.,0.,0.));
#4478=DIRECTION('',(1.11022302462515E-15,-1.,0.));
#4479=DIRECTION('center_axis',(0.,0.,1.));
#4480=DIRECTION('ref_axis',(1.,7.6571373978539E-16,0.));
#4481=DIRECTION('',(0.,0.,-1.));
#4482=DIRECTION('center_axis',(0.,0.,1.));
#4483=DIRECTION('ref_axis',(-1.,0.,0.));
#4484=DIRECTION('',(0.,0.,1.));
#4485=DIRECTION('center_axis',(0.,0.,-1.));
#4486=DIRECTION('ref_axis',(-1.,0.,0.));
#4487=DIRECTION('',(1.20274161001058E-15,-1.,0.));
#4488=DIRECTION('center_axis',(0.,0.,1.));
#4489=DIRECTION('ref_axis',(1.,7.6571373978539E-16,0.));
#4490=DIRECTION('',(0.,0.,-1.));
#4491=DIRECTION('center_axis',(0.,0.,1.));
#4492=DIRECTION('ref_axis',(-1.,0.,0.));
#4493=DIRECTION('',(0.,0.,1.));
#4494=DIRECTION('center_axis',(0.,0.,-1.));
#4495=DIRECTION('ref_axis',(-1.,0.,0.));
#4496=DIRECTION('',(1.11022302462515E-15,-1.,0.));
#4497=DIRECTION('center_axis',(0.,0.,1.));
#4498=DIRECTION('ref_axis',(-1.,0.,0.));
#4499=DIRECTION('',(0.,0.,-1.));
#4500=DIRECTION('center_axis',(0.,0.,1.));
#4501=DIRECTION('ref_axis',(-1.,0.,0.));
#4502=DIRECTION('',(0.,0.,1.));
#4503=DIRECTION('center_axis',(0.,0.,-1.));
#4504=DIRECTION('ref_axis',(-1.,0.,0.));
#4505=DIRECTION('',(-1.,1.87165098234726E-13,0.));
#4506=DIRECTION('center_axis',(0.,0.,1.));
#4507=DIRECTION('ref_axis',(1.,7.6571373978539E-16,0.));
#4508=DIRECTION('',(0.,0.,-1.));
#4509=DIRECTION('center_axis',(0.,0.,1.));
#4510=DIRECTION('ref_axis',(-1.,0.,0.));
#4511=DIRECTION('',(0.,0.,1.));
#4512=DIRECTION('center_axis',(0.,0.,-1.));
#4513=DIRECTION('ref_axis',(-1.,0.,0.));
#4514=DIRECTION('',(1.48029736616687E-15,-1.,0.));
#4515=DIRECTION('center_axis',(0.,0.,1.));
#4516=DIRECTION('ref_axis',(-1.,0.,0.));
#4517=DIRECTION('',(0.,0.,-1.));
#4518=DIRECTION('center_axis',(0.,0.,1.));
#4519=DIRECTION('ref_axis',(-1.,0.,0.));
#4520=DIRECTION('',(0.,0.,1.));
#4521=DIRECTION('center_axis',(0.,0.,-1.));
#4522=DIRECTION('ref_axis',(-1.,0.,0.));
#4523=DIRECTION('',(4.81096644004386E-14,1.,0.));
#4524=DIRECTION('center_axis',(0.,0.,1.));
#4525=DIRECTION('ref_axis',(1.,7.6571373978539E-16,0.));
#4526=DIRECTION('',(0.,0.,-1.));
#4527=DIRECTION('center_axis',(0.,0.,1.));
#4528=DIRECTION('ref_axis',(-1.,0.,0.));
#4529=DIRECTION('',(0.,0.,1.));
#4530=DIRECTION('center_axis',(0.,0.,-1.));
#4531=DIRECTION('ref_axis',(-1.,0.,0.));
#4532=DIRECTION('',(1.48029736616687E-15,-1.,0.));
#4533=DIRECTION('center_axis',(0.,0.,1.));
#4534=DIRECTION('ref_axis',(-1.,0.,0.));
#4535=DIRECTION('',(0.,0.,-1.));
#4536=DIRECTION('center_axis',(0.,0.,1.));
#4537=DIRECTION('ref_axis',(-1.,0.,0.));
#4538=DIRECTION('',(0.,0.,1.));
#4539=DIRECTION('center_axis',(0.,0.,-1.));
#4540=DIRECTION('ref_axis',(-1.,0.,0.));
#4541=DIRECTION('',(4.82947015712096E-14,1.,0.));
#4542=DIRECTION('center_axis',(0.,0.,1.));
#4543=DIRECTION('ref_axis',(-1.,0.,0.));
#4544=DIRECTION('',(0.,0.,-1.));
#4545=DIRECTION('center_axis',(0.,0.,1.));
#4546=DIRECTION('ref_axis',(-1.,0.,0.));
#4547=DIRECTION('',(0.,0.,1.));
#4548=DIRECTION('center_axis',(0.,0.,-1.));
#4549=DIRECTION('ref_axis',(-1.,0.,0.));
#4550=DIRECTION('',(4.84797387419805E-14,1.,0.));
#4551=DIRECTION('center_axis',(0.,0.,1.));
#4552=DIRECTION('ref_axis',(-1.,0.,0.));
#4553=DIRECTION('',(0.,0.,-1.));
#4554=DIRECTION('center_axis',(0.,0.,1.));
#4555=DIRECTION('ref_axis',(-1.,0.,0.));
#4556=DIRECTION('',(0.,0.,1.));
#4557=DIRECTION('center_axis',(0.,0.,-1.));
#4558=DIRECTION('ref_axis',(-1.,0.,0.));
#4559=DIRECTION('',(4.81096644004386E-14,1.,0.));
#4560=DIRECTION('center_axis',(0.,0.,1.));
#4561=DIRECTION('ref_axis',(-1.,0.,0.));
#4562=DIRECTION('',(0.,0.,-1.));
#4563=DIRECTION('center_axis',(0.,0.,1.));
#4564=DIRECTION('ref_axis',(-1.,0.,0.));
#4565=DIRECTION('',(0.,0.,1.));
#4566=DIRECTION('center_axis',(0.,0.,-1.));
#4567=DIRECTION('ref_axis',(-1.,0.,0.));
#4568=DIRECTION('',(1.,-1.11022302462522E-15,0.));
#4569=DIRECTION('center_axis',(0.,0.,1.));
#4570=DIRECTION('ref_axis',(1.,-1.89882151931499E-15,0.));
#4571=DIRECTION('',(0.,0.,-1.));
#4572=DIRECTION('center_axis',(0.,0.,1.));
#4573=DIRECTION('ref_axis',(-1.,0.,0.));
#4574=DIRECTION('',(0.,0.,1.));
#4575=DIRECTION('center_axis',(0.,0.,-1.));
#4576=DIRECTION('ref_axis',(-1.,0.,0.));
#4577=DIRECTION('',(-1.48029736616686E-15,-1.,0.));
#4578=DIRECTION('center_axis',(0.,0.,1.));
#4579=DIRECTION('ref_axis',(-1.,0.,0.));
#4580=DIRECTION('',(0.,0.,-1.));
#4581=DIRECTION('center_axis',(0.,0.,1.));
#4582=DIRECTION('ref_axis',(-1.,0.,0.));
#4583=DIRECTION('',(0.,0.,1.));
#4584=DIRECTION('center_axis',(0.,0.,-1.));
#4585=DIRECTION('ref_axis',(-1.,0.,0.));
#4586=DIRECTION('',(1.,-1.20274161001065E-15,0.));
#4587=DIRECTION('center_axis',(0.,0.,1.));
#4588=DIRECTION('ref_axis',(-1.,0.,0.));
#4589=DIRECTION('',(0.,0.,1.));
#4590=DIRECTION('center_axis',(0.,0.,1.));
#4591=DIRECTION('ref_axis',(-1.,0.,0.));
#4592=DIRECTION('center_axis',(0.,0.,-1.));
#4593=DIRECTION('ref_axis',(-1.,0.,0.));
#4594=DIRECTION('center_axis',(0.,0.,-1.));
#4595=DIRECTION('ref_axis',(1.,0.,0.));
#4596=DIRECTION('center_axis',(0.,0.,1.));
#4597=DIRECTION('ref_axis',(-1.,0.,0.));
#4598=DIRECTION('',(0.,0.,-1.));
#4599=DIRECTION('center_axis',(0.,0.,1.));
#4600=DIRECTION('ref_axis',(-1.,0.,0.));
#4601=DIRECTION('',(0.,0.,1.));
#4602=DIRECTION('center_axis',(0.,0.,-1.));
#4603=DIRECTION('ref_axis',(-1.,0.,0.));
#4604=DIRECTION('',(-1.,1.8707257964934E-13,0.));
#4605=DIRECTION('center_axis',(0.,0.,1.));
#4606=DIRECTION('ref_axis',(-1.,0.,0.));
#4607=DIRECTION('',(0.,0.,1.));
#4608=DIRECTION('center_axis',(0.,0.,1.));
#4609=DIRECTION('ref_axis',(-1.,0.,0.));
#4610=DIRECTION('center_axis',(0.,0.,-1.));
#4611=DIRECTION('ref_axis',(-1.,0.,0.));
#4612=DIRECTION('center_axis',(0.,0.,-1.));
#4613=DIRECTION('ref_axis',(1.,0.,0.));
#4614=DIRECTION('center_axis',(0.,0.,1.));
#4615=DIRECTION('ref_axis',(-1.,0.,0.));
#4616=DIRECTION('',(0.,0.,-1.));
#4617=DIRECTION('center_axis',(0.,0.,1.));
#4618=DIRECTION('ref_axis',(-1.,0.,0.));
#4619=DIRECTION('',(0.,0.,1.));
#4620=DIRECTION('center_axis',(0.,0.,-1.));
#4621=DIRECTION('ref_axis',(-1.,0.,0.));
#4622=DIRECTION('',(1.,-1.11022302462522E-15,0.));
#4623=DIRECTION('center_axis',(0.,0.,1.));
#4624=DIRECTION('ref_axis',(-1.,0.,0.));
#4625=DIRECTION('',(0.,0.,-1.));
#4626=DIRECTION('center_axis',(0.,0.,1.));
#4627=DIRECTION('ref_axis',(-1.,0.,0.));
#4628=DIRECTION('',(0.,0.,1.));
#4629=DIRECTION('center_axis',(0.,0.,-1.));
#4630=DIRECTION('ref_axis',(-1.,0.,0.));
#4631=DIRECTION('',(-1.,1.87165098234726E-13,0.));
#4632=DIRECTION('center_axis',(0.,0.,1.));
#4633=DIRECTION('ref_axis',(-1.,0.,0.));
#4634=DIRECTION('',(0.,0.,-1.));
#4635=DIRECTION('center_axis',(0.,0.,1.));
#4636=DIRECTION('ref_axis',(-1.,0.,0.));
#4637=DIRECTION('',(0.,0.,1.));
#4638=DIRECTION('center_axis',(0.,0.,-1.));
#4639=DIRECTION('ref_axis',(-1.,0.,0.));
#4640=DIRECTION('',(1.,-1.11022302462522E-15,0.));
#4641=DIRECTION('center_axis',(0.,0.,1.));
#4642=DIRECTION('ref_axis',(-1.,0.,0.));
#4643=DIRECTION('',(0.,0.,-1.));
#4644=DIRECTION('center_axis',(0.,0.,1.));
#4645=DIRECTION('ref_axis',(-1.,0.,0.));
#4646=DIRECTION('',(0.,0.,1.));
#4647=DIRECTION('center_axis',(0.,0.,-1.));
#4648=DIRECTION('ref_axis',(-1.,0.,0.));
#4649=DIRECTION('',(-1.,1.87165098234726E-13,0.));
#4650=DIRECTION('center_axis',(0.,0.,1.));
#4651=DIRECTION('ref_axis',(-1.,0.,0.));
#4652=DIRECTION('',(0.,0.,-1.));
#4653=DIRECTION('center_axis',(0.,0.,1.));
#4654=DIRECTION('ref_axis',(-1.,0.,0.));
#4655=DIRECTION('',(0.,0.,1.));
#4656=DIRECTION('center_axis',(0.,0.,-1.));
#4657=DIRECTION('ref_axis',(-1.,0.,0.));
#4658=DIRECTION('',(1.,-1.11022302462522E-15,0.));
#4659=DIRECTION('center_axis',(0.,0.,1.));
#4660=DIRECTION('ref_axis',(-1.,0.,0.));
#4661=DIRECTION('',(0.,0.,-1.));
#4662=DIRECTION('center_axis',(0.,0.,1.));
#4663=DIRECTION('ref_axis',(-1.,0.,0.));
#4664=DIRECTION('',(0.,0.,1.));
#4665=DIRECTION('center_axis',(0.,0.,-1.));
#4666=DIRECTION('ref_axis',(-1.,0.,0.));
#4667=DIRECTION('',(1.,-1.11022302462522E-15,0.));
#4668=DIRECTION('center_axis',(0.,0.,1.));
#4669=DIRECTION('ref_axis',(-1.,0.,0.));
#4670=DIRECTION('',(0.,0.,-1.));
#4671=DIRECTION('center_axis',(0.,0.,1.));
#4672=DIRECTION('ref_axis',(-1.,0.,0.));
#4673=DIRECTION('',(0.,0.,1.));
#4674=DIRECTION('center_axis',(0.,0.,-1.));
#4675=DIRECTION('ref_axis',(-1.,0.,0.));
#4676=DIRECTION('',(1.,-1.11022302462522E-15,0.));
#4677=DIRECTION('center_axis',(0.,0.,1.));
#4678=DIRECTION('ref_axis',(-1.,0.,0.));
#4679=DIRECTION('',(0.,0.,-1.));
#4680=DIRECTION('center_axis',(0.,0.,1.));
#4681=DIRECTION('ref_axis',(-1.,0.,0.));
#4682=DIRECTION('',(0.,0.,1.));
#4683=DIRECTION('center_axis',(0.,0.,-1.));
#4684=DIRECTION('ref_axis',(-1.,0.,0.));
#4685=DIRECTION('',(-1.,1.87165098234726E-13,0.));
#4686=DIRECTION('center_axis',(0.,0.,1.));
#4687=DIRECTION('ref_axis',(-1.,0.,0.));
#4688=DIRECTION('',(0.,0.,-1.));
#4689=DIRECTION('center_axis',(0.,0.,1.));
#4690=DIRECTION('ref_axis',(-1.,0.,0.));
#4691=DIRECTION('',(0.,0.,1.));
#4692=DIRECTION('center_axis',(0.,0.,-1.));
#4693=DIRECTION('ref_axis',(-1.,0.,0.));
#4694=DIRECTION('',(4.84797387419805E-14,1.,0.));
#4695=DIRECTION('center_axis',(0.,0.,1.));
#4696=DIRECTION('ref_axis',(-1.,0.,0.));
#4697=DIRECTION('',(0.,0.,-1.));
#4698=DIRECTION('center_axis',(0.,0.,1.));
#4699=DIRECTION('ref_axis',(-1.,0.,0.));
#4700=DIRECTION('',(0.,0.,1.));
#4701=DIRECTION('center_axis',(0.,0.,-1.));
#4702=DIRECTION('ref_axis',(-1.,0.,0.));
#4703=DIRECTION('',(-1.,1.87165098234726E-13,0.));
#4704=DIRECTION('center_axis',(0.,0.,1.));
#4705=DIRECTION('ref_axis',(-1.,0.,0.));
#4706=DIRECTION('',(0.,0.,-1.));
#4707=DIRECTION('center_axis',(0.,0.,1.));
#4708=DIRECTION('ref_axis',(-1.,0.,0.));
#4709=DIRECTION('',(0.,0.,1.));
#4710=DIRECTION('center_axis',(0.,0.,-1.));
#4711=DIRECTION('ref_axis',(-1.,0.,0.));
#4712=DIRECTION('',(1.,-1.11022302462522E-15,0.));
#4713=DIRECTION('center_axis',(0.,0.,1.));
#4714=DIRECTION('ref_axis',(-1.,0.,0.));
#4715=DIRECTION('',(0.,0.,-1.));
#4716=DIRECTION('center_axis',(0.,0.,1.));
#4717=DIRECTION('ref_axis',(-1.,0.,0.));
#4718=DIRECTION('',(0.,0.,1.));
#4719=DIRECTION('center_axis',(0.,0.,-1.));
#4720=DIRECTION('ref_axis',(-1.,0.,0.));
#4721=DIRECTION('',(-1.,1.87165098234726E-13,0.));
#4722=DIRECTION('center_axis',(0.,0.,1.));
#4723=DIRECTION('ref_axis',(-1.,0.,0.));
#4724=DIRECTION('',(0.,0.,-1.));
#4725=DIRECTION('center_axis',(0.,0.,1.));
#4726=DIRECTION('ref_axis',(-1.,0.,0.));
#4727=DIRECTION('',(0.,0.,1.));
#4728=DIRECTION('center_axis',(0.,0.,-1.));
#4729=DIRECTION('ref_axis',(-1.,0.,0.));
#4730=DIRECTION('',(4.81096644004386E-14,1.,0.));
#4731=DIRECTION('center_axis',(0.,0.,1.));
#4732=DIRECTION('ref_axis',(-1.,0.,0.));
#4733=DIRECTION('',(0.,0.,-1.));
#4734=DIRECTION('center_axis',(0.,0.,1.));
#4735=DIRECTION('ref_axis',(-1.,0.,0.));
#4736=DIRECTION('',(0.,0.,1.));
#4737=DIRECTION('center_axis',(0.,0.,-1.));
#4738=DIRECTION('ref_axis',(-1.,0.,0.));
#4739=DIRECTION('',(4.73695157173551E-14,1.,0.));
#4740=DIRECTION('center_axis',(0.,0.,1.));
#4741=DIRECTION('ref_axis',(1.,3.21624529935327E-16,0.));
#4742=DIRECTION('',(0.,0.,-1.));
#4743=DIRECTION('center_axis',(0.,0.,1.));
#4744=DIRECTION('ref_axis',(-1.,0.,0.));
#4745=DIRECTION('',(0.,0.,1.));
#4746=DIRECTION('center_axis',(0.,0.,-1.));
#4747=DIRECTION('ref_axis',(-1.,0.,0.));
#4748=DIRECTION('',(7.40148683083436E-16,-1.,0.));
#4749=DIRECTION('center_axis',(0.,0.,1.));
#4750=DIRECTION('ref_axis',(-1.,0.,0.));
#4751=DIRECTION('',(0.,0.,1.));
#4752=DIRECTION('center_axis',(0.,0.,1.));
#4753=DIRECTION('ref_axis',(-1.,0.,0.));
#4754=DIRECTION('center_axis',(0.,0.,-1.));
#4755=DIRECTION('ref_axis',(-1.,0.,0.));
#4756=DIRECTION('center_axis',(0.,0.,-1.));
#4757=DIRECTION('ref_axis',(1.,0.,0.));
#4758=DIRECTION('center_axis',(1.86702505307799E-13,1.,0.));
#4759=DIRECTION('ref_axis',(1.,-1.86702505307799E-13,0.));
#4760=DIRECTION('',(0.,0.,-1.));
#4761=DIRECTION('',(-1.,1.86702505307799E-13,0.));
#4762=DIRECTION('',(0.,0.,-1.));
#4763=DIRECTION('center_axis',(-1.,-1.48029736616687E-15,0.));
#4764=DIRECTION('ref_axis',(-1.48029736616687E-15,1.,0.));
#4765=DIRECTION('',(0.,0.,-1.));
#4766=DIRECTION('',(1.48029736616687E-15,-1.,0.));
#4767=DIRECTION('',(0.,0.,-1.));
#4768=DIRECTION('center_axis',(-1.,-1.11022302462515E-15,0.));
#4769=DIRECTION('ref_axis',(-1.11022302462515E-15,1.,0.));
#4770=DIRECTION('',(0.,0.,-1.));
#4771=DIRECTION('',(1.11022302462515E-15,-1.,0.));
#4772=DIRECTION('',(0.,0.,-1.));
#4773=DIRECTION('center_axis',(-1.,-1.20274161001058E-15,0.));
#4774=DIRECTION('ref_axis',(-1.20274161001058E-15,1.,0.));
#4775=DIRECTION('',(0.,0.,-1.));
#4776=DIRECTION('',(1.20274161001058E-15,-1.,0.));
#4777=DIRECTION('',(0.,0.,-1.));
#4778=DIRECTION('center_axis',(-1.,-1.11022302462515E-15,0.));
#4779=DIRECTION('ref_axis',(-1.11022302462515E-15,1.,0.));
#4780=DIRECTION('',(0.,0.,-1.));
#4781=DIRECTION('',(1.11022302462515E-15,-1.,0.));
#4782=DIRECTION('',(0.,0.,-1.));
#4783=DIRECTION('center_axis',(1.87165098234726E-13,1.,0.));
#4784=DIRECTION('ref_axis',(1.,-1.87165098234726E-13,0.));
#4785=DIRECTION('',(0.,0.,-1.));
#4786=DIRECTION('',(-1.,1.87165098234726E-13,0.));
#4787=DIRECTION('',(0.,0.,-1.));
#4788=DIRECTION('center_axis',(-1.,-1.48029736616687E-15,0.));
#4789=DIRECTION('ref_axis',(-1.48029736616687E-15,1.,0.));
#4790=DIRECTION('',(0.,0.,-1.));
#4791=DIRECTION('',(1.48029736616687E-15,-1.,0.));
#4792=DIRECTION('',(0.,0.,-1.));
#4793=DIRECTION('center_axis',(-1.,-1.48029736616687E-15,0.));
#4794=DIRECTION('ref_axis',(-1.48029736616687E-15,1.,0.));
#4795=DIRECTION('',(0.,0.,-1.));
#4796=DIRECTION('',(1.48029736616687E-15,-1.,0.));
#4797=DIRECTION('',(0.,0.,-1.));
#4798=DIRECTION('center_axis',(-1.11022302462522E-15,-1.,0.));
#4799=DIRECTION('ref_axis',(-1.,1.11022302462522E-15,0.));
#4800=DIRECTION('',(0.,0.,-1.));
#4801=DIRECTION('',(1.,-1.11022302462522E-15,0.));
#4802=DIRECTION('',(0.,0.,-1.));
#4803=DIRECTION('center_axis',(-1.,1.48029736616686E-15,0.));
#4804=DIRECTION('ref_axis',(1.48029736616686E-15,1.,0.));
#4805=DIRECTION('',(0.,0.,-1.));
#4806=DIRECTION('',(-1.48029736616686E-15,-1.,0.));
#4807=DIRECTION('',(0.,0.,-1.));
#4808=DIRECTION('center_axis',(-1.20274161001065E-15,-1.,0.));
#4809=DIRECTION('ref_axis',(-1.,1.20274161001065E-15,0.));
#4810=DIRECTION('',(0.,0.,-1.));
#4811=DIRECTION('',(1.,-1.20274161001065E-15,0.));
#4812=DIRECTION('',(0.,0.,-1.));
#4813=DIRECTION('center_axis',(1.8707257964934E-13,1.,0.));
#4814=DIRECTION('ref_axis',(1.,-1.8707257964934E-13,0.));
#4815=DIRECTION('',(0.,0.,-1.));
#4816=DIRECTION('',(-1.,1.8707257964934E-13,0.));
#4817=DIRECTION('',(0.,0.,-1.));
#4818=DIRECTION('center_axis',(-1.11022302462522E-15,-1.,0.));
#4819=DIRECTION('ref_axis',(-1.,1.11022302462522E-15,0.));
#4820=DIRECTION('',(0.,0.,-1.));
#4821=DIRECTION('',(1.,-1.11022302462522E-15,0.));
#4822=DIRECTION('',(0.,0.,-1.));
#4823=DIRECTION('center_axis',(1.87165098234726E-13,1.,0.));
#4824=DIRECTION('ref_axis',(1.,-1.87165098234726E-13,0.));
#4825=DIRECTION('',(0.,0.,-1.));
#4826=DIRECTION('',(-1.,1.87165098234726E-13,0.));
#4827=DIRECTION('',(0.,0.,-1.));
#4828=DIRECTION('center_axis',(-1.11022302462522E-15,-1.,0.));
#4829=DIRECTION('ref_axis',(-1.,1.11022302462522E-15,0.));
#4830=DIRECTION('',(0.,0.,-1.));
#4831=DIRECTION('',(1.,-1.11022302462522E-15,0.));
#4832=DIRECTION('',(0.,0.,-1.));
#4833=DIRECTION('center_axis',(1.87165098234726E-13,1.,0.));
#4834=DIRECTION('ref_axis',(1.,-1.87165098234726E-13,0.));
#4835=DIRECTION('',(0.,0.,-1.));
#4836=DIRECTION('',(-1.,1.87165098234726E-13,0.));
#4837=DIRECTION('',(0.,0.,-1.));
#4838=DIRECTION('center_axis',(-1.11022302462522E-15,-1.,0.));
#4839=DIRECTION('ref_axis',(-1.,1.11022302462522E-15,0.));
#4840=DIRECTION('',(0.,0.,-1.));
#4841=DIRECTION('',(1.,-1.11022302462522E-15,0.));
#4842=DIRECTION('',(0.,0.,-1.));
#4843=DIRECTION('center_axis',(-1.11022302462522E-15,-1.,0.));
#4844=DIRECTION('ref_axis',(-1.,1.11022302462522E-15,0.));
#4845=DIRECTION('',(0.,0.,-1.));
#4846=DIRECTION('',(1.,-1.11022302462522E-15,0.));
#4847=DIRECTION('',(0.,0.,-1.));
#4848=DIRECTION('center_axis',(-1.11022302462522E-15,-1.,0.));
#4849=DIRECTION('ref_axis',(-1.,1.11022302462522E-15,0.));
#4850=DIRECTION('',(0.,0.,-1.));
#4851=DIRECTION('',(1.,-1.11022302462522E-15,0.));
#4852=DIRECTION('',(0.,0.,-1.));
#4853=DIRECTION('center_axis',(1.87165098234726E-13,1.,0.));
#4854=DIRECTION('ref_axis',(1.,-1.87165098234726E-13,0.));
#4855=DIRECTION('',(0.,0.,-1.));
#4856=DIRECTION('',(-1.,1.87165098234726E-13,0.));
#4857=DIRECTION('',(0.,0.,-1.));
#4858=DIRECTION('center_axis',(1.87165098234726E-13,1.,0.));
#4859=DIRECTION('ref_axis',(1.,-1.87165098234726E-13,0.));
#4860=DIRECTION('',(0.,0.,-1.));
#4861=DIRECTION('',(-1.,1.87165098234726E-13,0.));
#4862=DIRECTION('',(0.,0.,-1.));
#4863=DIRECTION('center_axis',(-1.11022302462522E-15,-1.,0.));
#4864=DIRECTION('ref_axis',(-1.,1.11022302462522E-15,0.));
#4865=DIRECTION('',(0.,0.,-1.));
#4866=DIRECTION('',(1.,-1.11022302462522E-15,0.));
#4867=DIRECTION('',(0.,0.,-1.));
#4868=DIRECTION('center_axis',(1.87165098234726E-13,1.,0.));
#4869=DIRECTION('ref_axis',(1.,-1.87165098234726E-13,0.));
#4870=DIRECTION('',(0.,0.,-1.));
#4871=DIRECTION('',(-1.,1.87165098234726E-13,0.));
#4872=DIRECTION('',(0.,0.,-1.));
#4873=DIRECTION('center_axis',(-1.,-7.40148683083436E-16,0.));
#4874=DIRECTION('ref_axis',(-7.40148683083436E-16,1.,0.));
#4875=DIRECTION('',(0.,0.,-1.));
#4876=DIRECTION('',(7.40148683083436E-16,-1.,0.));
#4877=DIRECTION('',(0.,0.,-1.));
#4878=DIRECTION('center_axis',(0.,0.,-1.));
#4879=DIRECTION('ref_axis',(0.707106781186548,0.707106781186547,0.));
#4880=DIRECTION('center_axis',(0.,0.,1.));
#4881=DIRECTION('ref_axis',(0.707106781186548,0.707106781186547,0.));
#4882=DIRECTION('',(0.,0.,-1.));
#4883=DIRECTION('',(0.,0.,1.));
#4884=DIRECTION('center_axis',(0.,1.,0.));
#4885=DIRECTION('ref_axis',(1.,0.,0.));
#4886=DIRECTION('',(1.,0.,0.));
#4887=DIRECTION('',(0.,0.,1.));
#4888=DIRECTION('center_axis',(0.,0.,-1.));
#4889=DIRECTION('ref_axis',(0.707106781186546,-0.707106781186549,0.));
#4890=DIRECTION('center_axis',(0.,0.,1.));
#4891=DIRECTION('ref_axis',(0.707106781186546,-0.707106781186549,0.));
#4892=DIRECTION('',(0.,0.,-1.));
#4893=DIRECTION('',(0.,0.,1.));
#4894=DIRECTION('center_axis',(1.,0.,0.));
#4895=DIRECTION('ref_axis',(0.,-1.,0.));
#4896=DIRECTION('',(0.,-1.,0.));
#4897=DIRECTION('',(0.,0.,1.));
#4898=DIRECTION('center_axis',(0.,0.,-1.));
#4899=DIRECTION('ref_axis',(-0.707106781186546,0.707106781186549,0.));
#4900=DIRECTION('center_axis',(0.,0.,1.));
#4901=DIRECTION('ref_axis',(-0.707106781186546,0.707106781186549,0.));
#4902=DIRECTION('',(0.,0.,-1.));
#4903=DIRECTION('',(0.,0.,1.));
#4904=DIRECTION('center_axis',(-1.,0.,0.));
#4905=DIRECTION('ref_axis',(0.,1.,0.));
#4906=DIRECTION('',(0.,1.,0.));
#4907=DIRECTION('',(0.,0.,1.));
#4908=DIRECTION('center_axis',(0.,0.,-1.));
#4909=DIRECTION('ref_axis',(-0.707106781186548,-0.707106781186547,0.));
#4910=DIRECTION('center_axis',(0.,0.,1.));
#4911=DIRECTION('ref_axis',(-0.707106781186548,-0.707106781186547,0.));
#4912=DIRECTION('',(0.,0.,-1.));
#4913=DIRECTION('',(0.,0.,1.));
#4914=DIRECTION('center_axis',(0.,-1.,0.));
#4915=DIRECTION('ref_axis',(-1.,0.,0.));
#4916=DIRECTION('',(-1.,0.,0.));
#4917=DIRECTION('',(0.,0.,1.));
#4918=DIRECTION('center_axis',(-1.,0.,0.));
#4919=DIRECTION('ref_axis',(0.,1.,0.));
#4920=DIRECTION('',(0.,0.,-1.));
#4921=DIRECTION('',(0.,1.,0.));
#4922=DIRECTION('center_axis',(0.,1.,0.));
#4923=DIRECTION('ref_axis',(1.,0.,0.));
#4924=DIRECTION('',(0.,0.,-1.));
#4925=DIRECTION('',(1.,0.,0.));
#4926=DIRECTION('center_axis',(-1.48029736616688E-16,-1.,0.));
#4927=DIRECTION('ref_axis',(-1.,1.48029736616688E-16,0.));
#4928=DIRECTION('',(0.,0.,-1.));
#4929=DIRECTION('',(-1.,1.48029736616688E-16,0.));
#4930=DIRECTION('center_axis',(1.,0.,0.));
#4931=DIRECTION('ref_axis',(0.,-1.,0.));
#4932=DIRECTION('',(0.,0.,-1.));
#4933=DIRECTION('',(0.,-1.,0.));
#4934=DIRECTION('center_axis',(1.,0.,0.));
#4935=DIRECTION('ref_axis',(0.,-1.,0.));
#4936=DIRECTION('',(0.,1.,0.));
#4937=DIRECTION('center_axis',(-1.57001235805578E-16,1.,0.));
#4938=DIRECTION('ref_axis',(1.,1.57001235805578E-16,0.));
#4939=DIRECTION('',(-1.,-1.57001235805578E-16,0.));
#4940=DIRECTION('center_axis',(-8.27620800175116E-14,-1.,0.));
#4941=DIRECTION('ref_axis',(-1.,8.27620800175116E-14,0.));
#4942=DIRECTION('',(1.,-8.27620800175116E-14,0.));
#4943=DIRECTION('center_axis',(0.,0.,1.));
#4944=DIRECTION('ref_axis',(1.,0.,0.));
#4945=DIRECTION('',(7.40148683083438E-16,-1.,0.));
#4946=DIRECTION('center_axis',(0.,0.,-1.));
#4947=DIRECTION('ref_axis',(-1.,3.18189918857572E-12,0.));
#4948=DIRECTION('',(4.82947015712096E-14,1.,0.));
#4949=DIRECTION('center_axis',(0.,0.,-1.));
#4950=DIRECTION('ref_axis',(-1.33226762955019E-14,1.,0.));
#4951=DIRECTION('center_axis',(0.,0.,-1.));
#4952=DIRECTION('ref_axis',(1.,2.22044604925032E-14,0.));
#4953=DIRECTION('center_axis',(0.,0.,-1.));
#4954=DIRECTION('ref_axis',(-8.88178419700126E-15,-1.,0.));
#4955=DIRECTION('center_axis',(0.,0.,-1.));
#4956=DIRECTION('ref_axis',(-1.,3.18189918857571E-12,0.));
#4957=DIRECTION('',(4.81096644004386E-14,1.,0.));
#4958=DIRECTION('center_axis',(0.,0.,-1.));
#4959=DIRECTION('ref_axis',(-1.77635683940026E-14,1.,0.));
#4960=DIRECTION('center_axis',(0.,0.,-1.));
#4961=DIRECTION('ref_axis',(1.,2.22044604925032E-14,0.));
#4962=DIRECTION('center_axis',(0.,0.,-1.));
#4963=DIRECTION('ref_axis',(-8.88178419700126E-15,-1.,0.));
#4964=DIRECTION('center_axis',(0.,0.,-1.));
#4965=DIRECTION('ref_axis',(1.,0.,0.));
#4966=DIRECTION('center_axis',(0.,0.,-1.));
#4967=DIRECTION('ref_axis',(1.,0.,0.));
#4968=DIRECTION('center_axis',(0.,0.,-1.));
#4969=DIRECTION('ref_axis',(-1.,3.18189918857571E-12,0.));
#4970=DIRECTION('',(4.81096644004386E-14,1.,0.));
#4971=DIRECTION('center_axis',(0.,0.,-1.));
#4972=DIRECTION('ref_axis',(-1.77635683940026E-14,1.,0.));
#4973=DIRECTION('center_axis',(0.,0.,-1.));
#4974=DIRECTION('ref_axis',(1.,2.22044604925032E-14,0.));
#4975=DIRECTION('center_axis',(0.,0.,-1.));
#4976=DIRECTION('ref_axis',(-1.77635683940025E-14,-1.,0.));
#4977=DIRECTION('center_axis',(0.,0.,-1.));
#4978=DIRECTION('ref_axis',(-1.,3.18189918857571E-12,0.));
#4979=DIRECTION('',(4.84797387419805E-14,1.,0.));
#4980=DIRECTION('center_axis',(0.,0.,-1.));
#4981=DIRECTION('ref_axis',(-8.88178419700128E-15,1.,0.));
#4982=DIRECTION('center_axis',(0.,0.,-1.));
#4983=DIRECTION('ref_axis',(1.,2.22044604925032E-14,0.));
#4984=DIRECTION('center_axis',(0.,0.,-1.));
#4985=DIRECTION('ref_axis',(-1.77635683940025E-14,-1.,0.));
#4986=DIRECTION('',(4.73695157173551E-14,1.,0.));
#4987=DIRECTION('center_axis',(0.,0.,-1.));
#4988=DIRECTION('ref_axis',(-1.77635683940026E-14,1.,0.));
#4989=DIRECTION('center_axis',(0.,0.,-1.));
#4990=DIRECTION('ref_axis',(1.,0.,0.));
#4991=DIRECTION('center_axis',(0.,0.,-1.));
#4992=DIRECTION('ref_axis',(-7.10542735760112E-14,-1.,0.));
#4993=DIRECTION('center_axis',(0.,0.,-1.));
#4994=DIRECTION('ref_axis',(-1.,3.17523785042802E-12,0.));
#4995=DIRECTION('center_axis',(0.,0.,-1.));
#4996=DIRECTION('ref_axis',(1.,0.,0.));
#4997=DIRECTION('center_axis',(0.,0.,-1.));
#4998=DIRECTION('ref_axis',(-1.,3.18189918857571E-12,0.));
#4999=DIRECTION('',(4.84797387419805E-14,1.,0.));
#5000=DIRECTION('center_axis',(0.,0.,-1.));
#5001=DIRECTION('ref_axis',(-8.88178419700128E-15,1.,0.));
#5002=DIRECTION('center_axis',(0.,0.,-1.));
#5003=DIRECTION('ref_axis',(1.,2.22044604925033E-14,0.));
#5004=DIRECTION('center_axis',(0.,0.,-1.));
#5005=DIRECTION('ref_axis',(-6.66133814775095E-15,-1.,0.));
#5006=DIRECTION('center_axis',(0.,0.,-1.));
#5007=DIRECTION('ref_axis',(1.,0.,0.));
#5008=DIRECTION('center_axis',(0.,0.,-1.));
#5009=DIRECTION('ref_axis',(-1.,3.18189918857571E-12,0.));
#5010=DIRECTION('',(4.81096644004386E-14,1.,0.));
#5011=DIRECTION('center_axis',(0.,0.,-1.));
#5012=DIRECTION('ref_axis',(-1.77635683940026E-14,1.,0.));
#5013=DIRECTION('center_axis',(0.,0.,-1.));
#5014=DIRECTION('ref_axis',(1.,2.22044604925032E-14,0.));
#5015=DIRECTION('center_axis',(0.,0.,-1.));
#5016=DIRECTION('ref_axis',(-1.77635683940025E-14,-1.,0.));
#5017=DIRECTION('center_axis',(0.,0.,-1.));
#5018=DIRECTION('ref_axis',(-2.22044604925033E-15,-1.,0.));
#5019=DIRECTION('center_axis',(0.,0.,-1.));
#5020=DIRECTION('ref_axis',(-1.,3.17079695832935E-12,0.));
#5021=DIRECTION('',(4.99600361081479E-14,1.,0.));
#5022=DIRECTION('center_axis',(0.,0.,-1.));
#5023=DIRECTION('ref_axis',(-3.5527136788005E-14,1.,0.));
#5024=DIRECTION('center_axis',(0.,0.,-1.));
#5025=DIRECTION('ref_axis',(1.,1.77635683940027E-14,0.));
#5026=DIRECTION('center_axis',(1.,-4.82947015712096E-14,0.));
#5027=DIRECTION('ref_axis',(-4.82947015712096E-14,-1.,0.));
#5028=DIRECTION('',(0.,0.,-1.));
#5029=DIRECTION('',(0.,0.,-1.));
#5030=DIRECTION('center_axis',(0.,0.,-1.));
#5031=DIRECTION('ref_axis',(-1.33226762955019E-14,1.,0.));
#5032=DIRECTION('center_axis',(0.,0.,-1.));
#5033=DIRECTION('ref_axis',(1.,2.22044604925032E-14,0.));
#5034=DIRECTION('center_axis',(0.,0.,-1.));
#5035=DIRECTION('ref_axis',(-8.88178419700126E-15,-1.,0.));
#5036=DIRECTION('center_axis',(0.,0.,-1.));
#5037=DIRECTION('ref_axis',(-1.,3.18189918857572E-12,0.));
#5038=DIRECTION('center_axis',(1.,-4.81096644004386E-14,0.));
#5039=DIRECTION('ref_axis',(-4.81096644004386E-14,-1.,0.));
#5040=DIRECTION('',(0.,0.,-1.));
#5041=DIRECTION('',(0.,0.,-1.));
#5042=DIRECTION('center_axis',(0.,0.,-1.));
#5043=DIRECTION('ref_axis',(-1.77635683940026E-14,1.,0.));
#5044=DIRECTION('center_axis',(0.,0.,-1.));
#5045=DIRECTION('ref_axis',(1.,2.22044604925032E-14,0.));
#5046=DIRECTION('center_axis',(0.,0.,-1.));
#5047=DIRECTION('ref_axis',(-8.88178419700126E-15,-1.,0.));
#5048=DIRECTION('center_axis',(0.,0.,-1.));
#5049=DIRECTION('ref_axis',(-1.,3.18189918857571E-12,0.));
#5050=DIRECTION('center_axis',(0.,0.,-1.));
#5051=DIRECTION('ref_axis',(1.,0.,0.));
#5052=DIRECTION('',(0.,0.,1.));
#5053=DIRECTION('center_axis',(0.,0.,-1.));
#5054=DIRECTION('ref_axis',(1.,0.,0.));
#5055=DIRECTION('',(0.,0.,1.));
#5056=DIRECTION('center_axis',(1.,-4.81096644004386E-14,0.));
#5057=DIRECTION('ref_axis',(-4.81096644004386E-14,-1.,0.));
#5058=DIRECTION('',(0.,0.,-1.));
#5059=DIRECTION('',(0.,0.,-1.));
#5060=DIRECTION('center_axis',(0.,0.,-1.));
#5061=DIRECTION('ref_axis',(-1.77635683940026E-14,1.,0.));
#5062=DIRECTION('center_axis',(0.,0.,-1.));
#5063=DIRECTION('ref_axis',(1.,2.22044604925032E-14,0.));
#5064=DIRECTION('center_axis',(0.,0.,-1.));
#5065=DIRECTION('ref_axis',(-1.77635683940025E-14,-1.,0.));
#5066=DIRECTION('center_axis',(0.,0.,-1.));
#5067=DIRECTION('ref_axis',(-1.,3.18189918857571E-12,0.));
#5068=DIRECTION('center_axis',(1.,-4.84797387419805E-14,0.));
#5069=DIRECTION('ref_axis',(-4.84797387419805E-14,-1.,0.));
#5070=DIRECTION('',(0.,0.,-1.));
#5071=DIRECTION('',(0.,0.,-1.));
#5072=DIRECTION('center_axis',(0.,0.,-1.));
#5073=DIRECTION('ref_axis',(-8.88178419700128E-15,1.,0.));
#5074=DIRECTION('center_axis',(0.,0.,-1.));
#5075=DIRECTION('ref_axis',(1.,2.22044604925032E-14,0.));
#5076=DIRECTION('center_axis',(0.,0.,-1.));
#5077=DIRECTION('ref_axis',(-1.77635683940025E-14,-1.,0.));
#5078=DIRECTION('center_axis',(0.,0.,-1.));
#5079=DIRECTION('ref_axis',(-1.,3.18189918857571E-12,0.));
#5080=DIRECTION('center_axis',(0.,0.,-1.));
#5081=DIRECTION('ref_axis',(-1.77635683940026E-14,1.,0.));
#5082=DIRECTION('',(0.,0.,-1.));
#5083=DIRECTION('center_axis',(0.,0.,-1.));
#5084=DIRECTION('ref_axis',(1.,0.,0.));
#5085=DIRECTION('center_axis',(0.,0.,-1.));
#5086=DIRECTION('ref_axis',(-7.10542735760112E-14,-1.,0.));
#5087=DIRECTION('center_axis',(0.,0.,-1.));
#5088=DIRECTION('ref_axis',(-1.,3.17523785042802E-12,0.));
#5089=DIRECTION('',(0.,0.,-1.));
#5090=DIRECTION('center_axis',(1.,-4.73695157173551E-14,0.));
#5091=DIRECTION('ref_axis',(-4.73695157173551E-14,-1.,0.));
#5092=DIRECTION('center_axis',(0.,0.,-1.));
#5093=DIRECTION('ref_axis',(1.,0.,0.));
#5094=DIRECTION('',(0.,0.,1.));
#5095=DIRECTION('center_axis',(1.,-4.84797387419805E-14,0.));
#5096=DIRECTION('ref_axis',(-4.84797387419805E-14,-1.,0.));
#5097=DIRECTION('',(0.,0.,-1.));
#5098=DIRECTION('',(0.,0.,-1.));
#5099=DIRECTION('center_axis',(0.,0.,-1.));
#5100=DIRECTION('ref_axis',(-8.88178419700128E-15,1.,0.));
#5101=DIRECTION('center_axis',(0.,0.,-1.));
#5102=DIRECTION('ref_axis',(1.,2.22044604925033E-14,0.));
#5103=DIRECTION('center_axis',(0.,0.,-1.));
#5104=DIRECTION('ref_axis',(-6.66133814775095E-15,-1.,0.));
#5105=DIRECTION('center_axis',(0.,0.,-1.));
#5106=DIRECTION('ref_axis',(-1.,3.18189918857571E-12,0.));
#5107=DIRECTION('center_axis',(0.,0.,-1.));
#5108=DIRECTION('ref_axis',(1.,0.,0.));
#5109=DIRECTION('',(0.,0.,1.));
#5110=DIRECTION('center_axis',(1.,-4.81096644004386E-14,0.));
#5111=DIRECTION('ref_axis',(-4.81096644004386E-14,-1.,0.));
#5112=DIRECTION('',(0.,0.,-1.));
#5113=DIRECTION('',(0.,0.,-1.));
#5114=DIRECTION('center_axis',(0.,0.,-1.));
#5115=DIRECTION('ref_axis',(-1.77635683940026E-14,1.,0.));
#5116=DIRECTION('center_axis',(0.,0.,-1.));
#5117=DIRECTION('ref_axis',(1.,2.22044604925032E-14,0.));
#5118=DIRECTION('center_axis',(0.,0.,-1.));
#5119=DIRECTION('ref_axis',(-1.77635683940025E-14,-1.,0.));
#5120=DIRECTION('center_axis',(0.,0.,-1.));
#5121=DIRECTION('ref_axis',(-1.,3.18189918857571E-12,0.));
#5122=DIRECTION('center_axis',(0.,0.,-1.));
#5123=DIRECTION('ref_axis',(-1.,3.17079695832935E-12,0.));
#5124=DIRECTION('',(0.,0.,-1.));
#5125=DIRECTION('center_axis',(1.,-4.99600361081479E-14,0.));
#5126=DIRECTION('ref_axis',(-4.99600361081479E-14,-1.,0.));
#5127=DIRECTION('',(0.,0.,-1.));
#5128=DIRECTION('center_axis',(0.,0.,-1.));
#5129=DIRECTION('ref_axis',(-3.5527136788005E-14,1.,0.));
#5130=DIRECTION('center_axis',(0.,0.,-1.));
#5131=DIRECTION('ref_axis',(1.,1.77635683940027E-14,0.));
#5132=DIRECTION('center_axis',(0.,0.,-1.));
#5133=DIRECTION('ref_axis',(-2.22044604925033E-15,-1.,0.));
#5134=DIRECTION('center_axis',(-1.,-7.40148683083438E-16,0.));
#5135=DIRECTION('ref_axis',(-7.40148683083438E-16,1.,0.));
#5136=CARTESIAN_POINT('',(0.,0.,0.));
#5137=CARTESIAN_POINT('Origin',(-85.0000012665987,0.,-3.65));
#5138=CARTESIAN_POINT('',(-87.4000012665987,2.93915231795365E-16,-4.));
#5139=CARTESIAN_POINT('Origin',(-85.0000012665987,0.,-4.));
#5140=CARTESIAN_POINT('',(-86.7000012665987,-2.0818995585505E-16,-3.3));
#5141=CARTESIAN_POINT('',(-87.0500012665987,2.51052593825208E-16,-3.65));
#5142=CARTESIAN_POINT('Origin',(-85.0000012665987,0.,-3.3));
#5143=CARTESIAN_POINT('Origin',(4.88853402202949E-11,-1.22257759471722E-11,
-4.));
#5144=CARTESIAN_POINT('',(85.0000014901161,25.000000372529,-4.));
#5145=CARTESIAN_POINT('',(85.0000014901161,16.000000372529,-4.));
#5146=CARTESIAN_POINT('',(85.0000014901161,5.0000001862584,-4.));
#5147=CARTESIAN_POINT('',(91.0000014901161,10.000000372529,-4.));
#5148=CARTESIAN_POINT('Origin',(91.0000014901161,16.000000372529,-4.));
#5149=CARTESIAN_POINT('',(100.000001490116,10.000000372529,-4.));
#5150=CARTESIAN_POINT('',(50.0000007450825,10.000000372529,-4.));
#5151=CARTESIAN_POINT('',(99.9999977648258,-9.99999944120645,-4.));
#5152=CARTESIAN_POINT('',(100.000000000049,-24.0000000000123,-4.));
#5153=CARTESIAN_POINT('',(90.9999977648258,-9.99999944120645,-4.));
#5154=CARTESIAN_POINT('',(42.4999988824374,-9.99999944120645,-4.));
#5155=CARTESIAN_POINT('',(84.9999977648258,-15.9999994412065,-4.));
#5156=CARTESIAN_POINT('Origin',(90.9999977648258,-15.9999994412065,-4.));
#5157=CARTESIAN_POINT('',(84.9999977648258,-24.9999994412065,-4.));
#5158=CARTESIAN_POINT('',(84.9999977648258,-12.4999997206093,-4.));
#5159=CARTESIAN_POINT('',(-85.0000014901161,-25.000000372529,-4.));
#5160=CARTESIAN_POINT('',(-98.9999999999511,-24.9999999999959,-4.));
#5161=CARTESIAN_POINT('',(-85.0000014901161,-16.000000372529,-4.));
#5162=CARTESIAN_POINT('',(-85.0000014901161,-5.00000018627063,-4.));
#5163=CARTESIAN_POINT('',(-91.0000014901161,-10.000000372529,-4.));
#5164=CARTESIAN_POINT('Origin',(-91.0000014901161,-16.000000372529,-4.));
#5165=CARTESIAN_POINT('',(-100.000001490116,-10.000000372529,-4.));
#5166=CARTESIAN_POINT('',(-50.0000007450336,-10.000000372529,-4.));
#5167=CARTESIAN_POINT('',(-100.000001311302,10.000000372529,-4.));
#5168=CARTESIAN_POINT('',(-99.9999999999511,23.9999999999878,-4.));
#5169=CARTESIAN_POINT('',(-91.0000013113022,10.000000372529,-4.));
#5170=CARTESIAN_POINT('',(-42.5000006556266,10.000000372529,-4.));
#5171=CARTESIAN_POINT('',(-85.0000013113022,16.000000372529,-4.));
#5172=CARTESIAN_POINT('Origin',(-91.0000013113022,16.000000372529,-4.));
#5173=CARTESIAN_POINT('',(-85.0000013113022,25.000000372529,-4.));
#5174=CARTESIAN_POINT('',(-85.0000013113022,12.5000001862584,-4.));
#5175=CARTESIAN_POINT('',(99.0000000000489,24.9999999999878,-4.));
#5176=CARTESIAN_POINT('',(-59.5999987214804,-12.4999997206032,-4.));
#5177=CARTESIAN_POINT('Origin',(-57.1999987214804,-12.4999997206032,-4.));
#5178=CARTESIAN_POINT('',(-30.9999993607402,12.4999997206032,-4.));
#5179=CARTESIAN_POINT('Origin',(-28.5999993607402,12.4999997206032,-4.));
#5180=CARTESIAN_POINT('',(54.7999987214804,-12.4999997206032,-4.));
#5181=CARTESIAN_POINT('Origin',(57.1999987214804,-12.4999997206032,-4.));
#5182=CARTESIAN_POINT('',(54.7999987214804,12.4999997206032,-4.));
#5183=CARTESIAN_POINT('Origin',(57.1999987214804,12.4999997206032,-4.));
#5184=CARTESIAN_POINT('',(-63.4999999999511,-12.5000000000122,-4.));
#5185=CARTESIAN_POINT('Origin',(-71.4999999999511,-12.5000000000122,-4.));
#5186=CARTESIAN_POINT('',(50.9000000000489,-12.5000000000122,-4.));
#5187=CARTESIAN_POINT('Origin',(42.9000000000489,-12.5000000000122,-4.));
#5188=CARTESIAN_POINT('',(-34.8999999999511,-12.5000000000122,-4.));
#5189=CARTESIAN_POINT('Origin',(-42.8999999999511,-12.5000000000122,-4.));
#5190=CARTESIAN_POINT('',(22.3000000000489,-12.5000000000122,-4.));
#5191=CARTESIAN_POINT('Origin',(14.3000000000489,-12.5000000000122,-4.));
#5192=CARTESIAN_POINT('',(-20.7999999999497,-7.83631063947178,-4.));
#5193=CARTESIAN_POINT('',(-20.7999999999502,-17.163688801734,-4.));
#5194=CARTESIAN_POINT('Origin',(-14.2999996803701,-12.4999997206032,-4.));
#5195=CARTESIAN_POINT('',(-20.7999999999503,-18.5000000000079,-4.));
#5196=CARTESIAN_POINT('',(-20.7999999999497,-6.50000000001172,-4.));
#5197=CARTESIAN_POINT('',(-20.2999999999503,-19.0000000000095,-4.));
#5198=CARTESIAN_POINT('Origin',(-20.2999999999502,-18.5000000000095,-4.));
#5199=CARTESIAN_POINT('',(-18.9636888174926,-19.0000000000098,-4.));
#5200=CARTESIAN_POINT('',(-20.2999999999503,-19.0000000000095,-4.));
#5201=CARTESIAN_POINT('',(-9.63631054324994,-19.0000000000115,-4.));
#5202=CARTESIAN_POINT('Origin',(-14.2999996803701,-12.4999997206032,-4.));
#5203=CARTESIAN_POINT('',(-8.29999999995037,-19.0000000000117,-4.));
#5204=CARTESIAN_POINT('',(-20.2999999999503,-19.0000000000095,-4.));
#5205=CARTESIAN_POINT('',(-7.79999999995037,-18.5000000000118,-4.));
#5206=CARTESIAN_POINT('Origin',(-8.29999999995036,-18.5000000000117,-4.));
#5207=CARTESIAN_POINT('',(-7.79999999995037,-17.1636896925614,-4.));
#5208=CARTESIAN_POINT('',(-7.79999999995036,-18.5000000000117,-4.));
#5209=CARTESIAN_POINT('',(-7.79999999995037,-7.83630974864502,-4.));
#5210=CARTESIAN_POINT('Origin',(-14.2999996803701,-12.4999997206032,-4.));
#5211=CARTESIAN_POINT('',(-7.79999999995037,-6.50000000001173,-4.));
#5212=CARTESIAN_POINT('',(-7.79999999995036,-18.5000000000117,-4.));
#5213=CARTESIAN_POINT('',(-8.29999999995035,-6.00000000001174,-4.));
#5214=CARTESIAN_POINT('Origin',(-8.29999999995037,-6.50000000001174,-4.));
#5215=CARTESIAN_POINT('',(-9.63630976440113,-6.00000000001174,-4.));
#5216=CARTESIAN_POINT('',(-8.29999999995035,-6.00000000001174,-4.));
#5217=CARTESIAN_POINT('',(-18.963689596339,-6.00000000001172,-4.));
#5218=CARTESIAN_POINT('Origin',(-14.2999996803701,-12.4999997206032,-4.));
#5219=CARTESIAN_POINT('',(-20.2999999999497,-6.00000000001172,-4.));
#5220=CARTESIAN_POINT('',(-8.29999999995035,-6.00000000001174,-4.));
#5221=CARTESIAN_POINT('',(-20.7999999999497,-6.50000000001172,-4.));
#5222=CARTESIAN_POINT('Origin',(-20.2999999999497,-6.50000000001172,-4.));
#5223=CARTESIAN_POINT('',(-20.7999999999497,-6.50000000001172,-4.));
#5224=CARTESIAN_POINT('',(78.0000000000496,7.83631047344442,-4.));
#5225=CARTESIAN_POINT('',(78.0000000000496,17.1636895265311,-4.));
#5226=CARTESIAN_POINT('Origin',(71.5000000000489,12.4999999999878,-4.));
#5227=CARTESIAN_POINT('',(78.0000000000496,18.4999999999883,-4.));
#5228=CARTESIAN_POINT('',(78.0000000000497,6.49999999998825,-4.));
#5229=CARTESIAN_POINT('',(77.5000000000496,18.9999999999883,-4.));
#5230=CARTESIAN_POINT('Origin',(77.5000000000496,18.4999999999883,-4.));
#5231=CARTESIAN_POINT('',(76.1636895265926,18.9999999999883,-4.));
#5232=CARTESIAN_POINT('',(77.5000000000497,18.9999999999883,-4.));
#5233=CARTESIAN_POINT('',(66.8363104735052,18.9999999999883,-4.));
#5234=CARTESIAN_POINT('Origin',(71.5000000000489,12.4999999999878,-4.));
#5235=CARTESIAN_POINT('',(65.5000000000503,18.9999999999883,-4.));
#5236=CARTESIAN_POINT('',(77.5000000000497,18.9999999999883,-4.));
#5237=CARTESIAN_POINT('',(65.0000000000503,18.4999999999883,-4.));
#5238=CARTESIAN_POINT('Origin',(65.5000000000503,18.4999999999883,-4.));
#5239=CARTESIAN_POINT('',(65.0000000000503,17.1636895265341,-4.));
#5240=CARTESIAN_POINT('',(65.0000000000503,18.4999999999883,-4.));
#5241=CARTESIAN_POINT('',(65.0000000000498,7.83631047344201,-4.));
#5242=CARTESIAN_POINT('Origin',(71.5000000000489,12.4999999999878,-4.));
#5243=CARTESIAN_POINT('',(65.0000000000498,6.49999999999209,-4.));
#5244=CARTESIAN_POINT('',(65.0000000000503,18.4999999999883,-4.));
#5245=CARTESIAN_POINT('',(65.5000000000498,5.9999999999905,-4.));
#5246=CARTESIAN_POINT('Origin',(65.5000000000498,6.4999999999905,-4.));
#5247=CARTESIAN_POINT('',(66.836310473501,5.99999999999025,-4.));
#5248=CARTESIAN_POINT('',(65.5000000000498,5.9999999999905,-4.));
#5249=CARTESIAN_POINT('',(76.1636895265943,5.99999999998851,-4.));
#5250=CARTESIAN_POINT('Origin',(71.5000000000489,12.4999999999878,-4.));
#5251=CARTESIAN_POINT('',(77.5000000000496,5.99999999998826,-4.));
#5252=CARTESIAN_POINT('',(65.5000000000498,5.9999999999905,-4.));
#5253=CARTESIAN_POINT('',(78.0000000000496,6.49999999998825,-4.));
#5254=CARTESIAN_POINT('Origin',(77.5000000000496,6.49999999998826,-4.));
#5255=CARTESIAN_POINT('',(78.0000000000497,6.49999999998825,-4.));
#5256=CARTESIAN_POINT('',(38.2363091251713,5.99999999999025,-4.));
#5257=CARTESIAN_POINT('',(47.5636889570469,5.99999999998851,-4.));
#5258=CARTESIAN_POINT('Origin',(42.8999990411103,12.4999997206032,-4.));
#5259=CARTESIAN_POINT('',(48.9000000000496,5.99999999998826,-4.));
#5260=CARTESIAN_POINT('',(36.9000000000498,5.9999999999905,-4.));
#5261=CARTESIAN_POINT('',(49.4000000000496,6.49999999998825,-4.));
#5262=CARTESIAN_POINT('Origin',(48.9000000000496,6.49999999998826,-4.));
#5263=CARTESIAN_POINT('',(49.4000000000496,7.8363115305773,-4.));
#5264=CARTESIAN_POINT('',(49.4000000000497,6.49999999998825,-4.));
#5265=CARTESIAN_POINT('',(49.4000000000496,17.1636879106292,-4.));
#5266=CARTESIAN_POINT('Origin',(42.8999990411103,12.4999997206032,-4.));
#5267=CARTESIAN_POINT('',(49.4000000000496,18.4999999999883,-4.));
#5268=CARTESIAN_POINT('',(49.4000000000497,6.49999999998825,-4.));
#5269=CARTESIAN_POINT('',(48.9000000000497,18.9999999999883,-4.));
#5270=CARTESIAN_POINT('Origin',(48.9000000000496,18.4999999999883,-4.));
#5271=CARTESIAN_POINT('',(47.5636881782628,18.9999999999883,-4.));
#5272=CARTESIAN_POINT('',(48.9000000000497,18.9999999999883,-4.));
#5273=CARTESIAN_POINT('',(38.2363099039578,18.9999999999883,-4.));
#5274=CARTESIAN_POINT('Origin',(42.8999990411103,12.4999997206032,-4.));
#5275=CARTESIAN_POINT('',(36.9000000000503,18.9999999999883,-4.));
#5276=CARTESIAN_POINT('',(48.9000000000497,18.9999999999883,-4.));
#5277=CARTESIAN_POINT('',(36.4000000000504,18.4999999999883,-4.));
#5278=CARTESIAN_POINT('Origin',(36.9000000000503,18.4999999999883,-4.));
#5279=CARTESIAN_POINT('',(36.4000000000503,17.1636905836664,-4.));
#5280=CARTESIAN_POINT('',(36.4000000000504,18.4999999999883,-4.));
#5281=CARTESIAN_POINT('',(36.4000000000498,7.83630885754066,-4.));
#5282=CARTESIAN_POINT('Origin',(42.8999990411103,12.4999997206032,-4.));
#5283=CARTESIAN_POINT('',(36.4000000000498,6.49999999999209,-4.));
#5284=CARTESIAN_POINT('',(36.4000000000504,18.4999999999883,-4.));
#5285=CARTESIAN_POINT('',(36.9000000000498,5.9999999999905,-4.));
#5286=CARTESIAN_POINT('Origin',(36.9000000000498,6.4999999999905,-4.));
#5287=CARTESIAN_POINT('',(36.9000000000498,5.9999999999905,-4.));
#5288=CARTESIAN_POINT('',(20.8000000000496,7.83631063961105,-4.));
#5289=CARTESIAN_POINT('',(20.8000000000496,17.1636888015954,-4.));
#5290=CARTESIAN_POINT('Origin',(14.2999996803701,12.4999997206032,-4.));
#5291=CARTESIAN_POINT('',(20.8000000000496,18.4999999999883,-4.));
#5292=CARTESIAN_POINT('',(20.8000000000497,6.49999999998825,-4.));
#5293=CARTESIAN_POINT('',(20.3000000000497,18.9999999999883,-4.));
#5294=CARTESIAN_POINT('Origin',(20.3000000000496,18.4999999999883,-4.));
#5295=CARTESIAN_POINT('',(18.9636888175226,18.9999999999883,-4.));
#5296=CARTESIAN_POINT('',(20.3000000000497,18.9999999999883,-4.));
#5297=CARTESIAN_POINT('',(9.63631054321758,18.9999999999883,-4.));
#5298=CARTESIAN_POINT('Origin',(14.2999996803701,12.4999997206032,-4.));
#5299=CARTESIAN_POINT('',(8.30000000005035,18.9999999999883,-4.));
#5300=CARTESIAN_POINT('',(20.3000000000497,18.9999999999883,-4.));
#5301=CARTESIAN_POINT('',(7.80000000005036,18.4999999999883,-4.));
#5302=CARTESIAN_POINT('Origin',(8.30000000005035,18.4999999999883,-4.));
#5303=CARTESIAN_POINT('',(7.80000000005029,17.1636896927007,-4.));
#5304=CARTESIAN_POINT('',(7.80000000005036,18.4999999999883,-4.));
#5305=CARTESIAN_POINT('',(7.80000000004984,7.83630974850638,-4.));
#5306=CARTESIAN_POINT('Origin',(14.2999996803701,12.4999997206032,-4.));
#5307=CARTESIAN_POINT('',(7.80000000004978,6.49999999999209,-4.));
#5308=CARTESIAN_POINT('',(7.80000000005036,18.4999999999883,-4.));
#5309=CARTESIAN_POINT('',(8.30000000004977,5.9999999999905,-4.));
#5310=CARTESIAN_POINT('Origin',(8.30000000004978,6.4999999999905,-4.));
#5311=CARTESIAN_POINT('',(9.63630976443108,5.99999999999025,-4.));
#5312=CARTESIAN_POINT('',(8.30000000004977,5.9999999999905,-4.));
#5313=CARTESIAN_POINT('',(18.9636895963067,5.99999999998851,-4.));
#5314=CARTESIAN_POINT('Origin',(14.2999996803701,12.4999997206032,-4.));
#5315=CARTESIAN_POINT('',(20.3000000000496,5.99999999998826,-4.));
#5316=CARTESIAN_POINT('',(8.30000000004977,5.9999999999905,-4.));
#5317=CARTESIAN_POINT('',(20.8000000000496,6.49999999998825,-4.));
#5318=CARTESIAN_POINT('Origin',(20.3000000000496,6.49999999998826,-4.));
#5319=CARTESIAN_POINT('',(20.8000000000497,6.49999999998825,-4.));
#5320=CARTESIAN_POINT('',(-7.79999999995036,7.83630974864504,-4.));
#5321=CARTESIAN_POINT('',(-7.79999999995037,17.1636896925614,-4.));
#5322=CARTESIAN_POINT('Origin',(-14.2999996803701,12.4999997206032,-4.));
#5323=CARTESIAN_POINT('',(-7.79999999995037,18.4999999999883,-4.));
#5324=CARTESIAN_POINT('',(-7.79999999995036,6.49999999998825,-4.));
#5325=CARTESIAN_POINT('',(-8.29999999995035,18.9999999999883,-4.));
#5326=CARTESIAN_POINT('Origin',(-8.29999999995037,18.4999999999883,-4.));
#5327=CARTESIAN_POINT('',(-9.63631054321757,18.9999999999883,-4.));
#5328=CARTESIAN_POINT('',(-8.29999999995035,18.9999999999883,-4.));
#5329=CARTESIAN_POINT('',(-18.9636888175226,18.9999999999883,-4.));
#5330=CARTESIAN_POINT('Origin',(-14.2999996803701,12.4999997206032,-4.));
#5331=CARTESIAN_POINT('',(-20.2999999999497,18.9999999999883,-4.));
#5332=CARTESIAN_POINT('',(-8.29999999995035,18.9999999999883,-4.));
#5333=CARTESIAN_POINT('',(-20.7999999999497,18.4999999999883,-4.));
#5334=CARTESIAN_POINT('Origin',(-20.2999999999497,18.4999999999883,-4.));
#5335=CARTESIAN_POINT('',(-20.7999999999497,17.1636888017347,-4.));
#5336=CARTESIAN_POINT('',(-20.7999999999497,18.4999999999883,-4.));
#5337=CARTESIAN_POINT('',(-20.7999999999502,7.83631063947241,-4.));
#5338=CARTESIAN_POINT('Origin',(-14.2999996803701,12.4999997206032,-4.));
#5339=CARTESIAN_POINT('',(-20.7999999999502,6.49999999999209,-4.));
#5340=CARTESIAN_POINT('',(-20.7999999999497,18.4999999999883,-4.));
#5341=CARTESIAN_POINT('',(-20.2999999999502,5.9999999999905,-4.));
#5342=CARTESIAN_POINT('Origin',(-20.2999999999502,6.4999999999905,-4.));
#5343=CARTESIAN_POINT('',(-18.9636895963091,5.99999999999025,-4.));
#5344=CARTESIAN_POINT('',(-20.2999999999502,5.9999999999905,-4.));
#5345=CARTESIAN_POINT('',(-9.63630976443351,5.99999999998851,-4.));
#5346=CARTESIAN_POINT('Origin',(-14.2999996803701,12.4999997206032,-4.));
#5347=CARTESIAN_POINT('',(-8.29999999995037,5.99999999998826,-4.));
#5348=CARTESIAN_POINT('',(-20.2999999999502,5.9999999999905,-4.));
#5349=CARTESIAN_POINT('',(-7.79999999995036,6.49999999998825,-4.));
#5350=CARTESIAN_POINT('Origin',(-8.29999999995036,6.49999999998826,-4.));
#5351=CARTESIAN_POINT('',(-7.79999999995036,6.49999999998825,-4.));
#5352=CARTESIAN_POINT('',(-36.3999999999504,7.83630885767929,-4.));
#5353=CARTESIAN_POINT('',(-36.3999999999504,17.1636905835272,-4.));
#5354=CARTESIAN_POINT('Origin',(-42.8999990411103,12.4999997206032,-4.));
#5355=CARTESIAN_POINT('',(-36.3999999999504,18.4999999999883,-4.));
#5356=CARTESIAN_POINT('',(-36.3999999999504,6.49999999998825,-4.));
#5357=CARTESIAN_POINT('',(-36.8999999999504,18.9999999999883,-4.));
#5358=CARTESIAN_POINT('Origin',(-36.8999999999504,18.4999999999883,-4.));
#5359=CARTESIAN_POINT('',(-38.2363099039578,18.9999999999883,-4.));
#5360=CARTESIAN_POINT('',(-36.8999999999504,18.9999999999883,-4.));
#5361=CARTESIAN_POINT('',(-47.5636881782628,18.9999999999883,-4.));
#5362=CARTESIAN_POINT('Origin',(-42.8999990411103,12.4999997206032,-4.));
#5363=CARTESIAN_POINT('',(-48.8999999999497,18.9999999999883,-4.));
#5364=CARTESIAN_POINT('',(-36.8999999999504,18.9999999999883,-4.));
#5365=CARTESIAN_POINT('',(-49.3999999999497,18.4999999999883,-4.));
#5366=CARTESIAN_POINT('Origin',(-48.8999999999497,18.4999999999883,-4.));
#5367=CARTESIAN_POINT('',(-49.3999999999497,17.1636879107684,-4.));
#5368=CARTESIAN_POINT('',(-49.3999999999497,18.4999999999883,-4.));
#5369=CARTESIAN_POINT('',(-49.3999999999502,7.83631153043867,-4.));
#5370=CARTESIAN_POINT('Origin',(-42.8999990411103,12.4999997206032,-4.));
#5371=CARTESIAN_POINT('',(-49.3999999999502,6.49999999999209,-4.));
#5372=CARTESIAN_POINT('',(-49.3999999999497,18.4999999999883,-4.));
#5373=CARTESIAN_POINT('',(-48.8999999999503,5.9999999999905,-4.));
#5374=CARTESIAN_POINT('Origin',(-48.8999999999502,6.4999999999905,-4.));
#5375=CARTESIAN_POINT('',(-47.5636889570493,5.99999999999025,-4.));
#5376=CARTESIAN_POINT('',(-48.8999999999503,5.9999999999905,-4.));
#5377=CARTESIAN_POINT('',(-38.2363091251737,5.99999999998851,-4.));
#5378=CARTESIAN_POINT('Origin',(-42.8999990411103,12.4999997206032,-4.));
#5379=CARTESIAN_POINT('',(-36.8999999999504,5.99999999998826,-4.));
#5380=CARTESIAN_POINT('',(-48.8999999999503,5.9999999999905,-4.));
#5381=CARTESIAN_POINT('',(-36.3999999999504,6.49999999998825,-4.));
#5382=CARTESIAN_POINT('Origin',(-36.8999999999504,6.49999999998826,-4.));
#5383=CARTESIAN_POINT('',(-36.3999999999504,6.49999999998825,-4.));
#5384=CARTESIAN_POINT('',(-64.9999999999504,7.8363079667138,-4.));
#5385=CARTESIAN_POINT('',(-64.9999999999504,17.1636914744927,-4.));
#5386=CARTESIAN_POINT('Origin',(-71.4999984018505,12.4999997206032,-4.));
#5387=CARTESIAN_POINT('',(-64.9999999999504,18.4999999999883,-4.));
#5388=CARTESIAN_POINT('',(-64.9999999999504,6.49999999998825,-4.));
#5389=CARTESIAN_POINT('',(-65.4999999999504,18.9999999999883,-4.));
#5390=CARTESIAN_POINT('Origin',(-65.4999999999504,18.4999999999883,-4.));
#5391=CARTESIAN_POINT('',(-66.8363092646979,18.9999999999883,-4.));
#5392=CARTESIAN_POINT('',(-65.4999999999504,18.9999999999883,-4.));
#5393=CARTESIAN_POINT('',(-76.163687539003,18.9999999999883,-4.));
#5394=CARTESIAN_POINT('Origin',(-71.4999984018505,12.4999997206032,-4.));
#5395=CARTESIAN_POINT('',(-77.4999999999497,18.9999999999883,-4.));
#5396=CARTESIAN_POINT('',(-65.4999999999504,18.9999999999883,-4.));
#5397=CARTESIAN_POINT('',(-77.9999999999497,18.4999999999883,-4.));
#5398=CARTESIAN_POINT('Origin',(-77.4999999999497,18.4999999999883,-4.));
#5399=CARTESIAN_POINT('',(-77.9999999999497,17.1636870198019,-4.));
#5400=CARTESIAN_POINT('',(-77.9999999999497,18.4999999999883,-4.));
#5401=CARTESIAN_POINT('',(-77.9999999999502,7.83631242140519,-4.));
#5402=CARTESIAN_POINT('Origin',(-71.4999984018505,12.4999997206032,-4.));
#5403=CARTESIAN_POINT('',(-77.9999999999502,6.49999999999209,-4.));
#5404=CARTESIAN_POINT('',(-77.9999999999497,18.4999999999883,-4.));
#5405=CARTESIAN_POINT('',(-77.4999999999502,5.9999999999905,-4.));
#5406=CARTESIAN_POINT('Origin',(-77.4999999999502,6.4999999999905,-4.));
#5407=CARTESIAN_POINT('',(-76.1636883177895,5.99999999999025,-4.));
#5408=CARTESIAN_POINT('',(-77.4999999999502,5.9999999999905,-4.));
#5409=CARTESIAN_POINT('',(-66.8363084859139,5.99999999998851,-4.));
#5410=CARTESIAN_POINT('Origin',(-71.4999984018505,12.4999997206032,-4.));
#5411=CARTESIAN_POINT('',(-65.4999999999504,5.99999999998826,-4.));
#5412=CARTESIAN_POINT('',(-77.4999999999502,5.9999999999905,-4.));
#5413=CARTESIAN_POINT('',(-64.9999999999504,6.49999999998825,-4.));
#5414=CARTESIAN_POINT('Origin',(-65.4999999999504,6.49999999998826,-4.));
#5415=CARTESIAN_POINT('',(-64.9999999999504,6.49999999998825,-4.));
#5416=CARTESIAN_POINT('',(66.8363112792967,-19.0000000000097,-4.));
#5417=CARTESIAN_POINT('',(76.1636908515669,-19.0000000000115,-4.));
#5418=CARTESIAN_POINT('Origin',(71.500001065433,-12.5000001862645,-4.));
#5419=CARTESIAN_POINT('',(77.5000000000496,-19.0000000000117,-4.));
#5420=CARTESIAN_POINT('',(65.5000000000497,-19.0000000000095,-4.));
#5421=CARTESIAN_POINT('',(78.0000000000496,-18.5000000000118,-4.));
#5422=CARTESIAN_POINT('Origin',(77.5000000000496,-18.5000000000117,-4.));
#5423=CARTESIAN_POINT('',(78.0000000000496,-17.1636911976827,-4.));
#5424=CARTESIAN_POINT('',(78.0000000000496,-18.5000000000118,-4.));
#5425=CARTESIAN_POINT('',(78.0000000000496,-7.83630917484629,-4.));
#5426=CARTESIAN_POINT('Origin',(71.500001065433,-12.5000001862645,-4.));
#5427=CARTESIAN_POINT('',(78.0000000000496,-6.50000000001174,-4.));
#5428=CARTESIAN_POINT('',(78.0000000000496,-18.5000000000118,-4.));
#5429=CARTESIAN_POINT('',(77.5000000000496,-6.00000000001175,-4.));
#5430=CARTESIAN_POINT('Origin',(77.5000000000496,-6.50000000001174,-4.));
#5431=CARTESIAN_POINT('',(76.1636903323883,-6.00000000001175,-4.));
#5432=CARTESIAN_POINT('',(77.5000000000497,-6.00000000001174,-4.));
#5433=CARTESIAN_POINT('',(66.8363117984778,-6.00000000001173,-4.));
#5434=CARTESIAN_POINT('Origin',(71.500001065433,-12.5000001862645,-4.));
#5435=CARTESIAN_POINT('',(65.5000000000503,-6.00000000001172,-4.));
#5436=CARTESIAN_POINT('',(77.5000000000497,-6.00000000001174,-4.));
#5437=CARTESIAN_POINT('',(65.0000000000503,-6.50000000001173,-4.));
#5438=CARTESIAN_POINT('Origin',(65.5000000000503,-6.50000000001172,-4.));
#5439=CARTESIAN_POINT('',(65.0000000000503,-7.83631214459372,-4.));
#5440=CARTESIAN_POINT('',(65.0000000000503,-6.50000000001173,-4.));
#5441=CARTESIAN_POINT('',(65.0000000000498,-17.1636882279347,-4.));
#5442=CARTESIAN_POINT('Origin',(71.500001065433,-12.5000001862645,-4.));
#5443=CARTESIAN_POINT('',(65.0000000000498,-18.5000000000079,-4.));
#5444=CARTESIAN_POINT('',(65.0000000000503,-6.50000000001173,-4.));
#5445=CARTESIAN_POINT('',(65.5000000000497,-19.0000000000095,-4.));
#5446=CARTESIAN_POINT('Origin',(65.5000000000498,-18.5000000000095,-4.));
#5447=CARTESIAN_POINT('',(65.5000000000497,-19.0000000000095,-4.));
#5448=CARTESIAN_POINT('',(82.5999981001019,2.93915231795365E-16,-4.));
#5449=CARTESIAN_POINT('Origin',(84.9999981001019,0.,-4.));
#5450=CARTESIAN_POINT('',(26.1999993607402,12.4999997206032,-4.));
#5451=CARTESIAN_POINT('Origin',(28.5999993607402,12.4999997206032,-4.));
#5452=CARTESIAN_POINT('',(-2.4,2.93915231795365E-16,-4.));
#5453=CARTESIAN_POINT('Origin',(0.,0.,-4.));
#5454=CARTESIAN_POINT('',(-59.5999987214804,12.4999997206032,-4.));
#5455=CARTESIAN_POINT('Origin',(-57.1999987214804,12.4999997206032,-4.));
#5456=CARTESIAN_POINT('Origin',(-85.0000012665987,0.,-16.));
#5457=CARTESIAN_POINT('',(-86.7000012665987,2.0818995585505E-16,1.55));
#5458=CARTESIAN_POINT('Origin',(-85.0000012665987,0.,1.55));
#5459=CARTESIAN_POINT('',(-86.7000012665987,2.0818995585505E-16,-16.));
#5460=CARTESIAN_POINT('Origin',(-57.1999987214804,-12.4999997206032,-3.65));
#5461=CARTESIAN_POINT('',(-58.8999987214804,-12.4999997206032,-3.3));
#5462=CARTESIAN_POINT('',(-59.2499987214804,-12.4999997206032,-3.65));
#5463=CARTESIAN_POINT('Origin',(-57.1999987214804,-12.4999997206032,-3.3));
#5464=CARTESIAN_POINT('Origin',(-57.1999987214804,-12.4999997206032,-16.));
#5465=CARTESIAN_POINT('',(-58.8999987214804,-12.4999997206032,1.55));
#5466=CARTESIAN_POINT('Origin',(-57.1999987214804,-12.4999997206032,1.55));
#5467=CARTESIAN_POINT('',(-58.8999987214804,-12.4999997206032,-16.));
#5468=CARTESIAN_POINT('Origin',(-57.1999987214804,12.4999997206032,-3.65));
#5469=CARTESIAN_POINT('',(-58.8999987214804,12.4999997206032,-3.3));
#5470=CARTESIAN_POINT('',(-59.2499987214804,12.4999997206032,-3.65));
#5471=CARTESIAN_POINT('Origin',(-57.1999987214804,12.4999997206032,-3.3));
#5472=CARTESIAN_POINT('Origin',(-57.1999987214804,12.4999997206032,-16.));
#5473=CARTESIAN_POINT('',(-58.8999987214804,12.4999997206032,1.55));
#5474=CARTESIAN_POINT('Origin',(-57.1999987214804,12.4999997206032,1.55));
#5475=CARTESIAN_POINT('',(-58.8999987214804,12.4999997206032,-16.));
#5476=CARTESIAN_POINT('Origin',(-28.5999993607402,12.4999997206032,-3.65));
#5477=CARTESIAN_POINT('',(-30.2999993607402,12.4999997206032,-3.3));
#5478=CARTESIAN_POINT('',(-30.6499993607402,12.4999997206032,-3.65));
#5479=CARTESIAN_POINT('Origin',(-28.5999993607402,12.4999997206032,-3.3));
#5480=CARTESIAN_POINT('Origin',(-28.5999993607402,12.4999997206032,-16.));
#5481=CARTESIAN_POINT('',(-30.2999993607402,12.4999997206032,1.55));
#5482=CARTESIAN_POINT('Origin',(-28.5999993607402,12.4999997206032,1.55));
#5483=CARTESIAN_POINT('',(-30.2999993607402,12.4999997206032,-16.));
#5484=CARTESIAN_POINT('Origin',(0.,0.,-3.65));
#5485=CARTESIAN_POINT('',(-1.7,-2.0818995585505E-16,-3.3));
#5486=CARTESIAN_POINT('',(-2.05,2.51052593825207E-16,-3.65));
#5487=CARTESIAN_POINT('Origin',(0.,0.,-3.3));
#5488=CARTESIAN_POINT('Origin',(0.,0.,-16.));
#5489=CARTESIAN_POINT('',(-1.7,2.0818995585505E-16,1.55));
#5490=CARTESIAN_POINT('Origin',(0.,0.,1.55));
#5491=CARTESIAN_POINT('',(-1.7,2.0818995585505E-16,-16.));
#5492=CARTESIAN_POINT('Origin',(57.1999987214804,-12.4999997206032,-3.65));
#5493=CARTESIAN_POINT('',(55.4999987214804,-12.4999997206032,-3.3));
#5494=CARTESIAN_POINT('',(55.1499987214804,-12.4999997206032,-3.65));
#5495=CARTESIAN_POINT('Origin',(57.1999987214804,-12.4999997206032,-3.3));
#5496=CARTESIAN_POINT('Origin',(57.1999987214804,-12.4999997206032,-16.));
#5497=CARTESIAN_POINT('',(55.4999987214804,-12.4999997206032,1.55));
#5498=CARTESIAN_POINT('Origin',(57.1999987214804,-12.4999997206032,1.55));
#5499=CARTESIAN_POINT('',(55.4999987214804,-12.4999997206032,-16.));
#5500=CARTESIAN_POINT('Origin',(28.5999993607402,12.4999997206032,-3.65));
#5501=CARTESIAN_POINT('',(26.8999993607402,12.4999997206032,-3.3));
#5502=CARTESIAN_POINT('',(26.5499993607402,12.4999997206032,-3.65));
#5503=CARTESIAN_POINT('Origin',(28.5999993607402,12.4999997206032,-3.3));
#5504=CARTESIAN_POINT('Origin',(28.5999993607402,12.4999997206032,-16.));
#5505=CARTESIAN_POINT('',(26.8999993607402,12.4999997206032,1.55));
#5506=CARTESIAN_POINT('Origin',(28.5999993607402,12.4999997206032,1.55));
#5507=CARTESIAN_POINT('',(26.8999993607402,12.4999997206032,-16.));
#5508=CARTESIAN_POINT('Origin',(57.1999987214804,12.4999997206032,-3.65));
#5509=CARTESIAN_POINT('',(55.4999987214804,12.4999997206032,-3.3));
#5510=CARTESIAN_POINT('',(55.1499987214804,12.4999997206032,-3.65));
#5511=CARTESIAN_POINT('Origin',(57.1999987214804,12.4999997206032,-3.3));
#5512=CARTESIAN_POINT('Origin',(57.1999987214804,12.4999997206032,-16.));
#5513=CARTESIAN_POINT('',(55.4999987214804,12.4999997206032,1.55));
#5514=CARTESIAN_POINT('Origin',(57.1999987214804,12.4999997206032,1.55));
#5515=CARTESIAN_POINT('',(55.4999987214804,12.4999997206032,-16.));
#5516=CARTESIAN_POINT('Origin',(84.9999981001019,0.,-3.65));
#5517=CARTESIAN_POINT('',(83.2999981001019,-2.0818995585505E-16,-3.3));
#5518=CARTESIAN_POINT('',(82.949998100102,2.51052593825208E-16,-3.65));
#5519=CARTESIAN_POINT('Origin',(84.9999981001019,0.,-3.3));
#5520=CARTESIAN_POINT('Origin',(84.9999981001019,0.,-16.));
#5521=CARTESIAN_POINT('',(83.2999981001019,2.0818995585505E-16,1.55));
#5522=CARTESIAN_POINT('Origin',(84.9999981001019,0.,1.55));
#5523=CARTESIAN_POINT('',(83.2999981001019,2.0818995585505E-16,-16.));
#5524=CARTESIAN_POINT('Origin',(84.9999981001019,0.,2.275));
#5525=CARTESIAN_POINT('',(81.849998100102,3.85763741731416E-16,3.));
#5526=CARTESIAN_POINT('Origin',(84.9999981001019,0.,3.));
#5527=CARTESIAN_POINT('',(82.574998100102,2.96976848793233E-16,2.275));
#5528=CARTESIAN_POINT('Origin',(0.,0.,2.275));
#5529=CARTESIAN_POINT('',(-3.15,3.85763741731416E-16,3.));
#5530=CARTESIAN_POINT('Origin',(0.,0.,3.));
#5531=CARTESIAN_POINT('',(-2.425,2.96976848793233E-16,2.275));
#5532=CARTESIAN_POINT('Origin',(-57.1999987214804,-12.4999997206032,2.275));
#5533=CARTESIAN_POINT('',(-60.3499987214804,-12.4999997206032,3.));
#5534=CARTESIAN_POINT('Origin',(-57.1999987214804,-12.4999997206032,3.));
#5535=CARTESIAN_POINT('',(-59.6249987214804,-12.4999997206032,2.275));
#5536=CARTESIAN_POINT('Origin',(-57.1999987214804,12.4999997206032,2.275));
#5537=CARTESIAN_POINT('',(-60.3499987214804,12.4999997206032,3.));
#5538=CARTESIAN_POINT('Origin',(-57.1999987214804,12.4999997206032,3.));
#5539=CARTESIAN_POINT('',(-59.6249987214804,12.4999997206032,2.275));
#5540=CARTESIAN_POINT('Origin',(-85.0000012665987,0.,2.275));
#5541=CARTESIAN_POINT('',(-88.1500012665987,3.85763741731416E-16,3.));
#5542=CARTESIAN_POINT('Origin',(-85.0000012665987,0.,3.));
#5543=CARTESIAN_POINT('',(-87.4250012665987,2.96976848793233E-16,2.275));
#5544=CARTESIAN_POINT('Origin',(-28.5999993607402,12.4999997206032,2.275));
#5545=CARTESIAN_POINT('',(-31.7499993607402,12.4999997206032,3.));
#5546=CARTESIAN_POINT('Origin',(-28.5999993607402,12.4999997206032,3.));
#5547=CARTESIAN_POINT('',(-31.0249993607402,12.4999997206032,2.275));
#5548=CARTESIAN_POINT('Origin',(28.5999993607402,12.4999997206032,2.275));
#5549=CARTESIAN_POINT('',(25.4499993607402,12.4999997206032,3.));
#5550=CARTESIAN_POINT('Origin',(28.5999993607402,12.4999997206032,3.));
#5551=CARTESIAN_POINT('',(26.1749993607402,12.4999997206032,2.275));
#5552=CARTESIAN_POINT('Origin',(57.1999987214804,12.4999997206032,2.275));
#5553=CARTESIAN_POINT('',(54.0499987214804,12.4999997206032,3.));
#5554=CARTESIAN_POINT('Origin',(57.1999987214804,12.4999997206032,3.));
#5555=CARTESIAN_POINT('',(54.7749987214804,12.4999997206032,2.275));
#5556=CARTESIAN_POINT('Origin',(57.1999987214804,-12.4999997206032,2.275));
#5557=CARTESIAN_POINT('',(54.0499987214804,-12.4999997206032,3.));
#5558=CARTESIAN_POINT('Origin',(57.1999987214804,-12.4999997206032,3.));
#5559=CARTESIAN_POINT('',(54.7749987214804,-12.4999997206032,2.275));
#5560=CARTESIAN_POINT('Origin',(0.,18.0000002980232,-3.));
#5561=CARTESIAN_POINT('',(-3.75,18.0000002980232,-3.));
#5562=CARTESIAN_POINT('Origin',(0.,18.0000002980232,-3.));
#5563=CARTESIAN_POINT('',(-3.75,18.0000002980232,3.));
#5564=CARTESIAN_POINT('',(-3.75,18.0000002980232,-3.));
#5565=CARTESIAN_POINT('Origin',(0.,18.0000002980232,3.));
#5566=CARTESIAN_POINT('Origin',(0.,18.0000002980232,-3.));
#5567=CARTESIAN_POINT('Origin',(-4.68375349628976E-16,-17.,-3.));
#5568=CARTESIAN_POINT('',(-3.75,-17.,-3.));
#5569=CARTESIAN_POINT('Origin',(-4.68375349628976E-16,-17.,-3.));
#5570=CARTESIAN_POINT('',(-3.75,-17.,3.));
#5571=CARTESIAN_POINT('',(-3.75,-17.,-3.));
#5572=CARTESIAN_POINT('Origin',(-4.68375349628976E-16,-17.,3.));
#5573=CARTESIAN_POINT('Origin',(-5.55111512312578E-16,-17.,-3.));
#5574=CARTESIAN_POINT('Origin',(-14.2999996803701,-12.4999997206032,-4.));
#5575=CARTESIAN_POINT('',(-20.7999999999497,-7.83631063947178,-1.));
#5576=CARTESIAN_POINT('',(-20.7999999999497,-7.83631063947178,-4.));
#5577=CARTESIAN_POINT('',(-20.7999999999502,-17.163688801734,-1.));
#5578=CARTESIAN_POINT('Origin',(-14.2999996803701,-12.4999997206032,-1.));
#5579=CARTESIAN_POINT('',(-20.7999999999502,-17.163688801734,-4.));
#5580=CARTESIAN_POINT('Origin',(-21.5499998401599,-12.4999997206029,-1.));
#5581=CARTESIAN_POINT('',(-20.7999999999498,-9.49999986030733,-1.));
#5582=CARTESIAN_POINT('Origin',(14.3000000000489,-12.5000000000122,-4.));
#5583=CARTESIAN_POINT('',(22.3000000000489,-12.5000000000122,-1.));
#5584=CARTESIAN_POINT('',(22.3000000000489,-12.5000000000122,-4.));
#5585=CARTESIAN_POINT('Origin',(14.3000000000489,-12.5000000000122,-1.));
#5586=CARTESIAN_POINT('Origin',(14.3000000000489,-12.5000000000122,-1.));
#5587=CARTESIAN_POINT('',(10.6000000000489,-12.5000000000122,-1.));
#5588=CARTESIAN_POINT('Origin',(14.3000000000489,-12.5000000000122,-1.));
#5589=CARTESIAN_POINT('Origin',(71.500001065433,-12.5000001862645,-4.));
#5590=CARTESIAN_POINT('',(66.8363112792967,-19.0000000000097,-1.));
#5591=CARTESIAN_POINT('',(66.8363112792967,-19.0000000000097,-4.));
#5592=CARTESIAN_POINT('',(76.1636908515669,-19.0000000000115,-1.));
#5593=CARTESIAN_POINT('Origin',(71.500001065433,-12.5000001862645,-1.));
#5594=CARTESIAN_POINT('',(76.1636908515669,-19.0000000000115,-4.));
#5595=CARTESIAN_POINT('Origin',(71.5000010654318,-19.7500000931371,-1.));
#5596=CARTESIAN_POINT('',(68.5000005327408,-19.0000000000101,-1.));
#5597=CARTESIAN_POINT('Origin',(-71.4999984018505,12.4999997206032,-4.));
#5598=CARTESIAN_POINT('',(-64.9999999999504,7.8363079667138,-1.));
#5599=CARTESIAN_POINT('',(-64.9999999999504,7.83630796671381,-4.));
#5600=CARTESIAN_POINT('',(-64.9999999999504,17.1636914744927,-1.));
#5601=CARTESIAN_POINT('Origin',(-71.4999984018505,12.4999997206032,-1.));
#5602=CARTESIAN_POINT('',(-64.9999999999504,17.1636914744927,-4.));
#5603=CARTESIAN_POINT('Origin',(-64.2499992009004,12.4999997206032,-1.));
#5604=CARTESIAN_POINT('',(-64.9999999999504,9.49999986029574,-1.));
#5605=CARTESIAN_POINT('Origin',(-42.8999990411103,12.4999997206032,-4.));
#5606=CARTESIAN_POINT('',(-36.3999999999504,7.83630885767929,-1.));
#5607=CARTESIAN_POINT('',(-36.3999999999504,7.8363088576793,-4.));
#5608=CARTESIAN_POINT('',(-36.3999999999504,17.1636905835272,-1.));
#5609=CARTESIAN_POINT('Origin',(-42.8999990411103,12.4999997206032,-1.));
#5610=CARTESIAN_POINT('',(-36.3999999999504,17.1636905835272,-4.));
#5611=CARTESIAN_POINT('Origin',(-35.6499995205303,12.4999997206032,-1.));
#5612=CARTESIAN_POINT('',(-36.3999999999504,9.49999986029574,-1.));
#5613=CARTESIAN_POINT('Origin',(-14.2999996803701,12.4999997206032,-4.));
#5614=CARTESIAN_POINT('',(-7.79999999995036,7.83630974864504,-1.));
#5615=CARTESIAN_POINT('',(-7.79999999995036,7.83630974864504,-4.));
#5616=CARTESIAN_POINT('',(-7.79999999995037,17.1636896925614,-1.));
#5617=CARTESIAN_POINT('Origin',(-14.2999996803701,12.4999997206032,-1.));
#5618=CARTESIAN_POINT('',(-7.79999999995037,17.1636896925614,-4.));
#5619=CARTESIAN_POINT('Origin',(-7.04999984016023,12.4999997206032,-1.));
#5620=CARTESIAN_POINT('',(-7.79999999995036,9.49999986029574,-1.));
#5621=CARTESIAN_POINT('Origin',(14.2999996803701,12.4999997206032,-4.));
#5622=CARTESIAN_POINT('',(20.8000000000496,7.83631063961105,-1.));
#5623=CARTESIAN_POINT('',(20.8000000000496,7.83631063961105,-4.));
#5624=CARTESIAN_POINT('',(20.8000000000496,17.1636888015954,-1.));
#5625=CARTESIAN_POINT('Origin',(14.2999996803701,12.4999997206032,-1.));
#5626=CARTESIAN_POINT('',(20.8000000000496,17.1636888015954,-4.));
#5627=CARTESIAN_POINT('Origin',(21.5499998402099,12.4999997206032,-1.));
#5628=CARTESIAN_POINT('',(20.8000000000496,9.49999986029574,-1.));
#5629=CARTESIAN_POINT('Origin',(42.8999990411103,12.4999997206032,-4.));
#5630=CARTESIAN_POINT('',(38.2363091251713,5.99999999999025,-1.));
#5631=CARTESIAN_POINT('',(38.2363091251713,5.99999999999025,-4.));
#5632=CARTESIAN_POINT('',(47.5636889570469,5.99999999998851,-1.));
#5633=CARTESIAN_POINT('Origin',(42.8999990411103,12.4999997206032,-1.));
#5634=CARTESIAN_POINT('',(47.5636889570469,5.99999999998851,-4.));
#5635=CARTESIAN_POINT('Origin',(42.8999990411091,5.24999986029674,-1.));
#5636=CARTESIAN_POINT('',(39.8999995205795,5.99999999998994,-1.));
#5637=CARTESIAN_POINT('Origin',(71.5000000000489,12.4999999999878,-4.));
#5638=CARTESIAN_POINT('',(78.0000000000496,7.83631047344442,-1.));
#5639=CARTESIAN_POINT('',(78.0000000000497,7.83631047344442,-4.));
#5640=CARTESIAN_POINT('',(78.0000000000496,17.1636895265311,-1.));
#5641=CARTESIAN_POINT('Origin',(71.5000000000489,12.4999999999878,-1.));
#5642=CARTESIAN_POINT('',(78.0000000000496,17.1636895265311,-4.));
#5643=CARTESIAN_POINT('Origin',(78.7500000000493,12.4999999999878,-1.));
#5644=CARTESIAN_POINT('',(78.0000000000496,9.499999999988,-1.));
#5645=CARTESIAN_POINT('Origin',(71.5000000000489,12.4999999999878,-4.));
#5646=CARTESIAN_POINT('',(65.0000000000503,17.1636895265341,-1.));
#5647=CARTESIAN_POINT('',(65.0000000000503,17.1636895265341,-4.));
#5648=CARTESIAN_POINT('',(65.0000000000498,7.83631047344201,-1.));
#5649=CARTESIAN_POINT('Origin',(71.5000000000489,12.4999999999878,-1.));
#5650=CARTESIAN_POINT('',(65.0000000000498,7.83631047344201,-4.));
#5651=CARTESIAN_POINT('Origin',(64.2500000000496,12.4999999999881,-1.));
#5652=CARTESIAN_POINT('',(65.0000000000502,15.4999999999882,-1.));
#5653=CARTESIAN_POINT('Origin',(42.8999990411103,12.4999997206032,-4.));
#5654=CARTESIAN_POINT('',(49.4000000000496,7.8363115305773,-1.));
#5655=CARTESIAN_POINT('',(49.4000000000497,7.83631153057731,-4.));
#5656=CARTESIAN_POINT('',(49.4000000000496,17.1636879106292,-1.));
#5657=CARTESIAN_POINT('Origin',(42.8999990411103,12.4999997206032,-1.));
#5658=CARTESIAN_POINT('',(49.4000000000496,17.1636879106292,-4.));
#5659=CARTESIAN_POINT('Origin',(50.14999952058,12.4999997206032,-1.));
#5660=CARTESIAN_POINT('',(49.4000000000496,9.49999986029574,-1.));
#5661=CARTESIAN_POINT('Origin',(14.2999996803701,12.4999997206032,-4.));
#5662=CARTESIAN_POINT('',(7.80000000005029,17.1636896927007,-1.));
#5663=CARTESIAN_POINT('',(7.80000000005029,17.1636896927007,-4.));
#5664=CARTESIAN_POINT('',(7.80000000004984,7.83630974850638,-1.));
#5665=CARTESIAN_POINT('Origin',(14.2999996803701,12.4999997206032,-1.));
#5666=CARTESIAN_POINT('',(7.80000000004984,7.83630974850638,-4.));
#5667=CARTESIAN_POINT('Origin',(7.04999984021019,12.4999997206035,-1.));
#5668=CARTESIAN_POINT('',(7.80000000005021,15.4999998602959,-1.));
#5669=CARTESIAN_POINT('Origin',(-14.2999996803701,12.4999997206032,-4.));
#5670=CARTESIAN_POINT('',(-20.7999999999497,17.1636888017347,-1.));
#5671=CARTESIAN_POINT('',(-20.7999999999497,17.1636888017347,-4.));
#5672=CARTESIAN_POINT('',(-20.7999999999502,7.83631063947241,-1.));
#5673=CARTESIAN_POINT('Origin',(-14.2999996803701,12.4999997206032,-1.));
#5674=CARTESIAN_POINT('',(-20.7999999999502,7.83631063947241,-4.));
#5675=CARTESIAN_POINT('Origin',(-21.5499998401599,12.4999997206035,-1.));
#5676=CARTESIAN_POINT('',(-20.7999999999498,15.4999998602959,-1.));
#5677=CARTESIAN_POINT('Origin',(-42.8999990411103,12.4999997206032,-4.));
#5678=CARTESIAN_POINT('',(-49.3999999999497,17.1636879107684,-1.));
#5679=CARTESIAN_POINT('',(-49.3999999999497,17.1636879107684,-4.));
#5680=CARTESIAN_POINT('',(-49.3999999999502,7.83631153043867,-1.));
#5681=CARTESIAN_POINT('Origin',(-42.8999990411103,12.4999997206032,-1.));
#5682=CARTESIAN_POINT('',(-49.3999999999502,7.83631153043867,-4.));
#5683=CARTESIAN_POINT('Origin',(-50.14999952053,12.4999997206035,-1.));
#5684=CARTESIAN_POINT('',(-49.3999999999498,15.4999998602959,-1.));
#5685=CARTESIAN_POINT('Origin',(-71.4999984018505,12.4999997206032,-4.));
#5686=CARTESIAN_POINT('',(-66.8363092646979,18.9999999999883,-1.));
#5687=CARTESIAN_POINT('',(-66.8363092646979,18.9999999999883,-4.));
#5688=CARTESIAN_POINT('',(-76.163687539003,18.9999999999883,-1.));
#5689=CARTESIAN_POINT('Origin',(-71.4999984018505,12.4999997206032,-1.));
#5690=CARTESIAN_POINT('',(-76.163687539003,18.9999999999883,-4.));
#5691=CARTESIAN_POINT('Origin',(-71.4999984018505,19.7499998602957,-1.));
#5692=CARTESIAN_POINT('',(-68.4999992009004,18.9999999999883,-1.));
#5693=CARTESIAN_POINT('Origin',(71.500001065433,-12.5000001862645,-4.));
#5694=CARTESIAN_POINT('',(78.0000000000496,-17.1636911976827,-1.));
#5695=CARTESIAN_POINT('',(78.0000000000496,-17.1636911976828,-4.));
#5696=CARTESIAN_POINT('',(78.0000000000496,-7.83630917484629,-1.));
#5697=CARTESIAN_POINT('Origin',(71.500001065433,-12.5000001862645,-1.));
#5698=CARTESIAN_POINT('',(78.0000000000496,-7.83630917484628,-4.));
#5699=CARTESIAN_POINT('Origin',(78.7500005327413,-12.5000001862645,-1.));
#5700=CARTESIAN_POINT('',(78.0000000000496,-15.5000000931382,-1.));
#5701=CARTESIAN_POINT('Origin',(-14.2999996803701,-12.4999997206032,-4.));
#5702=CARTESIAN_POINT('',(-9.63630976440113,-6.00000000001174,-1.));
#5703=CARTESIAN_POINT('',(-9.63630976440114,-6.00000000001174,-4.));
#5704=CARTESIAN_POINT('',(-18.963689596339,-6.00000000001172,-1.));
#5705=CARTESIAN_POINT('Origin',(-14.2999996803701,-12.4999997206032,-1.));
#5706=CARTESIAN_POINT('',(-18.963689596339,-6.00000000001172,-4.));
#5707=CARTESIAN_POINT('Origin',(-14.2999996803701,-5.24999986030748,-1.));
#5708=CARTESIAN_POINT('',(-11.2999998401602,-6.00000000001173,-1.));
#5709=CARTESIAN_POINT('Origin',(-42.8999999999511,-12.5000000000122,-4.));
#5710=CARTESIAN_POINT('',(-34.8999999999511,-12.5000000000122,-1.));
#5711=CARTESIAN_POINT('',(-34.8999999999511,-12.5000000000122,-4.));
#5712=CARTESIAN_POINT('Origin',(-42.8999999999511,-12.5000000000122,-1.));
#5713=CARTESIAN_POINT('Origin',(-42.8999999999511,-12.5000000000122,-1.));
#5714=CARTESIAN_POINT('',(-46.5999999999511,-12.5000000000122,-1.));
#5715=CARTESIAN_POINT('Origin',(-42.8999999999511,-12.5000000000122,-1.));
#5716=CARTESIAN_POINT('Origin',(-14.2999996803701,-12.4999997206032,-4.));
#5717=CARTESIAN_POINT('',(-18.9636888174926,-19.0000000000098,-1.));
#5718=CARTESIAN_POINT('',(-18.9636888174927,-19.0000000000097,-4.));
#5719=CARTESIAN_POINT('',(-9.63631054324994,-19.0000000000115,-1.));
#5720=CARTESIAN_POINT('Origin',(-14.2999996803701,-12.4999997206032,-1.));
#5721=CARTESIAN_POINT('',(-9.63631054324995,-19.0000000000115,-4.));
#5722=CARTESIAN_POINT('Origin',(-14.2999996803713,-19.7499998603065,-1.));
#5723=CARTESIAN_POINT('',(-17.2999998401607,-19.0000000000101,-1.));
#5724=CARTESIAN_POINT('Origin',(42.9000000000489,-12.5000000000122,-4.));
#5725=CARTESIAN_POINT('',(50.9000000000489,-12.5000000000122,-1.));
#5726=CARTESIAN_POINT('',(50.9000000000489,-12.5000000000122,-4.));
#5727=CARTESIAN_POINT('Origin',(42.9000000000489,-12.5000000000122,-1.));
#5728=CARTESIAN_POINT('Origin',(42.9000000000489,-12.5000000000122,-1.));
#5729=CARTESIAN_POINT('',(39.2000000000489,-12.5000000000122,-1.));
#5730=CARTESIAN_POINT('Origin',(42.9000000000489,-12.5000000000122,-1.));
#5731=CARTESIAN_POINT('Origin',(71.500001065433,-12.5000001862645,-4.));
#5732=CARTESIAN_POINT('',(76.1636903323883,-6.00000000001175,-1.));
#5733=CARTESIAN_POINT('',(76.1636903323883,-6.00000000001174,-4.));
#5734=CARTESIAN_POINT('',(66.8363117984778,-6.00000000001173,-1.));
#5735=CARTESIAN_POINT('Origin',(71.500001065433,-12.5000001862645,-1.));
#5736=CARTESIAN_POINT('',(66.8363117984778,-6.00000000001173,-4.));
#5737=CARTESIAN_POINT('Origin',(71.500001065433,-5.25000009313813,-1.));
#5738=CARTESIAN_POINT('',(74.5000005327414,-6.00000000001173,-1.));
#5739=CARTESIAN_POINT('Origin',(-71.4999984018505,12.4999997206032,-4.));
#5740=CARTESIAN_POINT('',(-76.1636883177895,5.99999999999025,-1.));
#5741=CARTESIAN_POINT('',(-76.1636883177895,5.99999999999025,-4.));
#5742=CARTESIAN_POINT('',(-66.8363084859139,5.99999999998851,-1.));
#5743=CARTESIAN_POINT('Origin',(-71.4999984018505,12.4999997206032,-1.));
#5744=CARTESIAN_POINT('',(-66.8363084859139,5.99999999998851,-4.));
#5745=CARTESIAN_POINT('Origin',(-71.4999984018517,5.24999986029674,-1.));
#5746=CARTESIAN_POINT('',(-74.4999992009009,5.99999999998994,-1.));
#5747=CARTESIAN_POINT('Origin',(-42.8999990411103,12.4999997206032,-4.));
#5748=CARTESIAN_POINT('',(-38.2363099039578,18.9999999999883,-1.));
#5749=CARTESIAN_POINT('',(-38.2363099039578,18.9999999999883,-4.));
#5750=CARTESIAN_POINT('',(-47.5636881782628,18.9999999999883,-1.));
#5751=CARTESIAN_POINT('Origin',(-42.8999990411103,12.4999997206032,-1.));
#5752=CARTESIAN_POINT('',(-47.5636881782628,18.9999999999883,-4.));
#5753=CARTESIAN_POINT('Origin',(-42.8999990411103,19.7499998602957,-1.));
#5754=CARTESIAN_POINT('',(-39.8999995205303,18.9999999999883,-1.));
#5755=CARTESIAN_POINT('Origin',(-14.2999996803701,12.4999997206032,-4.));
#5756=CARTESIAN_POINT('',(-18.9636895963091,5.99999999999025,-1.));
#5757=CARTESIAN_POINT('',(-18.9636895963091,5.99999999999025,-4.));
#5758=CARTESIAN_POINT('',(-9.63630976443351,5.99999999998851,-1.));
#5759=CARTESIAN_POINT('Origin',(-14.2999996803701,12.4999997206032,-1.));
#5760=CARTESIAN_POINT('',(-9.63630976443351,5.99999999998851,-4.));
#5761=CARTESIAN_POINT('Origin',(-14.2999996803713,5.24999986029674,-1.));
#5762=CARTESIAN_POINT('',(-17.2999998401607,5.99999999998994,-1.));
#5763=CARTESIAN_POINT('Origin',(14.2999996803701,12.4999997206032,-4.));
#5764=CARTESIAN_POINT('',(18.9636888175226,18.9999999999883,-1.));
#5765=CARTESIAN_POINT('',(18.9636888175226,18.9999999999883,-4.));
#5766=CARTESIAN_POINT('',(9.63631054321758,18.9999999999883,-1.));
#5767=CARTESIAN_POINT('Origin',(14.2999996803701,12.4999997206032,-1.));
#5768=CARTESIAN_POINT('',(9.63631054321758,18.9999999999883,-4.));
#5769=CARTESIAN_POINT('Origin',(14.2999996803701,19.7499998602957,-1.));
#5770=CARTESIAN_POINT('',(17.2999998402099,18.9999999999883,-1.));
#5771=CARTESIAN_POINT('Origin',(42.8999990411103,12.4999997206032,-4.));
#5772=CARTESIAN_POINT('',(47.5636881782628,18.9999999999883,-1.));
#5773=CARTESIAN_POINT('',(47.5636881782628,18.9999999999883,-4.));
#5774=CARTESIAN_POINT('',(38.2363099039578,18.9999999999883,-1.));
#5775=CARTESIAN_POINT('Origin',(42.8999990411103,12.4999997206032,-1.));
#5776=CARTESIAN_POINT('',(38.2363099039578,18.9999999999883,-4.));
#5777=CARTESIAN_POINT('Origin',(42.8999990411103,19.7499998602957,-1.));
#5778=CARTESIAN_POINT('',(45.89999952058,18.9999999999883,-1.));
#5779=CARTESIAN_POINT('Origin',(71.5000000000489,12.4999999999878,-4.));
#5780=CARTESIAN_POINT('',(76.1636895265926,18.9999999999883,-1.));
#5781=CARTESIAN_POINT('',(76.1636895265926,18.9999999999883,-4.));
#5782=CARTESIAN_POINT('',(66.8363104735052,18.9999999999883,-1.));
#5783=CARTESIAN_POINT('Origin',(71.5000000000489,12.4999999999878,-1.));
#5784=CARTESIAN_POINT('',(66.8363104735052,18.9999999999883,-4.));
#5785=CARTESIAN_POINT('Origin',(71.5000000000489,19.749999999988,-1.));
#5786=CARTESIAN_POINT('',(74.5000000000493,18.9999999999883,-1.));
#5787=CARTESIAN_POINT('Origin',(71.5000000000489,12.4999999999878,-4.));
#5788=CARTESIAN_POINT('',(66.836310473501,5.99999999999025,-1.));
#5789=CARTESIAN_POINT('',(66.836310473501,5.99999999999025,-4.));
#5790=CARTESIAN_POINT('',(76.1636895265943,5.99999999998851,-1.));
#5791=CARTESIAN_POINT('Origin',(71.5000000000489,12.4999999999878,-1.));
#5792=CARTESIAN_POINT('',(76.1636895265943,5.99999999998851,-4.));
#5793=CARTESIAN_POINT('Origin',(71.5000000000476,5.249999999989,-1.));
#5794=CARTESIAN_POINT('',(68.5000000000488,5.99999999998994,-1.));
#5795=CARTESIAN_POINT('Origin',(42.8999990411103,12.4999997206032,-4.));
#5796=CARTESIAN_POINT('',(36.4000000000503,17.1636905836664,-1.));
#5797=CARTESIAN_POINT('',(36.4000000000503,17.1636905836664,-4.));
#5798=CARTESIAN_POINT('',(36.4000000000498,7.83630885754066,-1.));
#5799=CARTESIAN_POINT('Origin',(42.8999990411103,12.4999997206032,-1.));
#5800=CARTESIAN_POINT('',(36.4000000000498,7.83630885754066,-4.));
#5801=CARTESIAN_POINT('Origin',(35.6499995205803,12.4999997206035,-1.));
#5802=CARTESIAN_POINT('',(36.4000000000502,15.4999998602959,-1.));
#5803=CARTESIAN_POINT('Origin',(14.2999996803701,12.4999997206032,-4.));
#5804=CARTESIAN_POINT('',(9.63630976443108,5.99999999999025,-1.));
#5805=CARTESIAN_POINT('',(9.63630976443108,5.99999999999025,-4.));
#5806=CARTESIAN_POINT('',(18.9636895963067,5.99999999998851,-1.));
#5807=CARTESIAN_POINT('Origin',(14.2999996803701,12.4999997206032,-1.));
#5808=CARTESIAN_POINT('',(18.9636895963067,5.99999999998851,-4.));
#5809=CARTESIAN_POINT('Origin',(14.2999996803689,5.24999986029674,-1.));
#5810=CARTESIAN_POINT('',(11.2999998402094,5.99999999998994,-1.));
#5811=CARTESIAN_POINT('Origin',(-14.2999996803701,12.4999997206032,-4.));
#5812=CARTESIAN_POINT('',(-9.63631054321757,18.9999999999883,-1.));
#5813=CARTESIAN_POINT('',(-9.63631054321757,18.9999999999883,-4.));
#5814=CARTESIAN_POINT('',(-18.9636888175226,18.9999999999883,-1.));
#5815=CARTESIAN_POINT('Origin',(-14.2999996803701,12.4999997206032,-1.));
#5816=CARTESIAN_POINT('',(-18.9636888175226,18.9999999999883,-4.));
#5817=CARTESIAN_POINT('Origin',(-14.2999996803701,19.7499998602957,-1.));
#5818=CARTESIAN_POINT('',(-11.2999998401602,18.9999999999883,-1.));
#5819=CARTESIAN_POINT('Origin',(-42.8999990411103,12.4999997206032,-4.));
#5820=CARTESIAN_POINT('',(-47.5636889570493,5.99999999999025,-1.));
#5821=CARTESIAN_POINT('',(-47.5636889570493,5.99999999999025,-4.));
#5822=CARTESIAN_POINT('',(-38.2363091251737,5.99999999998851,-1.));
#5823=CARTESIAN_POINT('Origin',(-42.8999990411103,12.4999997206032,-1.));
#5824=CARTESIAN_POINT('',(-38.2363091251737,5.99999999998851,-4.));
#5825=CARTESIAN_POINT('Origin',(-42.8999990411115,5.24999986029674,-1.));
#5826=CARTESIAN_POINT('',(-45.8999995205308,5.99999999998994,-1.));
#5827=CARTESIAN_POINT('Origin',(-71.4999984018505,12.4999997206032,-4.));
#5828=CARTESIAN_POINT('',(-77.9999999999497,17.1636870198019,-1.));
#5829=CARTESIAN_POINT('',(-77.9999999999497,17.1636870198019,-4.));
#5830=CARTESIAN_POINT('',(-77.9999999999502,7.83631242140519,-1.));
#5831=CARTESIAN_POINT('Origin',(-71.4999984018505,12.4999997206032,-1.));
#5832=CARTESIAN_POINT('',(-77.9999999999502,7.83631242140518,-4.));
#5833=CARTESIAN_POINT('Origin',(-78.7499992009001,12.4999997206035,-1.));
#5834=CARTESIAN_POINT('',(-77.9999999999498,15.4999998602959,-1.));
#5835=CARTESIAN_POINT('Origin',(71.500001065433,-12.5000001862645,-4.));
#5836=CARTESIAN_POINT('',(65.0000000000503,-7.83631214459372,-1.));
#5837=CARTESIAN_POINT('',(65.0000000000503,-7.83631214459372,-4.));
#5838=CARTESIAN_POINT('',(65.0000000000498,-17.1636882279347,-1.));
#5839=CARTESIAN_POINT('Origin',(71.500001065433,-12.5000001862645,-1.));
#5840=CARTESIAN_POINT('',(65.0000000000498,-17.1636882279347,-4.));
#5841=CARTESIAN_POINT('Origin',(64.2500005327417,-12.5000001862642,-1.));
#5842=CARTESIAN_POINT('',(65.0000000000502,-9.50000009313798,-1.));
#5843=CARTESIAN_POINT('Origin',(-14.2999996803701,-12.4999997206032,-4.));
#5844=CARTESIAN_POINT('',(-7.79999999995037,-17.1636896925614,-1.));
#5845=CARTESIAN_POINT('',(-7.79999999995036,-17.1636896925614,-4.));
#5846=CARTESIAN_POINT('',(-7.79999999995037,-7.83630974864502,-1.));
#5847=CARTESIAN_POINT('Origin',(-14.2999996803701,-12.4999997206032,-1.));
#5848=CARTESIAN_POINT('',(-7.79999999995037,-7.83630974864503,-4.));
#5849=CARTESIAN_POINT('Origin',(-7.04999984016023,-12.4999997206032,-1.));
#5850=CARTESIAN_POINT('',(-7.79999999995037,-15.4999998603075,-1.));
#5851=CARTESIAN_POINT('Origin',(-71.4999999999511,-12.5000000000122,-4.));
#5852=CARTESIAN_POINT('',(-63.4999999999511,-12.5000000000122,-1.));
#5853=CARTESIAN_POINT('',(-63.4999999999511,-12.5000000000122,-4.));
#5854=CARTESIAN_POINT('Origin',(-71.4999999999511,-12.5000000000122,-1.));
#5855=CARTESIAN_POINT('Origin',(-71.4999999999511,-12.5000000000122,-1.));
#5856=CARTESIAN_POINT('',(-75.1999999999511,-12.5000000000122,-1.));
#5857=CARTESIAN_POINT('Origin',(-71.4999999999511,-12.5000000000122,-1.));
#5858=CARTESIAN_POINT('Origin',(65.5000000000497,-19.0000000000095,3.));
#5859=CARTESIAN_POINT('',(65.5000000000497,-19.0000000000095,3.));
#5860=CARTESIAN_POINT('',(65.5000000000497,-19.0000000000095,3.));
#5861=CARTESIAN_POINT('',(77.5000000000496,-19.0000000000117,3.));
#5862=CARTESIAN_POINT('',(65.5000000000497,-19.0000000000095,3.));
#5863=CARTESIAN_POINT('',(77.5000000000496,-19.0000000000117,3.));
#5864=CARTESIAN_POINT('Origin',(-64.9999999999504,6.49999999998825,3.));
#5865=CARTESIAN_POINT('',(-64.9999999999504,6.49999999998825,3.));
#5866=CARTESIAN_POINT('',(-64.9999999999504,6.49999999998825,3.));
#5867=CARTESIAN_POINT('',(-64.9999999999504,18.4999999999883,3.));
#5868=CARTESIAN_POINT('',(-64.9999999999504,6.49999999998825,3.));
#5869=CARTESIAN_POINT('',(-64.9999999999504,18.4999999999883,3.));
#5870=CARTESIAN_POINT('Origin',(-36.3999999999504,6.49999999998825,3.));
#5871=CARTESIAN_POINT('',(-36.3999999999504,6.49999999998825,3.));
#5872=CARTESIAN_POINT('',(-36.3999999999504,6.49999999998825,3.));
#5873=CARTESIAN_POINT('',(-36.3999999999504,18.4999999999883,3.));
#5874=CARTESIAN_POINT('',(-36.3999999999504,6.49999999998825,3.));
#5875=CARTESIAN_POINT('',(-36.3999999999504,18.4999999999883,3.));
#5876=CARTESIAN_POINT('Origin',(-7.79999999995036,6.49999999998825,3.));
#5877=CARTESIAN_POINT('',(-7.79999999995036,6.49999999998825,3.));
#5878=CARTESIAN_POINT('',(-7.79999999995036,6.49999999998825,3.));
#5879=CARTESIAN_POINT('',(-7.79999999995037,18.4999999999883,3.));
#5880=CARTESIAN_POINT('',(-7.79999999995036,6.49999999998825,3.));
#5881=CARTESIAN_POINT('',(-7.79999999995037,18.4999999999883,3.));
#5882=CARTESIAN_POINT('Origin',(20.8000000000497,6.49999999998825,3.));
#5883=CARTESIAN_POINT('',(20.8000000000496,6.49999999998825,3.));
#5884=CARTESIAN_POINT('',(20.8000000000496,6.49999999998825,3.));
#5885=CARTESIAN_POINT('',(20.8000000000496,18.4999999999883,3.));
#5886=CARTESIAN_POINT('',(20.8000000000497,6.49999999998825,3.));
#5887=CARTESIAN_POINT('',(20.8000000000496,18.4999999999883,3.));
#5888=CARTESIAN_POINT('Origin',(36.9000000000498,5.9999999999905,3.));
#5889=CARTESIAN_POINT('',(36.9000000000498,5.9999999999905,3.));
#5890=CARTESIAN_POINT('',(36.9000000000498,5.9999999999905,3.));
#5891=CARTESIAN_POINT('',(48.9000000000496,5.99999999998826,3.));
#5892=CARTESIAN_POINT('',(36.9000000000498,5.9999999999905,3.));
#5893=CARTESIAN_POINT('',(48.9000000000496,5.99999999998826,3.));
#5894=CARTESIAN_POINT('Origin',(78.0000000000497,6.49999999998825,3.));
#5895=CARTESIAN_POINT('',(78.0000000000496,6.49999999998825,3.));
#5896=CARTESIAN_POINT('',(78.0000000000496,6.49999999998825,3.));
#5897=CARTESIAN_POINT('',(78.0000000000496,18.4999999999883,3.));
#5898=CARTESIAN_POINT('',(78.0000000000497,6.49999999998825,3.));
#5899=CARTESIAN_POINT('',(78.0000000000496,18.4999999999883,3.));
#5900=CARTESIAN_POINT('Origin',(49.4000000000497,6.49999999998825,3.));
#5901=CARTESIAN_POINT('',(49.4000000000496,6.49999999998825,3.));
#5902=CARTESIAN_POINT('',(49.4000000000496,6.49999999998825,3.));
#5903=CARTESIAN_POINT('',(49.4000000000496,18.4999999999883,3.));
#5904=CARTESIAN_POINT('',(49.4000000000497,6.49999999998825,3.));
#5905=CARTESIAN_POINT('',(49.4000000000496,18.4999999999883,3.));
#5906=CARTESIAN_POINT('Origin',(-65.4999999999504,18.9999999999883,3.));
#5907=CARTESIAN_POINT('',(-65.4999999999504,18.9999999999883,3.));
#5908=CARTESIAN_POINT('',(-65.4999999999504,18.9999999999883,3.));
#5909=CARTESIAN_POINT('',(-77.4999999999497,18.9999999999883,3.));
#5910=CARTESIAN_POINT('',(-65.4999999999504,18.9999999999883,3.));
#5911=CARTESIAN_POINT('',(-77.4999999999497,18.9999999999883,3.));
#5912=CARTESIAN_POINT('Origin',(78.0000000000496,-18.5000000000118,3.));
#5913=CARTESIAN_POINT('',(78.0000000000496,-18.5000000000118,3.));
#5914=CARTESIAN_POINT('',(78.0000000000496,-18.5000000000118,3.));
#5915=CARTESIAN_POINT('',(78.0000000000496,-6.50000000001174,3.));
#5916=CARTESIAN_POINT('',(78.0000000000496,-18.5000000000118,3.));
#5917=CARTESIAN_POINT('',(78.0000000000496,-6.50000000001174,3.));
#5918=CARTESIAN_POINT('Origin',(-8.29999999995035,-6.00000000001174,3.));
#5919=CARTESIAN_POINT('',(-8.29999999995035,-6.00000000001174,3.));
#5920=CARTESIAN_POINT('',(-8.29999999995035,-6.00000000001174,3.));
#5921=CARTESIAN_POINT('',(-20.2999999999497,-6.00000000001172,3.));
#5922=CARTESIAN_POINT('',(-8.29999999995035,-6.00000000001174,3.));
#5923=CARTESIAN_POINT('',(-20.2999999999497,-6.00000000001172,3.));
#5924=CARTESIAN_POINT('Origin',(-20.2999999999503,-19.0000000000095,3.));
#5925=CARTESIAN_POINT('',(-20.2999999999503,-19.0000000000095,3.));
#5926=CARTESIAN_POINT('',(-20.2999999999503,-19.0000000000095,3.));
#5927=CARTESIAN_POINT('',(-8.29999999995037,-19.0000000000117,3.));
#5928=CARTESIAN_POINT('',(-20.2999999999503,-19.0000000000095,3.));
#5929=CARTESIAN_POINT('',(-8.29999999995037,-19.0000000000117,3.));
#5930=CARTESIAN_POINT('Origin',(77.5000000000497,-6.00000000001174,3.));
#5931=CARTESIAN_POINT('',(77.5000000000497,-6.00000000001175,3.));
#5932=CARTESIAN_POINT('',(77.5000000000497,-6.00000000001175,3.));
#5933=CARTESIAN_POINT('',(65.5000000000503,-6.00000000001172,3.));
#5934=CARTESIAN_POINT('',(77.5000000000497,-6.00000000001174,3.));
#5935=CARTESIAN_POINT('',(65.5000000000503,-6.00000000001172,3.));
#5936=CARTESIAN_POINT('Origin',(-77.4999999999502,5.9999999999905,3.));
#5937=CARTESIAN_POINT('',(-77.4999999999502,5.9999999999905,3.));
#5938=CARTESIAN_POINT('',(-77.4999999999502,5.9999999999905,3.));
#5939=CARTESIAN_POINT('',(-65.4999999999504,5.99999999998826,3.));
#5940=CARTESIAN_POINT('',(-77.4999999999502,5.9999999999905,3.));
#5941=CARTESIAN_POINT('',(-65.4999999999504,5.99999999998826,3.));
#5942=CARTESIAN_POINT('Origin',(-36.8999999999504,18.9999999999883,3.));
#5943=CARTESIAN_POINT('',(-36.8999999999504,18.9999999999883,3.));
#5944=CARTESIAN_POINT('',(-36.8999999999504,18.9999999999883,3.));
#5945=CARTESIAN_POINT('',(-48.8999999999497,18.9999999999883,3.));
#5946=CARTESIAN_POINT('',(-36.8999999999504,18.9999999999883,3.));
#5947=CARTESIAN_POINT('',(-48.8999999999497,18.9999999999883,3.));
#5948=CARTESIAN_POINT('Origin',(-20.2999999999502,5.9999999999905,3.));
#5949=CARTESIAN_POINT('',(-20.2999999999502,5.9999999999905,3.));
#5950=CARTESIAN_POINT('',(-20.2999999999502,5.9999999999905,3.));
#5951=CARTESIAN_POINT('',(-8.29999999995037,5.99999999998826,3.));
#5952=CARTESIAN_POINT('',(-20.2999999999502,5.9999999999905,3.));
#5953=CARTESIAN_POINT('',(-8.29999999995037,5.99999999998826,3.));
#5954=CARTESIAN_POINT('Origin',(20.3000000000497,18.9999999999883,3.));
#5955=CARTESIAN_POINT('',(20.3000000000497,18.9999999999883,3.));
#5956=CARTESIAN_POINT('',(20.3000000000497,18.9999999999883,3.));
#5957=CARTESIAN_POINT('',(8.30000000005034,18.9999999999883,3.));
#5958=CARTESIAN_POINT('',(20.3000000000497,18.9999999999883,3.));
#5959=CARTESIAN_POINT('',(8.30000000005034,18.9999999999883,3.));
#5960=CARTESIAN_POINT('Origin',(48.9000000000497,18.9999999999883,3.));
#5961=CARTESIAN_POINT('',(48.9000000000497,18.9999999999883,3.));
#5962=CARTESIAN_POINT('',(48.9000000000497,18.9999999999883,3.));
#5963=CARTESIAN_POINT('',(36.9000000000503,18.9999999999883,3.));
#5964=CARTESIAN_POINT('',(48.9000000000497,18.9999999999883,3.));
#5965=CARTESIAN_POINT('',(36.9000000000503,18.9999999999883,3.));
#5966=CARTESIAN_POINT('Origin',(77.5000000000497,18.9999999999883,3.));
#5967=CARTESIAN_POINT('',(77.5000000000497,18.9999999999883,3.));
#5968=CARTESIAN_POINT('',(77.5000000000497,18.9999999999883,3.));
#5969=CARTESIAN_POINT('',(65.5000000000503,18.9999999999883,3.));
#5970=CARTESIAN_POINT('',(77.5000000000497,18.9999999999883,3.));
#5971=CARTESIAN_POINT('',(65.5000000000503,18.9999999999883,3.));
#5972=CARTESIAN_POINT('Origin',(65.5000000000498,5.9999999999905,3.));
#5973=CARTESIAN_POINT('',(65.5000000000498,5.9999999999905,3.));
#5974=CARTESIAN_POINT('',(65.5000000000498,5.9999999999905,3.));
#5975=CARTESIAN_POINT('',(77.5000000000496,5.99999999998826,3.));
#5976=CARTESIAN_POINT('',(65.5000000000498,5.9999999999905,3.));
#5977=CARTESIAN_POINT('',(77.5000000000496,5.99999999998826,3.));
#5978=CARTESIAN_POINT('Origin',(8.30000000004977,5.9999999999905,3.));
#5979=CARTESIAN_POINT('',(8.30000000004977,5.9999999999905,3.));
#5980=CARTESIAN_POINT('',(8.30000000004977,5.9999999999905,3.));
#5981=CARTESIAN_POINT('',(20.3000000000496,5.99999999998826,3.));
#5982=CARTESIAN_POINT('',(8.30000000004977,5.9999999999905,3.));
#5983=CARTESIAN_POINT('',(20.3000000000496,5.99999999998826,3.));
#5984=CARTESIAN_POINT('Origin',(-8.29999999995035,18.9999999999883,3.));
#5985=CARTESIAN_POINT('',(-8.29999999995035,18.9999999999883,3.));
#5986=CARTESIAN_POINT('',(-8.29999999995035,18.9999999999883,3.));
#5987=CARTESIAN_POINT('',(-20.2999999999497,18.9999999999883,3.));
#5988=CARTESIAN_POINT('',(-8.29999999995035,18.9999999999883,3.));
#5989=CARTESIAN_POINT('',(-20.2999999999497,18.9999999999883,3.));
#5990=CARTESIAN_POINT('Origin',(-48.8999999999503,5.9999999999905,3.));
#5991=CARTESIAN_POINT('',(-48.8999999999503,5.9999999999905,3.));
#5992=CARTESIAN_POINT('',(-48.8999999999503,5.9999999999905,3.));
#5993=CARTESIAN_POINT('',(-36.8999999999504,5.99999999998826,3.));
#5994=CARTESIAN_POINT('',(-48.8999999999503,5.9999999999905,3.));
#5995=CARTESIAN_POINT('',(-36.8999999999504,5.99999999998826,3.));
#5996=CARTESIAN_POINT('Origin',(-7.79999999995036,-18.5000000000117,3.));
#5997=CARTESIAN_POINT('',(-7.79999999995037,-18.5000000000118,3.));
#5998=CARTESIAN_POINT('',(-7.79999999995037,-18.5000000000118,3.));
#5999=CARTESIAN_POINT('',(-7.79999999995037,-6.50000000001173,3.));
#6000=CARTESIAN_POINT('',(-7.79999999995036,-18.5000000000117,3.));
#6001=CARTESIAN_POINT('',(-7.79999999995037,-6.50000000001173,3.));
#6002=CARTESIAN_POINT('Origin',(-91.0000014901161,-16.000000372529,3.));
#6003=CARTESIAN_POINT('',(-85.0000014901161,-16.000000372529,3.));
#6004=CARTESIAN_POINT('',(-91.0000014901161,-10.000000372529,3.));
#6005=CARTESIAN_POINT('Origin',(-91.0000014901161,-16.000000372529,3.));
#6006=CARTESIAN_POINT('',(-91.0000014901161,-10.000000372529,3.));
#6007=CARTESIAN_POINT('',(-85.0000014901161,-16.000000372529,3.));
#6008=CARTESIAN_POINT('Origin',(-100.000001490116,-10.000000372529,3.));
#6009=CARTESIAN_POINT('',(-100.000001490116,-10.000000372529,3.));
#6010=CARTESIAN_POINT('',(-50.0000007450336,-10.000000372529,3.));
#6011=CARTESIAN_POINT('',(-99.9999999999511,-10.000000372529,3.));
#6012=CARTESIAN_POINT('Origin',(-91.0000013113022,16.000000372529,3.));
#6013=CARTESIAN_POINT('',(-91.0000013113022,10.000000372529,3.));
#6014=CARTESIAN_POINT('',(-85.0000013113022,16.000000372529,3.));
#6015=CARTESIAN_POINT('Origin',(-91.0000013113022,16.000000372529,3.));
#6016=CARTESIAN_POINT('',(-85.0000013113022,16.000000372529,3.));
#6017=CARTESIAN_POINT('',(-91.0000013113022,10.000000372529,3.));
#6018=CARTESIAN_POINT('Origin',(-85.0000013113022,25.000000372529,3.));
#6019=CARTESIAN_POINT('',(-85.0000013113022,25.000000372529,3.));
#6020=CARTESIAN_POINT('',(-85.0000013113022,12.5000001862584,3.));
#6021=CARTESIAN_POINT('',(-85.0000013113022,24.9999999999878,3.));
#6022=CARTESIAN_POINT('Origin',(90.9999977648258,-15.9999994412065,3.));
#6023=CARTESIAN_POINT('',(90.9999977648258,-9.99999944120645,3.));
#6024=CARTESIAN_POINT('',(84.9999977648258,-15.9999994412065,3.));
#6025=CARTESIAN_POINT('Origin',(90.9999977648258,-15.9999994412065,3.));
#6026=CARTESIAN_POINT('',(84.9999977648258,-15.9999994412065,3.));
#6027=CARTESIAN_POINT('',(90.9999977648258,-9.99999944120645,3.));
#6028=CARTESIAN_POINT('Origin',(84.9999977648258,-24.9999994412065,3.));
#6029=CARTESIAN_POINT('',(84.9999977648258,-24.9999994412065,3.));
#6030=CARTESIAN_POINT('',(84.9999977648258,-12.4999997206093,3.));
#6031=CARTESIAN_POINT('',(84.9999977648258,-25.0000000000111,3.));
#6032=CARTESIAN_POINT('Origin',(91.0000014901161,16.000000372529,3.));
#6033=CARTESIAN_POINT('',(85.0000014901161,16.000000372529,3.));
#6034=CARTESIAN_POINT('',(91.0000014901161,10.000000372529,3.));
#6035=CARTESIAN_POINT('Origin',(91.0000014901161,16.000000372529,3.));
#6036=CARTESIAN_POINT('',(91.0000014901161,10.000000372529,3.));
#6037=CARTESIAN_POINT('',(85.0000014901161,16.000000372529,3.));
#6038=CARTESIAN_POINT('Origin',(100.000001490116,10.000000372529,3.));
#6039=CARTESIAN_POINT('',(100.000001490116,10.000000372529,3.));
#6040=CARTESIAN_POINT('',(50.0000007450825,10.000000372529,3.));
#6041=CARTESIAN_POINT('',(100.000000000049,10.000000372529,3.));
#6042=CARTESIAN_POINT('Origin',(85.0000014901161,10.000000372529,3.));
#6043=CARTESIAN_POINT('',(85.0000014901161,25.000000372529,3.));
#6044=CARTESIAN_POINT('',(85.0000014901161,24.9999999999878,3.));
#6045=CARTESIAN_POINT('',(85.0000014901161,5.0000001862584,3.));
#6046=CARTESIAN_POINT('Origin',(84.9999977648258,-9.99999944120645,3.));
#6047=CARTESIAN_POINT('',(99.9999977648258,-9.99999944120645,3.));
#6048=CARTESIAN_POINT('',(100.000000000049,-9.99999944120645,3.));
#6049=CARTESIAN_POINT('',(42.4999988824374,-9.99999944120645,3.));
#6050=CARTESIAN_POINT('Origin',(-85.0000013113022,10.000000372529,3.));
#6051=CARTESIAN_POINT('',(-100.000001311302,10.000000372529,3.));
#6052=CARTESIAN_POINT('',(-99.9999999999511,10.000000372529,3.));
#6053=CARTESIAN_POINT('',(-42.5000006556266,10.000000372529,3.));
#6054=CARTESIAN_POINT('Origin',(-85.0000014901161,-10.000000372529,3.));
#6055=CARTESIAN_POINT('',(-85.0000014901161,-25.000000372529,3.));
#6056=CARTESIAN_POINT('',(-85.0000014901161,-24.999999999997,3.));
#6057=CARTESIAN_POINT('',(-85.0000014901161,-5.00000018627063,3.));
#6058=CARTESIAN_POINT('Origin',(100.000000000049,23.9999999999878,3.));
#6059=CARTESIAN_POINT('',(100.000000000049,-24.0000000000123,3.));
#6060=CARTESIAN_POINT('Origin',(-98.9999999999512,24.9999999999878,3.));
#6061=CARTESIAN_POINT('',(99.0000000000489,24.9999999999878,3.));
#6062=CARTESIAN_POINT('Origin',(99.0000000000489,-25.0000000000122,3.));
#6063=CARTESIAN_POINT('',(-98.9999999999511,-24.9999999999959,3.));
#6064=CARTESIAN_POINT('Origin',(4.88853402202949E-11,-1.22257759471722E-11,
3.));
#6065=CARTESIAN_POINT('',(-99.9999999999511,23.9999999999878,3.));
#6066=CARTESIAN_POINT('',(7.80000000004978,6.49999999999209,3.));
#6067=CARTESIAN_POINT('Origin',(8.30000000004978,6.4999999999905,3.));
#6068=CARTESIAN_POINT('',(7.80000000005036,18.4999999999883,3.));
#6069=CARTESIAN_POINT('',(7.80000000005036,18.4999999999883,3.));
#6070=CARTESIAN_POINT('Origin',(8.30000000005035,18.4999999999883,3.));
#6071=CARTESIAN_POINT('Origin',(20.3000000000496,18.4999999999883,3.));
#6072=CARTESIAN_POINT('Origin',(20.3000000000496,6.49999999998826,3.));
#6073=CARTESIAN_POINT('',(-49.3999999999502,6.49999999999209,3.));
#6074=CARTESIAN_POINT('Origin',(-48.8999999999502,6.4999999999905,3.));
#6075=CARTESIAN_POINT('',(-49.3999999999497,18.4999999999883,3.));
#6076=CARTESIAN_POINT('',(-49.3999999999497,18.4999999999883,3.));
#6077=CARTESIAN_POINT('Origin',(-48.8999999999497,18.4999999999883,3.));
#6078=CARTESIAN_POINT('Origin',(-36.8999999999504,18.4999999999883,3.));
#6079=CARTESIAN_POINT('Origin',(-36.8999999999504,6.49999999998826,3.));
#6080=CARTESIAN_POINT('',(10.6000000000489,-12.5000000000122,3.));
#6081=CARTESIAN_POINT('Origin',(14.3000000000489,-12.5000000000122,3.));
#6082=CARTESIAN_POINT('',(39.2000000000489,-12.5000000000122,3.));
#6083=CARTESIAN_POINT('Origin',(42.9000000000489,-12.5000000000122,3.));
#6084=CARTESIAN_POINT('',(65.0000000000498,6.49999999999209,3.));
#6085=CARTESIAN_POINT('Origin',(65.5000000000498,6.4999999999905,3.));
#6086=CARTESIAN_POINT('',(65.0000000000503,18.4999999999883,3.));
#6087=CARTESIAN_POINT('',(65.0000000000503,18.4999999999883,3.));
#6088=CARTESIAN_POINT('Origin',(65.5000000000503,18.4999999999883,3.));
#6089=CARTESIAN_POINT('Origin',(77.5000000000496,18.4999999999883,3.));
#6090=CARTESIAN_POINT('Origin',(77.5000000000496,6.49999999998826,3.));
#6091=CARTESIAN_POINT('',(36.4000000000498,6.49999999999209,3.));
#6092=CARTESIAN_POINT('Origin',(36.9000000000498,6.4999999999905,3.));
#6093=CARTESIAN_POINT('',(36.4000000000504,18.4999999999883,3.));
#6094=CARTESIAN_POINT('',(36.4000000000504,18.4999999999883,3.));
#6095=CARTESIAN_POINT('Origin',(36.9000000000503,18.4999999999883,3.));
#6096=CARTESIAN_POINT('Origin',(48.9000000000496,18.4999999999883,3.));
#6097=CARTESIAN_POINT('Origin',(48.9000000000496,6.49999999998826,3.));
#6098=CARTESIAN_POINT('',(65.0000000000498,-18.5000000000079,3.));
#6099=CARTESIAN_POINT('',(65.0000000000503,-6.50000000001173,3.));
#6100=CARTESIAN_POINT('',(65.0000000000503,-6.50000000001173,3.));
#6101=CARTESIAN_POINT('Origin',(65.5000000000503,-6.50000000001172,3.));
#6102=CARTESIAN_POINT('Origin',(77.5000000000496,-6.50000000001174,3.));
#6103=CARTESIAN_POINT('Origin',(77.5000000000496,-18.5000000000117,3.));
#6104=CARTESIAN_POINT('Origin',(65.5000000000498,-18.5000000000095,3.));
#6105=CARTESIAN_POINT('',(-75.1999999999511,-12.5000000000122,3.));
#6106=CARTESIAN_POINT('Origin',(-71.4999999999511,-12.5000000000122,3.));
#6107=CARTESIAN_POINT('',(-20.7999999999502,6.49999999999209,3.));
#6108=CARTESIAN_POINT('Origin',(-20.2999999999502,6.4999999999905,3.));
#6109=CARTESIAN_POINT('',(-20.7999999999497,18.4999999999883,3.));
#6110=CARTESIAN_POINT('',(-20.7999999999497,18.4999999999883,3.));
#6111=CARTESIAN_POINT('Origin',(-20.2999999999497,18.4999999999883,3.));
#6112=CARTESIAN_POINT('Origin',(-8.29999999995037,18.4999999999883,3.));
#6113=CARTESIAN_POINT('Origin',(-8.29999999995036,6.49999999998826,3.));
#6114=CARTESIAN_POINT('',(-46.5999999999511,-12.5000000000122,3.));
#6115=CARTESIAN_POINT('Origin',(-42.8999999999511,-12.5000000000122,3.));
#6116=CARTESIAN_POINT('',(-77.9999999999502,6.49999999999209,3.));
#6117=CARTESIAN_POINT('Origin',(-77.4999999999502,6.4999999999905,3.));
#6118=CARTESIAN_POINT('',(-77.9999999999497,18.4999999999883,3.));
#6119=CARTESIAN_POINT('',(-77.9999999999497,18.4999999999883,3.));
#6120=CARTESIAN_POINT('Origin',(-77.4999999999497,18.4999999999883,3.));
#6121=CARTESIAN_POINT('Origin',(-65.4999999999504,18.4999999999883,3.));
#6122=CARTESIAN_POINT('Origin',(-65.4999999999504,6.49999999998826,3.));
#6123=CARTESIAN_POINT('Origin',(-8.29999999995036,-18.5000000000117,3.));
#6124=CARTESIAN_POINT('',(-20.7999999999503,-18.5000000000079,3.));
#6125=CARTESIAN_POINT('Origin',(-20.2999999999502,-18.5000000000095,3.));
#6126=CARTESIAN_POINT('',(-20.7999999999497,-6.50000000001172,3.));
#6127=CARTESIAN_POINT('',(-20.7999999999497,-6.50000000001172,3.));
#6128=CARTESIAN_POINT('Origin',(-20.2999999999497,-6.50000000001172,3.));
#6129=CARTESIAN_POINT('Origin',(-8.29999999995037,-6.50000000001174,3.));
#6130=CARTESIAN_POINT('Origin',(7.80000000005036,18.4999999999883,3.));
#6131=CARTESIAN_POINT('',(7.80000000005036,18.4999999999883,3.));
#6132=CARTESIAN_POINT('',(7.80000000004978,6.49999999999209,3.));
#6133=CARTESIAN_POINT('Origin',(8.30000000005035,18.4999999999883,3.));
#6134=CARTESIAN_POINT('Origin',(20.3000000000496,18.4999999999883,3.));
#6135=CARTESIAN_POINT('Origin',(20.3000000000496,6.49999999998826,3.));
#6136=CARTESIAN_POINT('Origin',(8.30000000004978,6.4999999999905,3.));
#6137=CARTESIAN_POINT('Origin',(-49.3999999999497,18.4999999999883,3.));
#6138=CARTESIAN_POINT('',(-49.3999999999497,18.4999999999883,3.));
#6139=CARTESIAN_POINT('',(-49.3999999999502,6.49999999999209,3.));
#6140=CARTESIAN_POINT('Origin',(-48.8999999999497,18.4999999999883,3.));
#6141=CARTESIAN_POINT('Origin',(-36.8999999999504,18.4999999999883,3.));
#6142=CARTESIAN_POINT('Origin',(-36.8999999999504,6.49999999998826,3.));
#6143=CARTESIAN_POINT('Origin',(-48.8999999999502,6.4999999999905,3.));
#6144=CARTESIAN_POINT('Origin',(14.3000000000489,-12.5000000000122,3.));
#6145=CARTESIAN_POINT('',(10.6000000000489,-12.5000000000122,3.));
#6146=CARTESIAN_POINT('Origin',(42.9000000000489,-12.5000000000122,3.));
#6147=CARTESIAN_POINT('',(39.2000000000489,-12.5000000000122,3.));
#6148=CARTESIAN_POINT('Origin',(65.0000000000503,18.4999999999883,3.));
#6149=CARTESIAN_POINT('',(65.0000000000503,18.4999999999883,3.));
#6150=CARTESIAN_POINT('',(65.0000000000498,6.49999999999209,3.));
#6151=CARTESIAN_POINT('Origin',(65.5000000000503,18.4999999999883,3.));
#6152=CARTESIAN_POINT('Origin',(77.5000000000496,18.4999999999883,3.));
#6153=CARTESIAN_POINT('Origin',(77.5000000000496,6.49999999998826,3.));
#6154=CARTESIAN_POINT('Origin',(65.5000000000498,6.4999999999905,3.));
#6155=CARTESIAN_POINT('Origin',(36.4000000000504,18.4999999999883,3.));
#6156=CARTESIAN_POINT('',(36.4000000000504,18.4999999999883,3.));
#6157=CARTESIAN_POINT('',(36.4000000000498,6.49999999999209,3.));
#6158=CARTESIAN_POINT('Origin',(36.9000000000503,18.4999999999883,3.));
#6159=CARTESIAN_POINT('Origin',(48.9000000000496,18.4999999999883,3.));
#6160=CARTESIAN_POINT('Origin',(48.9000000000496,6.49999999998826,3.));
#6161=CARTESIAN_POINT('Origin',(36.9000000000498,6.4999999999905,3.));
#6162=CARTESIAN_POINT('Origin',(65.5000000000503,-6.50000000001172,3.));
#6163=CARTESIAN_POINT('',(65.0000000000503,-6.50000000001173,3.));
#6164=CARTESIAN_POINT('Origin',(77.5000000000496,-6.50000000001174,3.));
#6165=CARTESIAN_POINT('Origin',(77.5000000000496,-18.5000000000117,3.));
#6166=CARTESIAN_POINT('Origin',(65.5000000000498,-18.5000000000095,3.));
#6167=CARTESIAN_POINT('',(65.0000000000498,-18.5000000000079,3.));
#6168=CARTESIAN_POINT('Origin',(65.0000000000503,-6.50000000001173,3.));
#6169=CARTESIAN_POINT('Origin',(-71.4999999999511,-12.5000000000122,3.));
#6170=CARTESIAN_POINT('',(-75.1999999999511,-12.5000000000122,3.));
#6171=CARTESIAN_POINT('Origin',(-20.7999999999497,18.4999999999883,3.));
#6172=CARTESIAN_POINT('',(-20.7999999999497,18.4999999999883,3.));
#6173=CARTESIAN_POINT('',(-20.7999999999502,6.49999999999209,3.));
#6174=CARTESIAN_POINT('Origin',(-20.2999999999497,18.4999999999883,3.));
#6175=CARTESIAN_POINT('Origin',(-8.29999999995037,18.4999999999883,3.));
#6176=CARTESIAN_POINT('Origin',(-8.29999999995036,6.49999999998826,3.));
#6177=CARTESIAN_POINT('Origin',(-20.2999999999502,6.4999999999905,3.));
#6178=CARTESIAN_POINT('Origin',(-42.8999999999511,-12.5000000000122,3.));
#6179=CARTESIAN_POINT('',(-46.5999999999511,-12.5000000000122,3.));
#6180=CARTESIAN_POINT('Origin',(-77.9999999999497,18.4999999999883,3.));
#6181=CARTESIAN_POINT('',(-77.9999999999497,18.4999999999883,3.));
#6182=CARTESIAN_POINT('',(-77.9999999999502,6.49999999999209,3.));
#6183=CARTESIAN_POINT('Origin',(-77.4999999999497,18.4999999999883,3.));
#6184=CARTESIAN_POINT('Origin',(-65.4999999999504,18.4999999999883,3.));
#6185=CARTESIAN_POINT('Origin',(-65.4999999999504,6.49999999998826,3.));
#6186=CARTESIAN_POINT('Origin',(-77.4999999999502,6.4999999999905,3.));
#6187=CARTESIAN_POINT('Origin',(-20.2999999999502,-18.5000000000095,3.));
#6188=CARTESIAN_POINT('',(-20.7999999999503,-18.5000000000079,3.));
#6189=CARTESIAN_POINT('Origin',(-20.7999999999497,-6.50000000001172,3.));
#6190=CARTESIAN_POINT('',(-20.7999999999497,-6.50000000001172,3.));
#6191=CARTESIAN_POINT('Origin',(-20.2999999999497,-6.50000000001172,3.));
#6192=CARTESIAN_POINT('Origin',(-8.29999999995037,-6.50000000001174,3.));
#6193=CARTESIAN_POINT('Origin',(-8.29999999995036,-18.5000000000117,3.));
#6194=CARTESIAN_POINT('Origin',(-99.9999999999511,-24.0000000000122,3.));
#6195=UNCERTAINTY_MEASURE_WITH_UNIT(LENGTH_MEASURE(0.01),#6199,
'DISTANCE_ACCURACY_VALUE',
'Maximum model space distance between geometric entities at asserted c
onnectivities');
#6196=UNCERTAINTY_MEASURE_WITH_UNIT(LENGTH_MEASURE(0.01),#6199,
'DISTANCE_ACCURACY_VALUE',
'Maximum model space distance between geometric entities at asserted c
onnectivities');
#6197=(
GEOMETRIC_REPRESENTATION_CONTEXT(3)
GLOBAL_UNCERTAINTY_ASSIGNED_CONTEXT((#6195))
GLOBAL_UNIT_ASSIGNED_CONTEXT((#6199,#6201,#6202))
REPRESENTATION_CONTEXT('','3D')
);
#6198=(
GEOMETRIC_REPRESENTATION_CONTEXT(3)
GLOBAL_UNCERTAINTY_ASSIGNED_CONTEXT((#6196))
GLOBAL_UNIT_ASSIGNED_CONTEXT((#6199,#6201,#6202))
REPRESENTATION_CONTEXT('','3D')
);
#6199=(
LENGTH_UNIT()
NAMED_UNIT(*)
SI_UNIT(.MILLI.,.METRE.)
);
#6200=(
LENGTH_UNIT()
NAMED_UNIT(*)
SI_UNIT($,.METRE.)
);
#6201=(
NAMED_UNIT(*)
PLANE_ANGLE_UNIT()
SI_UNIT($,.RADIAN.)
);
#6202=(
NAMED_UNIT(*)
SI_UNIT($,.STERADIAN.)
SOLID_ANGLE_UNIT()
);
#6203=SHAPE_DEFINITION_REPRESENTATION(#6204,#6205);
#6204=PRODUCT_DEFINITION_SHAPE('',$,#6207);
#6205=SHAPE_REPRESENTATION('',(#3657),#6197);
#6206=PRODUCT_DEFINITION_CONTEXT('part definition',#6211,'design');
#6207=PRODUCT_DEFINITION('2026-05-30-19-32-56-796',
'nobs_autopilot_frontpanel',#6208,#6206);
#6208=PRODUCT_DEFINITION_FORMATION('',$,#6213);
#6209=PRODUCT_RELATED_PRODUCT_CATEGORY('nobs_autopilot_frontpanel',
'nobs_autopilot_frontpanel',(#6213));
#6210=APPLICATION_PROTOCOL_DEFINITION('international standard',
'automotive_design',2009,#6211);
#6211=APPLICATION_CONTEXT(
'Core Data for Automotive Mechanical Design Process');
#6212=PRODUCT_CONTEXT('part definition',#6211,'mechanical');
#6213=PRODUCT('2026-05-30-19-32-56-796','nobs_autopilot_frontpanel',$,(#6212));
#6214=PRESENTATION_STYLE_ASSIGNMENT((#6216));
#6215=PRESENTATION_STYLE_ASSIGNMENT((#6217));
#6216=SURFACE_STYLE_USAGE(.BOTH.,#6218);
#6217=SURFACE_STYLE_USAGE(.BOTH.,#6219);
#6218=SURFACE_SIDE_STYLE('',(#6220));
#6219=SURFACE_SIDE_STYLE('',(#6221));
#6220=SURFACE_STYLE_FILL_AREA(#6222);
#6221=SURFACE_STYLE_FILL_AREA(#6223);
#6222=FILL_AREA_STYLE('Steel - Satin',(#6224));
#6223=FILL_AREA_STYLE('Aluminum - Anodized Rough (Grey)',(#6225));
#6224=FILL_AREA_STYLE_COLOUR('Steel - Satin',#6226);
#6225=FILL_AREA_STYLE_COLOUR('Aluminum - Anodized Rough (Grey)',#6227);
#6226=COLOUR_RGB('Steel - Satin',0.627450980392157,0.627450980392157,0.627450980392157);
#6227=COLOUR_RGB('Aluminum - Anodized Rough (Grey)',0.537254901960784,0.537254901960784,
0.537254901960784);
ENDSEC;
END-ISO-10303-21;
